{"type":"FeatureCollection","crs":{"type":"name","properties":{"name":"EPSG:4326"}},"features":[{"type":"Feature","id":29,"geometry":{"type":"Polygon","coordinates":[[[-80.1894226651973,25.7810254549305],[-80.1904902151019,25.7809976531211],[-80.1906424309451,25.7848314258599],[-80.1906726112633,25.7855914792545],[-80.1893761989995,25.7856252412392],[-80.189531132572,25.7854041893495],[-80.1896326317619,25.7848009445084],[-80.1896295081038,25.783893852208],[-80.1895783619809,25.7830926834711],[-80.1895733920292,25.7821274862225],[-80.1895375582083,25.7818654815099],[-80.1894226651973,25.7810254549305]]]},"properties":{"FID":29,"M21_ZONE":"T6-80-O","Map_Code":"T6-80","Transect":"T6","Transect_D":"Urban Core Zone","Bldg_Heigh":"80","Intensity":"O","FLR":" ","Enact":"13114","Shape_STAr":557441.821541,"Shape_STLe":4141.85796695,"Shape__Area":64137.669921875,"Shape__Length":1407.2408202438653}},{"type":"Feature","id":39,"geometry":{"type":"Polygon","coordinates":[[[-80.1972115148327,25.7871228976619],[-80.1972022384836,25.78690047978],[-80.1986506129262,25.7868572755871],[-80.19857734017,25.7849877811668],[-80.1985780611361,25.7849877625724],[-80.1986557540759,25.7849857398656],[-80.1986495827028,25.7849237055854],[-80.1986403515615,25.7847995016155],[-80.1985673903117,25.7848021551585],[-80.1985592825519,25.7846673214526],[-80.1985283128058,25.7841181160572],[-80.1984460536486,25.784121101949],[-80.1984391274055,25.7839929570521],[-80.1984238822362,25.7837182608711],[-80.1984238097406,25.7836410911508],[-80.1985091138317,25.7836392295917],[-80.1985052108515,25.7835706554601],[-80.1985032299149,25.7834982511426],[-80.1985014223663,25.7834280854482],[-80.1984995847949,25.7833623868009],[-80.1984977784191,25.7832920469003],[-80.1984957883969,25.7832208466647],[-80.1984939476636,25.7831553222096],[-80.1984921317278,25.7830867018021],[-80.1984901577327,25.7830132657896],[-80.1984881818885,25.7829396600681],[-80.1984864944469,25.7828798096086],[-80.1984845067485,25.7828082645698],[-80.1984828305421,25.7827470394356],[-80.198482383411,25.7826819902267],[-80.1989459903767,25.7826672253837],[-80.1996780236415,25.7826439083956],[-80.199705015365,25.7831132064472],[-80.1996360777182,25.7831139780884],[-80.1993211493197,25.783117920159],[-80.199282010074,25.7831185261595],[-80.199282152481,25.783127162594],[-80.1992832735265,25.7831864936166],[-80.1992844789335,25.783261472537],[-80.1992856995014,25.7833340450759],[-80.1992869530912,25.7834021451663],[-80.1989624988272,25.783410504841],[-80.1988873573487,25.7834125119932],[-80.1988940379007,25.7836222668006],[-80.1989688292639,25.7836204526919],[-80.1990511019834,25.7836186607778],[-80.1993447332819,25.783612261539],[-80.1997330081025,25.783599906744],[-80.1997718550428,25.7845709951552],[-80.1997780721927,25.7847264277178],[-80.1998011432609,25.7848853668048],[-80.1997041155343,25.7848904764334],[-80.1997059235588,25.7849588936827],[-80.1993861640765,25.7849654585041],[-80.1993861291763,25.7849654592147],[-80.1993878500424,25.7850080737459],[-80.1994082200246,25.7854253489546],[-80.1994280971854,25.7858311000094],[-80.1994300548986,25.7858880390811],[-80.199129408183,25.7858958855274],[-80.1991317438986,25.785952932291],[-80.199148906889,25.786366752525],[-80.1993033501615,25.7863624422445],[-80.199457037686,25.7863581312514],[-80.1994752989105,25.7867497721731],[-80.199500974064,25.7868864455002],[-80.1995122901885,25.7871101192921],[-80.1995740939034,25.7871086775463],[-80.199576715663,25.7871755746787],[-80.1995796137527,25.7872531426462],[-80.1995820418385,25.7873159190201],[-80.1995844458302,25.7873821361602],[-80.1995872064507,25.7874519640539],[-80.1995897985698,25.7875185252346],[-80.199592357218,25.7875900724653],[-80.1995952500627,25.7876635225136],[-80.1995976868764,25.7877299014054],[-80.1996001058939,25.7877938818595],[-80.199601196369,25.7878246672973],[-80.1993707826167,25.7878275361374],[-80.1993757002343,25.7879489550831],[-80.1993796958071,25.788037529671],[-80.1990865144586,25.7879149174132],[-80.1989648138224,25.7878683394551],[-80.198688586965,25.7877578890922],[-80.1986335078269,25.7877295295308],[-80.1978729770475,25.7874227734255],[-80.1972115148327,25.7871228976619]]]},"properties":{"FID":39,"M21_ZONE":"T6-8-L","Map_Code":"T6-8","Transect":"T6","Transect_D":"Urban Core Zone","Bldg_Heigh":"8","Intensity":"L","FLR":" ","Enact":"13114","Shape_STAr":678693.805481,"Shape_STLe":6305.17493363,"Shape__Area":78091.572265625,"Shape__Length":2139.7727460699939}},{"type":"Feature","id":52,"geometry":{"type":"Polygon","coordinates":[[[-80.190778231817,25.7952764922098],[-80.1929997557635,25.7951971948817],[-80.1939930054593,25.7951669725048],[-80.193881729287,25.7956606916033],[-80.1931386718312,25.7956809867371],[-80.1931424243218,25.7957492693643],[-80.1931404882338,25.7960116889117],[-80.1931423392645,25.7960867443817],[-80.191624631851,25.7961269833008],[-80.1916267194751,25.7962092071049],[-80.1916424075436,25.7966482362571],[-80.1916149768573,25.7966495857877],[-80.1916353177376,25.7970391757202],[-80.1916449943468,25.7971810922246],[-80.1916560624354,25.7975656443642],[-80.1916568012318,25.7975841771055],[-80.1917201107733,25.7975824845008],[-80.1917211492065,25.7976031500568],[-80.1917428886179,25.7980108015483],[-80.1917465886122,25.7981093523447],[-80.1917629877392,25.79838009946],[-80.1916564534443,25.7983828155184],[-80.1916655297238,25.7984937362808],[-80.1916847222325,25.7989127243581],[-80.1916800070689,25.7990199975817],[-80.1916970147616,25.7994250465487],[-80.1916963080421,25.7994475013746],[-80.191773487873,25.7994454905031],[-80.1917740647165,25.7994636468385],[-80.1917934215764,25.7998305340983],[-80.1917926792172,25.7999679209273],[-80.1918042532903,25.8003342485927],[-80.1918009778802,25.8003686212264],[-80.1918073703792,25.8007426584633],[-80.1918142669521,25.8008738973819],[-80.1918314756152,25.8012495418451],[-80.1918319986083,25.8012672591906],[-80.1918088853827,25.801267892563],[-80.1918094114695,25.8012819190039],[-80.1918202378034,25.8016461790005],[-80.1918230049669,25.8017423163044],[-80.1918382359183,25.8021853557601],[-80.191760144482,25.8021880168868],[-80.1917796889386,25.8025832788506],[-80.1917737331031,25.8027331888497],[-80.1917906816458,25.8031188042169],[-80.1917974462084,25.8032750962138],[-80.1917985308906,25.8033001208907],[-80.1917990585431,25.8033122996196],[-80.1917981677507,25.8033876114758],[-80.1918061651042,25.8035807599511],[-80.191857086618,25.8035789795333],[-80.1918838755528,25.8035780966995],[-80.1919623488043,25.8035754376453],[-80.1920406316016,25.8035727774904],[-80.1921096028513,25.8035704094642],[-80.1921743949644,25.803568188787],[-80.1921998557057,25.8035673003209],[-80.1922707274826,25.8035649427768],[-80.1923282192357,25.8035630289948],[-80.1923415982606,25.8035625851926],[-80.192415045721,25.8035599331801],[-80.1924158915388,25.8035599008695],[-80.1924642859014,25.803558313811],[-80.192509943445,25.8035568135365],[-80.1925209287739,25.8035564421757],[-80.1925405336135,25.8035557783835],[-80.1925541853435,25.8035554109958],[-80.1925678370796,25.8035550427042],[-80.1923493012393,25.8045343303272],[-80.1923148712659,25.8045348395258],[-80.1922003151075,25.8045360932608],[-80.1920519444498,25.8045376771271],[-80.1918957841559,25.8045392157428],[-80.191744182597,25.8045409537432],[-80.1916518551583,25.8045418161038],[-80.191066565628,25.8045492807889],[-80.1910173607138,25.8030762026466],[-80.1910089933196,25.8023138776332],[-80.1909511999254,25.8009453481424],[-80.1908983982591,25.7991345989546],[-80.1908682856279,25.7980760952412],[-80.1908433925338,25.7971080006543],[-80.1908053726665,25.7961557736527],[-80.1907872551653,25.7957586868605],[-80.190778231817,25.7952764922098]]]},"properties":{"FID":52,"M21_ZONE":"T6-12-O","Map_Code":"T6-12","Transect":"T6","Transect_D":"Urban Core Zone","Bldg_Heigh":"12","Intensity":"O","FLR":" ","Enact":"13114","Shape_STAr":1189731.35472,"Shape_STLe":9375.03004257,"Shape__Area":136923.869140625,"Shape__Length":3184.266719038983}},{"type":"Feature","id":53,"geometry":{"type":"Polygon","coordinates":[[[-80.1917740647165,25.7994636468385],[-80.191773487873,25.7994454905031],[-80.1916963080421,25.7994475013746],[-80.1916970147616,25.7994250465487],[-80.1916800070689,25.7990199975817],[-80.1916847222325,25.7989127243581],[-80.1916655297238,25.7984937362808],[-80.1916564534443,25.7983828155184],[-80.1917629877392,25.79838009946],[-80.1917465886122,25.7981093523447],[-80.1917428886179,25.7980108015483],[-80.1917211492065,25.7976031500568],[-80.1917201107733,25.7975824845008],[-80.1916568012318,25.7975841771055],[-80.1916560624354,25.7975656443642],[-80.1916449943468,25.7971810922246],[-80.1916403473736,25.7971129436226],[-80.1916353177376,25.7970391757202],[-80.1916149768573,25.7966495857877],[-80.1916424075436,25.7966482362571],[-80.1916267194751,25.7962092071049],[-80.191624631851,25.7961269833008],[-80.1931423392645,25.7960867443817],[-80.1933002678341,25.7960889609197],[-80.1933004218738,25.7960891838254],[-80.1933051010815,25.7960959913705],[-80.1933127820297,25.7961115712454],[-80.1933152164422,25.796116509593],[-80.1933220991234,25.7961382158207],[-80.1933253667888,25.7961605862031],[-80.1933273483093,25.796243780664],[-80.1933281147618,25.7962759435335],[-80.1933336605437,25.7965088717567],[-80.1933487008115,25.7971472198034],[-80.1933203961088,25.7971477506181],[-80.1933359171251,25.7975204630359],[-80.1933377208634,25.7975626013923],[-80.1932489979454,25.7975648595931],[-80.1932522545917,25.7979816966601],[-80.1932523996265,25.79803141527],[-80.193862659,25.7980190897739],[-80.1938141313922,25.7982190567973],[-80.1936618885681,25.798846388343],[-80.1934445523095,25.7997939661945],[-80.1932204444566,25.8007710432785],[-80.1929716294333,25.8018376010672],[-80.1925709787329,25.8035549581511],[-80.1925678370796,25.8035550427042],[-80.1925541853435,25.8035554109958],[-80.1925405336135,25.8035557783835],[-80.1925209287739,25.8035564421757],[-80.192509943445,25.8035568135365],[-80.1924642859014,25.803558313811],[-80.1924158915388,25.8035599008695],[-80.192415045721,25.8035599331801],[-80.1923415982606,25.8035625851926],[-80.1923282192357,25.8035630289948],[-80.1922707274826,25.8035649427768],[-80.1921998557057,25.8035673003209],[-80.1921743949644,25.803568188787],[-80.1921096028513,25.8035704094642],[-80.1920406316016,25.8035727774904],[-80.1919623488043,25.8035754376453],[-80.1918838755528,25.8035780966995],[-80.191857086618,25.8035789795333],[-80.1918061651042,25.8035807599511],[-80.1917981677507,25.8033876114758],[-80.1917990585431,25.8033122996196],[-80.1917985308906,25.8033001208907],[-80.1917974462084,25.8032750962138],[-80.1917906816458,25.8031188042169],[-80.1917737331031,25.8027331888497],[-80.1917796889386,25.8025832788506],[-80.191760144482,25.8021880168868],[-80.1918382359183,25.8021853557601],[-80.1918230049669,25.8017423163044],[-80.1918202378034,25.8016461790005],[-80.1918094114695,25.8012819190039],[-80.1918088853827,25.801267892563],[-80.1918319986083,25.8012672591906],[-80.1918314756152,25.8012495418451],[-80.1918142669521,25.8008738973819],[-80.1918073703792,25.8007426584633],[-80.1918009778802,25.8003686212264],[-80.1918042532903,25.8003342485927],[-80.1917926792172,25.7999679209273],[-80.1917934215764,25.7998305340983],[-80.1917740647165,25.7994636468385]]]},"properties":{"FID":53,"M21_ZONE":"T6-8-O","Map_Code":"T6-8","Transect":"T6","Transect_D":"Urban Core Zone","Bldg_Heigh":"8","Intensity":"O","FLR":" ","Enact":"13114","Shape_STAr":1333641.64335,"Shape_STLe":6639.79743971,"Shape__Area":153486.32421875,"Shape__Length":2256.3454170434534}},{"type":"Feature","id":54,"geometry":{"type":"Polygon","coordinates":[[[-80.193881729287,25.7956606916033],[-80.1944353495063,25.7956516935093],[-80.193862659,25.7980190897739],[-80.1932523996265,25.79803141527],[-80.1932522545917,25.7979816966601],[-80.1932489979454,25.7975648595931],[-80.1933377208634,25.7975626013923],[-80.1933359171251,25.7975204630359],[-80.1933203961088,25.7971477506181],[-80.1933487008115,25.7971472198034],[-80.1933336605437,25.7965088717567],[-80.1933281147618,25.7962759435335],[-80.1933273483093,25.796243780664],[-80.1933253667888,25.7961605862031],[-80.1933220991234,25.7961382158207],[-80.1933152164422,25.796116509593],[-80.1933127820297,25.7961115712454],[-80.1933051010815,25.7960959913705],[-80.1933004218738,25.7960891838254],[-80.1933002678341,25.7960889609197],[-80.1931423392645,25.7960867443817],[-80.1931404882338,25.7960116889117],[-80.1931424243218,25.7957492693643],[-80.1931386718312,25.7956809867371],[-80.193881729287,25.7956606916033]]]},"properties":{"FID":54,"M21_ZONE":"D1","Map_Code":"D1","Transect":"D1","Transect_D":"Work Place District Zone","Bldg_Heigh":" ","Intensity":" ","FLR":" ","Enact":"13114","Shape_STAr":243842.897763,"Shape_STLe":2453.31027176,"Shape__Area":28062.130859375,"Shape__Length":833.121389751081}},{"type":"Feature","id":55,"geometry":{"type":"Polygon","coordinates":[[[-80.193915611125,25.7988096734855],[-80.1943867223086,25.7988044067498],[-80.1942558252737,25.7993420807826],[-80.1944437888941,25.7993357384893],[-80.1944693477553,25.7998963661697],[-80.1945006905884,25.7998980192281],[-80.1945170090181,25.8005874575676],[-80.1945011598616,25.8005882769344],[-80.1945109307916,25.8008119140134],[-80.1943433623804,25.8008160549639],[-80.1943602409235,25.8012135360871],[-80.1942998287615,25.8012144045931],[-80.1943149473621,25.8015910690341],[-80.194328588655,25.8016575415152],[-80.1943375536526,25.8017313374358],[-80.1943408253693,25.8018066877613],[-80.1943549772087,25.8021324248984],[-80.1944019063987,25.8021308019861],[-80.1945045088059,25.8021274140961],[-80.1945468381134,25.802125938061],[-80.1945470695061,25.8021259303163],[-80.1945561881758,25.8024912124883],[-80.1945719019904,25.8026395240618],[-80.1945824266081,25.8030214931032],[-80.1946126377133,25.8030204572169],[-80.1946178012888,25.8032120427974],[-80.1946194285251,25.8032554330114],[-80.1945732904954,25.8032566352215],[-80.1945744999393,25.8032948572742],[-80.1945831591401,25.8035033155273],[-80.1945497192086,25.8035043326165],[-80.1944733383324,25.8035066607528],[-80.1943971469215,25.8035089880933],[-80.1943194388484,25.8035113106006],[-80.1942455278722,25.8035136504976],[-80.1941640165754,25.8035161233486],[-80.1940863085088,25.8035184439257],[-80.1940144886613,25.803520625598],[-80.1939373489558,25.8035229492459],[-80.19389789237,25.8035242216773],[-80.1938600176362,25.8035254432934],[-80.1937840951168,25.8035276716092],[-80.1937811688447,25.8035277573828],[-80.1937102992561,25.8035299441735],[-80.1936348676285,25.8035322771324],[-80.1935546874982,25.8035347552183],[-80.1934792580249,25.8035369166055],[-80.1934064877343,25.8035392642078],[-80.1933213688089,25.8035417147675],[-80.1932497362408,25.8035440686032],[-80.1931695582592,25.8035463749855],[-80.1931000178325,25.8035485688537],[-80.193013947466,25.8035511863587],[-80.192950867788,25.8035530712019],[-80.19287923737,25.8035552533639],[-80.1928260752241,25.8035561524533],[-80.193207707603,25.8018399636152],[-80.1932419761809,25.8016858607385],[-80.193408345198,25.8011456875771],[-80.1934442320958,25.8011198299312],[-80.1934617091139,25.8008036881657],[-80.1935991148117,25.8002185773302],[-80.193644434629,25.8002007802195],[-80.1939328289214,25.7988806718584],[-80.1938961510283,25.7988816275464],[-80.193915611125,25.7988096734855]]]},"properties":{"FID":55,"M21_ZONE":"T5-O","Map_Code":"T5","Transect":"T5","Transect_D":"Urban Center Zone","Bldg_Heigh":" ","Intensity":"O","FLR":" ","Enact":"13561","Shape_STAr":602115.359821,"Shape_STLe":4479.63601231,"Shape__Area":69298.984375,"Shape__Length":1521.8530571127874}},{"type":"Feature","id":56,"geometry":{"type":"Polygon","coordinates":[[[-80.1908283007508,25.8105990621794],[-80.1882507420527,25.8106885414972],[-80.188272494845,25.8106795760349],[-80.1886147494375,25.8106687169831],[-80.1886215121155,25.8106685001823],[-80.1886209967804,25.8106579264308],[-80.1886078177325,25.8105740034735],[-80.1886076563383,25.8105726630475],[-80.1886063935793,25.8103702532049],[-80.1886063888974,25.8103688910874],[-80.1885921209644,25.8103689847592],[-80.1885870456293,25.8102604368375],[-80.1885869870934,25.8102590753221],[-80.1885849150666,25.8101930271501],[-80.1885848864524,25.810191664899],[-80.1885588328764,25.8101937318605],[-80.1885569601926,25.8101287255501],[-80.1885569265989,25.8101273623686],[-80.1885549136871,25.8098682035465],[-80.1885549020314,25.8098668404875],[-80.1885546133883,25.8098436318718],[-80.1887421249224,25.8098387714738],[-80.1887412818193,25.8097218543709],[-80.1887406433524,25.8096350677994],[-80.188739251775,25.8094455298319],[-80.1887392470912,25.8094441677142],[-80.1884540818783,25.8094533934075],[-80.1884521717683,25.8093928640014],[-80.1884521281979,25.8093915016667],[-80.1884484978887,25.8092962848374],[-80.1884484463347,25.8092949233608],[-80.1884400924036,25.8090757117816],[-80.1884399619191,25.8090743724304],[-80.1884299353536,25.8090394770636],[-80.1884296489901,25.8090381837799],[-80.1884255387742,25.8089223695151],[-80.1884254892149,25.8089210080496],[-80.18841711182,25.8086849033237],[-80.1884170752241,25.8086835419304],[-80.1884185004324,25.8085845739389],[-80.1884192335878,25.8085336101705],[-80.1884130370722,25.8084290880775],[-80.1884088026332,25.8083580000835],[-80.1884010605455,25.8082274136024],[-80.1884009850356,25.8082260556024],[-80.1883918619297,25.8080268125296],[-80.1883917983983,25.8080254527912],[-80.1883885960283,25.8079553977651],[-80.1883860053318,25.8078988975666],[-80.1883859328259,25.8078975377781],[-80.18838166432,25.807814475999],[-80.1883816127546,25.8078131163273],[-80.1883104018124,25.8078149681616],[-80.1882644973781,25.8078161642232],[-80.1882561756049,25.8076748203758],[-80.1882220487003,25.807095297622],[-80.1882219801729,25.8070939396608],[-80.188367875447,25.8070896479379],[-80.1885460406356,25.8070843871135],[-80.1885381475275,25.8068550359222],[-80.1883914020764,25.8068581360968],[-80.1883823939861,25.8065673735081],[-80.1883814423598,25.8064864785272],[-80.1886366001023,25.8064797174992],[-80.1885981220475,25.8054849426356],[-80.188590544015,25.8052894044558],[-80.1885904844826,25.805288042934],[-80.1885858757629,25.8051691216344],[-80.1885858241955,25.8051677619623],[-80.1885522216223,25.8043005408276],[-80.1885522031219,25.8042993040996],[-80.1885540242464,25.8042215197399],[-80.1885413099728,25.8039409046753],[-80.1885269365869,25.8036244001696],[-80.1885247236602,25.8035686503428],[-80.1885246840715,25.803567288932],[-80.1885472450038,25.8035667017512],[-80.1885450769078,25.8035087605502],[-80.1885450103841,25.8035074007943],[-80.1885275840775,25.8032432534544],[-80.1885274936107,25.8032418953701],[-80.188525987721,25.8032190807156],[-80.1885259072193,25.8032177235896],[-80.1885247902259,25.8031858313906],[-80.1885247866591,25.8031847445851],[-80.1885262142012,25.8031518610392],[-80.1885216489619,25.8029334521238],[-80.1885109028174,25.802892271214],[-80.1885106216051,25.8028909553922],[-80.1885086595325,25.8028298533672],[-80.1885086079662,25.8028284936946],[-80.1884942949124,25.8025716688181],[-80.188494219397,25.8025703117199],[-80.1884847717475,25.8023988077131],[-80.1884846972477,25.8023974479125],[-80.1884814526335,25.8023384265456],[-80.1884813791187,25.8023370685558],[-80.1884799093437,25.8022880177922],[-80.1884798837275,25.8022866546539],[-80.1885013423545,25.8022860974294],[-80.1884994653033,25.8022274465579],[-80.1884994167346,25.8022260859993],[-80.1884941701366,25.8021148976705],[-80.1884940986159,25.8021135396917],[-80.1884886881805,25.8019990296122],[-80.1884886236459,25.8019976707698],[-80.1884742216448,25.8017253695025],[-80.1884741650996,25.8017240088993],[-80.1884736968261,25.8016514804817],[-80.1884734337762,25.8016111894072],[-80.1884734071443,25.8016098289709],[-80.1884586776546,25.8013301313849],[-80.1884586051435,25.8013287724979],[-80.1884542647544,25.8012479271484],[-80.1884542002399,25.8012467118267],[-80.188446541369,25.8011043732426],[-80.1884464668639,25.8011030143444],[-80.188442668307,25.8010322166624],[-80.1884425938081,25.8010308568616],[-80.1884405404248,25.8009657447578],[-80.1884405088262,25.8009643815858],[-80.1882561510227,25.8009692802238],[-80.1882392025358,25.8005928173809],[-80.1882369056928,25.8005928794785],[-80.1882249328516,25.8002806965535],[-80.1882221975522,25.8002155833437],[-80.1882221459956,25.800214222768],[-80.1882180516728,25.8000849888167],[-80.1882095904796,25.7998185210376],[-80.1882056814442,25.7996954631168],[-80.1882056348672,25.7996941034715],[-80.1881950277231,25.7993600353504],[-80.1881949831526,25.799358673911],[-80.1881884969483,25.7991544690376],[-80.1881839332852,25.7990108514868],[-80.1881571741172,25.7981435134773],[-80.1881472851711,25.7977262893803],[-80.18824348599,25.7977266133778],[-80.1882430414327,25.7977005334391],[-80.1882413253347,25.797226100068],[-80.1882389790506,25.7971513063146],[-80.1880819612125,25.7971514957953],[-80.1880774034733,25.7970879655545],[-80.1880731974308,25.7967964486118],[-80.1882861877489,25.7967924356283],[-80.1882840229257,25.7966397553117],[-80.1889105324287,25.7966279663241],[-80.189054926332,25.7966259968322],[-80.1890524230072,25.7961940835461],[-80.1890374467526,25.7957851985141],[-80.1907872551653,25.7957586868605],[-80.1908053726665,25.7961557736527],[-80.1908433925338,25.7971080006543],[-80.1908682856279,25.7980760952412],[-80.1908983982591,25.7991345989546],[-80.1909511999254,25.8009453481424],[-80.1910089933196,25.8023138776332],[-80.1910173607138,25.8030762026466],[-80.191066565628,25.8045492807889],[-80.1911978068466,25.8089663697876],[-80.1911214537671,25.8093723177965],[-80.1909201296952,25.8102019164993],[-80.1908283007508,25.8105990621794]]]},"properties":{"FID":56,"M21_ZONE":"T6-36A-O","Map_Code":"T6-36","Transect":"T6","Transect_D":"Urban Core Zone","Bldg_Heigh":"36","Intensity":"O","FLR":"A","Enact":"13114","Shape_STAr":4544528.09716,"Shape_STLe":13293.2026608,"Shape__Area":523054.443359375,"Shape__Length":4517.4794742523509}},{"type":"Feature","id":57,"geometry":{"type":"Polygon","coordinates":[[[-80.2032604867892,25.7952909196467],[-80.2043594724252,25.795291069781],[-80.2044197435615,25.7971843002973],[-80.2035534818564,25.7972078116143],[-80.2032593458205,25.7972157947033],[-80.2032604867892,25.7952909196467]]]},"properties":{"FID":57,"M21_ZONE":"CI","Map_Code":"CI","Transect":"CI","Transect_D":"Civic Institution Zone","Bldg_Heigh":" ","Intensity":" ","FLR":" ","Enact":"13114","Shape_STAr":257984.625534,"Shape_STLe":2131.66805908,"Shape__Area":29689.544921875,"Shape__Length":723.74117026429451}},{"type":"Feature","id":58,"geometry":{"type":"Polygon","coordinates":[[[-80.1906726112633,25.7855914792545],[-80.1906424309451,25.7848314258599],[-80.1904902151019,25.7809976531211],[-80.1904781808664,25.7806189502394],[-80.190477629772,25.7806015838192],[-80.1930636824236,25.7805051918016],[-80.193634181051,25.7804892258293],[-80.193807913895,25.7804774431893],[-80.1938393694226,25.7804762698275],[-80.1944455186887,25.7804536660452],[-80.1948360781297,25.7804892088045],[-80.1952260552327,25.7806115334417],[-80.195467179591,25.7806720492014],[-80.1956035918592,25.7808258016562],[-80.1955860873468,25.7808264757393],[-80.19560373039,25.7808259567751],[-80.1956500506227,25.7817740020793],[-80.1959043326049,25.7817650479721],[-80.1959863235694,25.7837099559255],[-80.1961060812522,25.7864768049168],[-80.196115140974,25.7866860926176],[-80.1932498603859,25.7855202073577],[-80.1906726112633,25.7855914792545]]]},"properties":{"FID":58,"M21_ZONE":"T6-60A-O","Map_Code":"T6-60","Transect":"T6","Transect_D":"Urban Core Zone","Bldg_Heigh":"60","Intensity":"O","FLR":"A","Enact":"13114","Shape_STAr":3380383.90307,"Shape_STLe":7653.25785826,"Shape__Area":388936.91015625,"Shape__Length":2596.6687408771741}},{"type":"Feature","id":59,"geometry":{"type":"Polygon","coordinates":[[[-80.2014696738724,25.7916625096386],[-80.20168167834,25.7916602126517],[-80.2016886024964,25.7916601378245],[-80.2028758363001,25.7916472693352],[-80.20291972054,25.7916467940318],[-80.2029161333485,25.791554004595],[-80.2029048988625,25.7912170824358],[-80.2028988150223,25.7910363170371],[-80.2028949158335,25.7909204054226],[-80.2030781946005,25.7909137796126],[-80.2032748901065,25.7909066674203],[-80.203496872655,25.7915408498145],[-80.2034981853639,25.7916453711606],[-80.2031962999657,25.7916437944053],[-80.2032177821439,25.7927747420237],[-80.2032140277332,25.7927748026945],[-80.2031277240232,25.792776216411],[-80.2025118975725,25.7927804079875],[-80.2023489180896,25.792781575012],[-80.2020440428613,25.7927836874982],[-80.2016573006837,25.792786207519],[-80.2014538791681,25.792784917493],[-80.2014644285214,25.7921741934791],[-80.2014720710263,25.7917421120746],[-80.2014696738724,25.7916625096386]]]},"properties":{"FID":59,"M21_ZONE":"CS","Map_Code":"CS","Transect":"CS","Transect_D":"Civic Space Zone","Bldg_Heigh":" ","Intensity":" ","FLR":" ","Enact":"13114","Shape_STAr":278669.219689,"Shape_STLe":2645.18282436,"Shape__Area":32067.732421875,"Shape__Length":897.35200177651541}},{"type":"Feature","id":60,"geometry":{"type":"Polygon","coordinates":[[[-80.1976661628702,25.7937642977361],[-80.1976368881328,25.792844779882],[-80.1984127890527,25.7928245332088],[-80.1984536813812,25.7941087227044],[-80.1984539289122,25.794119508911],[-80.1976781147016,25.7941396929397],[-80.1976661628702,25.7937642977361]]]},"properties":{"FID":60,"M21_ZONE":"CI","Map_Code":"CI","Transect":"CI","Transect_D":"Civic Institution Zone","Bldg_Heigh":" ","Intensity":" ","FLR":" ","Enact":"13114","Shape_STAr":120268.868204,"Shape_STLe":1452.54920514,"Shape__Area":13840.181640625,"Shape__Length":493.14771208221077}},{"type":"Feature","id":61,"geometry":{"type":"Polygon","coordinates":[[[-80.1976987942665,25.795051291227],[-80.1976986343607,25.7950442361497],[-80.1976840838723,25.7944028288703],[-80.1976781147016,25.7941396929397],[-80.1984539289122,25.794119508911],[-80.1984735183275,25.794971840528],[-80.1984747411753,25.7950264917867],[-80.1983936150091,25.7950275728452],[-80.1981027398834,25.7950373174148],[-80.1981116600567,25.7951795715978],[-80.1977861264404,25.7952021956728],[-80.1977033512046,25.7952041283739],[-80.197702263191,25.7952041548672],[-80.1976996634384,25.7950895520548],[-80.1976987942665,25.795051291227]]]},"properties":{"FID":61,"M21_ZONE":"CS","Map_Code":"CS","Transect":"CS","Transect_D":"Civic Space Zone","Bldg_Heigh":" ","Intensity":" ","FLR":" ","Enact":"13114","Shape_STAr":91623.7644183,"Shape_STLe":1281.40305426,"Shape__Area":10543.990234375,"Shape__Length":434.93340384309352}},{"type":"Feature","id":62,"geometry":{"type":"Polygon","coordinates":[[[-80.1957417207165,25.7928373608452],[-80.1957035397093,25.7927250335932],[-80.195687405587,25.7926671676701],[-80.1956781976674,25.7926243014405],[-80.1956689758494,25.7925834958791],[-80.1956599133018,25.7925471629168],[-80.1956554403864,25.7925063845191],[-80.1956437338262,25.7924678019768],[-80.1956371116351,25.7924077536936],[-80.1956340458383,25.7923834898037],[-80.1956315387272,25.7923609512561],[-80.1956248576852,25.7923377000017],[-80.1956247018999,25.792332712009],[-80.1956210448529,25.7921708830706],[-80.1956172471113,25.7920018303597],[-80.1956134586558,25.7918314020605],[-80.1956122942266,25.791778777547],[-80.1956548004378,25.7917425582644],[-80.1956973056262,25.7917063389631],[-80.1956942611197,25.7915940967712],[-80.1966453737963,25.7915639458328],[-80.1966833002005,25.7928696564947],[-80.1957490730287,25.7929034401404],[-80.1957417207165,25.7928373608452]]]},"properties":{"FID":62,"M21_ZONE":"CS","Map_Code":"CS","Transect":"CS","Transect_D":"Civic Space Zone","Bldg_Heigh":" ","Intensity":" ","FLR":" ","Enact":"13114","Shape_STAr":158057.046903,"Shape_STLe":1588.30472705,"Shape__Area":18188.33984375,"Shape__Length":539.06339741042927}},{"type":"Feature","id":63,"geometry":{"type":"Polygon","coordinates":[[[-80.1960536847034,25.7893339105218],[-80.1962840912394,25.7882043626511],[-80.1963608947695,25.7880514892411],[-80.1964083292006,25.7878902060401],[-80.1964304287508,25.7877057048433],[-80.1964245682613,25.7872000591154],[-80.1980091857306,25.7879067440818],[-80.1980174367499,25.7881659076126],[-80.1984893888605,25.7881535925839],[-80.1990701127094,25.7884215346261],[-80.1990384462291,25.7884751707884],[-80.1989409908439,25.7884779017244],[-80.1987916704479,25.7884822379804],[-80.1987307457215,25.7884833367022],[-80.1987308969163,25.7884881369202],[-80.1987321541764,25.7885276004418],[-80.19867568017,25.788529746358],[-80.1983635915583,25.7885330139164],[-80.1982905396233,25.7885342821141],[-80.1982910441937,25.7885501372168],[-80.19821759269,25.7885518120753],[-80.1979215594948,25.788568407235],[-80.197910576501,25.7885686382298],[-80.1979095327345,25.7885358654148],[-80.197897275538,25.7885359458613],[-80.1976052141812,25.788554969643],[-80.1974416144014,25.7885647282892],[-80.1970571009578,25.788576362666],[-80.1970387465588,25.7885769284067],[-80.1970391373031,25.7885892300566],[-80.1970216836915,25.7885895796186],[-80.1969800872157,25.7885910316261],[-80.196867849528,25.7885949495907],[-80.196647420089,25.7886026451276],[-80.196559473204,25.7886065868815],[-80.1965806548301,25.7893357831712],[-80.1966453737963,25.7915639458328],[-80.1956942611197,25.7915940967712],[-80.1954928826094,25.7915993485254],[-80.1957809035998,25.7904813215928],[-80.1958688006021,25.7901116025347],[-80.1960536847034,25.7893339105218]]]},"properties":{"FID":63,"M21_ZONE":"D1","Map_Code":"D1","Transect":"D1","Transect_D":"Work Place District Zone","Bldg_Heigh":" ","Intensity":" ","FLR":" ","Enact":"13114","Shape_STAr":504264.517777,"Shape_STLe":5011.79789606,"Shape__Area":58025.197265625,"Shape__Length":1700.9178890358703}},{"type":"Feature","id":64,"geometry":{"type":"Polygon","coordinates":[[[-80.1956362963282,25.7904985749511],[-80.1956082258637,25.7904989071481],[-80.19468739842,25.7905157561378],[-80.194656821223,25.7893890781156],[-80.1951229780083,25.7893661945751],[-80.1950967729454,25.7885419323807],[-80.1950880147377,25.7882663856422],[-80.1951351399459,25.7882623868011],[-80.1950500322466,25.7866519859645],[-80.1956069253152,25.7868758110309],[-80.1956084848804,25.7869248443182],[-80.1961913845361,25.7871265372234],[-80.1961471092462,25.7882777989442],[-80.1956362963282,25.7904985749511]]]},"properties":{"FID":64,"M21_ZONE":"D1","Map_Code":"D1","Transect":"D1","Transect_D":"Work Place District Zone","Bldg_Heigh":" ","Intensity":" ","FLR":" ","Enact":"13114","Shape_STAr":444967.036887,"Shape_STLe":3543.96100174,"Shape__Area":51201.279296875,"Shape__Length":1203.8518850518435}},{"type":"Feature","id":65,"geometry":{"type":"Polygon","coordinates":[[[-80.1941241414042,25.7946523668292],[-80.1947053390963,25.7946351718364],[-80.1944353495063,25.7956516935093],[-80.193881729287,25.7956606916033],[-80.1939930054593,25.7951669725048],[-80.1941241414042,25.7946523668292]]]},"properties":{"FID":65,"M21_ZONE":"T6-12-O","Map_Code":"T6-12","Transect":"T6","Transect_D":"Urban Core Zone","Bldg_Heigh":"12","Intensity":"O","FLR":" ","Enact":"13685","Shape_STAr":68750.8391699,"Shape_STLe":1128.65707326,"Shape__Area":7911.845703125,"Shape__Length":383.16425631838172}},{"type":"Feature","id":66,"geometry":{"type":"Polygon","coordinates":[[[-80.1853292254333,25.79190094575],[-80.1853971341332,25.7919007592363],[-80.1854142317731,25.7919003377765],[-80.1862050927076,25.7918810351814],[-80.186201021172,25.7917817943535],[-80.1862811984757,25.7917807707143],[-80.1869496498621,25.791772224739],[-80.187088660752,25.7917622024674],[-80.1870955123128,25.791978052837],[-80.1866576456177,25.7923647378535],[-80.1865813136633,25.7923214839958],[-80.1863017293065,25.7923296633027],[-80.1853213683538,25.7923628610101],[-80.1853292254333,25.79190094575]]]},"properties":{"FID":66,"M21_ZONE":"T6-8-O","Map_Code":"T6-8","Transect":"T6","Transect_D":"Urban Core Zone","Bldg_Heigh":"8","Intensity":"O","FLR":" ","Enact":"13114","Shape_STAr":98681.1304364,"Shape_STLe":1508.82889287,"Shape__Area":11355.607421875,"Shape__Length":511.16121105417886}},{"type":"Feature","id":67,"geometry":{"type":"Polygon","coordinates":[[[-80.1997780721927,25.7847264277178],[-80.2001511326484,25.7847166871063],[-80.2001478064703,25.7846197982547],[-80.2001422747427,25.7844676415709],[-80.2001376891759,25.784330052535],[-80.2001331034617,25.7841926349991],[-80.2001289912894,25.7840694927631],[-80.2002796306524,25.7840656776936],[-80.2003554264615,25.7840636869656],[-80.2004412888251,25.7840615800208],[-80.2005991485434,25.7840574603934],[-80.2007547280275,25.7840535004732],[-80.2008305228311,25.7840515094919],[-80.2008476193307,25.7840510879945],[-80.200829420732,25.7840178002956],[-80.2007485617581,25.7838682726245],[-80.2006324341702,25.7836537210024],[-80.2005920833805,25.7835719349344],[-80.2001122389975,25.7835875607609],[-80.2001091711876,25.7835153291965],[-80.2001027891503,25.783388578312],[-80.2000957651487,25.7832465041217],[-80.2000890632472,25.783112150259],[-80.2000889015845,25.7831089025384],[-80.199705015365,25.7831132064472],[-80.1996780236415,25.7826439083956],[-80.1997089141399,25.7826429247357],[-80.1999783785775,25.7826343404119],[-80.2001103368052,25.7826315113517],[-80.2003408292359,25.7830220570689],[-80.2006838278014,25.7835698132232],[-80.200748267196,25.7836898360721],[-80.2009408505329,25.7840485383152],[-80.2013670130556,25.7848409272816],[-80.2012719309653,25.7848438958193],[-80.2009332230738,25.7848532123868],[-80.2007054541317,25.7848593556379],[-80.2004619465563,25.7848665051423],[-80.2003156935875,25.7848700899468],[-80.1998636576324,25.7848824475754],[-80.1998011432609,25.7848853668048],[-80.1997780721927,25.7847264277178]]]},"properties":{"FID":67,"M21_ZONE":"T6-8-L","Map_Code":"T6-8","Transect":"T6","Transect_D":"Urban Core Zone","Bldg_Heigh":"8","Intensity":"L","FLR":" ","Enact":"13114","Shape_STAr":166330.870241,"Shape_STLe":3037.23236196,"Shape__Area":19137.853515625,"Shape__Length":1030.2244299405979}},{"type":"Feature","id":70,"geometry":{"type":"Polygon","coordinates":[[[-80.2078053460002,25.787844136001],[-80.2078017385625,25.7878115965692],[-80.207781264443,25.7878127857855],[-80.2073486307443,25.7878379182828],[-80.207354281311,25.7877321367897],[-80.2073518521928,25.7876399548285],[-80.2073480782882,25.7874936011003],[-80.2073442978271,25.7873479342505],[-80.2073406574984,25.7872098341772],[-80.2073371870233,25.7870748302152],[-80.2073335352708,25.7869384496238],[-80.2073300662353,25.7868029302515],[-80.2073273504264,25.7866973351362],[-80.2073265110217,25.7866218852304],[-80.2073259737193,25.7865477846272],[-80.2073240672851,25.7864260247403],[-80.2073217212347,25.7862760591406],[-80.2073196046338,25.7861409208232],[-80.2073174754881,25.7860049700497],[-80.2073783744851,25.7860029017296],[-80.2073684778173,25.7856900667439],[-80.2073663029663,25.7856310251553],[-80.2073517608874,25.7856314053691],[-80.2072660032047,25.7856336478297],[-80.2072644366533,25.7855613992633],[-80.2072628406752,25.7854872784386],[-80.2072615858297,25.7854188335339],[-80.2072603136968,25.7853531389107],[-80.2072588937212,25.7852807385925],[-80.2072574743075,25.7852088536902],[-80.2072563721774,25.7851460818718],[-80.2072549224749,25.785078153121],[-80.2072535213531,25.7850035170372],[-80.2072521242488,25.7849276768385],[-80.2072511323608,25.784877116677],[-80.2072496960917,25.7848074675448],[-80.2072488720562,25.7847600034863],[-80.2072475990672,25.7846941382518],[-80.2072472732373,25.7846731137414],[-80.2073343634683,25.7846708361153],[-80.2076584778229,25.784662355772],[-80.2078118839015,25.7846583421751],[-80.2078145166329,25.7847407901911],[-80.2081652555135,25.7847336451998],[-80.208570567986,25.7847215274917],[-80.2085705213949,25.7845904966302],[-80.2088429495149,25.7845758381384],[-80.2088427016424,25.7845035001495],[-80.2093280473251,25.7844862804828],[-80.2099742258563,25.7844512911409],[-80.2100406325681,25.7845103186556],[-80.2101064694606,25.7844527891246],[-80.2102467193397,25.7843377295872],[-80.2103708287621,25.7842360101412],[-80.2104679009505,25.7843190763223],[-80.210473375362,25.7843239207739],[-80.2105081274898,25.7843536856412],[-80.2105565282452,25.7843871351704],[-80.2105952866641,25.784413998973],[-80.2106758356572,25.7844686014209],[-80.2107607331204,25.784526152006],[-80.2108892667919,25.7846198783012],[-80.2110401094986,25.7847290263151],[-80.2111182620509,25.7847727837119],[-80.2112899023302,25.7848390572903],[-80.2113094016404,25.7848484485787],[-80.2114767660118,25.7849294868936],[-80.2115254169611,25.7849538242959],[-80.2115873215881,25.7849845963001],[-80.211691402497,25.785042593324],[-80.2117044592098,25.7850497137817],[-80.211769935487,25.7850861809345],[-80.2118383020274,25.7851448409564],[-80.2117642638258,25.785235290758],[-80.2117348606048,25.7852712104085],[-80.2116161870948,25.7854161884317],[-80.211511227368,25.7855199967437],[-80.2113319967366,25.7857398172608],[-80.2113620531664,25.7857616447352],[-80.2111782878372,25.785977484141],[-80.2111182915489,25.786055147852],[-80.2109506109649,25.7859355163573],[-80.2109536917904,25.7862901765349],[-80.2109582181259,25.7868110424363],[-80.2109650742986,25.7870256469737],[-80.210095840894,25.7874877128454],[-80.2093478598066,25.7878006403137],[-80.2083823063456,25.7878507927797],[-80.2083680747751,25.7880651986193],[-80.2078309171703,25.7882870956717],[-80.2078262953323,25.7881779355613],[-80.2078053460002,25.787844136001]],[[-80.2091261104704,25.786823009683],[-80.2091118403814,25.7863760739564],[-80.20904208423,25.7863778998687],[-80.2086830900045,25.7863885169022],[-80.2086936818135,25.7865833087653],[-80.2086874704888,25.7866626053339],[-80.2086928997191,25.786832604887],[-80.2087558605891,25.7868327000353],[-80.2091261104704,25.786823009683]],[[-80.2095331622781,25.7850925738872],[-80.2100370839539,25.7850787818085],[-80.2104792670822,25.7850666802846],[-80.2105616079432,25.7850247738451],[-80.2100879225037,25.7845832126735],[-80.2100080288366,25.7846178387182],[-80.2095624130137,25.7846300357273],[-80.209484821278,25.7845566790155],[-80.2089767165769,25.784570584581],[-80.2095331622781,25.7850925738872]]]},"properties":{"FID":70,"M21_ZONE":"T6-8-O","Map_Code":"T6-8","Transect":"T6","Transect_D":"Urban Core Zone","Bldg_Heigh":"8","Intensity":"O","FLR":" ","Enact":"13924","Shape_STAr":1368559.74144,"Shape_STLe":7191.74171411,"Shape__Area":157471.126953125,"Shape__Length":2438.8596285462186}},{"type":"Feature","id":71,"geometry":{"type":"Polygon","coordinates":[[[-80.2086936818135,25.7865833087653],[-80.2086830900045,25.7863885169022],[-80.20904208423,25.7863778998687],[-80.2091118403814,25.7863760739564],[-80.2091261104704,25.786823009683],[-80.2087558605891,25.7868327000353],[-80.2086928997191,25.786832604887],[-80.2086874704888,25.7866626053339],[-80.2086936818135,25.7865833087653]]]},"properties":{"FID":71,"M21_ZONE":"CS","Map_Code":"CS","Transect":"CS","Transect_D":"Civic Space Zone","Bldg_Heigh":" ","Intensity":" ","FLR":" ","Enact":"13114","Shape_STAr":22946.794795,"Shape_STLe":607.881378088,"Shape__Area":2640.35546875,"Shape__Length":206.23780131187698}},{"type":"Feature","id":73,"geometry":{"type":"Polygon","coordinates":[[[-80.2067230902075,25.7814665996344],[-80.2067111770286,25.7812521451283],[-80.2066709830543,25.7805810729733],[-80.2066671978559,25.7805128281564],[-80.2065903972639,25.7787845823732],[-80.2065041670029,25.7786458006814],[-80.2062716447315,25.7784035200165],[-80.2058605133934,25.7780884664865],[-80.2045344694779,25.7778279184148],[-80.2038374470276,25.7776840011849],[-80.2035378536238,25.7776485970262],[-80.2032392020346,25.7771689432582],[-80.2032278006121,25.77715063193],[-80.2030974573227,25.7769412920067],[-80.2031643673692,25.7769107083353],[-80.2031789018034,25.7769040008946],[-80.2034237319827,25.7767865200206],[-80.2037066799997,25.7766548337923],[-80.2040387135044,25.7770422458974],[-80.2042983940481,25.7771908858813],[-80.204475249889,25.7772917917385],[-80.2046833115485,25.7773716231545],[-80.2050302991407,25.777471886645],[-80.2054118965387,25.7775959480684],[-80.2058455357748,25.7777360293754],[-80.2065990724232,25.7781296748692],[-80.2066002505088,25.7783879659635],[-80.2066420760075,25.7784230336597],[-80.2066486892049,25.778496274745],[-80.2068715620962,25.7783239595672],[-80.2072312853562,25.7785784538488],[-80.2071939843471,25.7787168482231],[-80.2072147164743,25.7796992462597],[-80.2072177951401,25.7798450321926],[-80.207232855553,25.7805586573549],[-80.2072555017825,25.7809417521756],[-80.2072894858459,25.7811358520821],[-80.2073743286479,25.7812908806937],[-80.2074529347085,25.7813870720747],[-80.2073641363476,25.7814776595058],[-80.2070787773718,25.7816625047334],[-80.207019540087,25.781704380813],[-80.2068131441304,25.7814649215492],[-80.2067230902075,25.7814665996344]]]},"properties":{"FID":73,"M21_ZONE":"D1","Map_Code":"D1","Transect":"D1","Transect_D":"Work Place District Zone","Bldg_Heigh":" ","Intensity":" ","FLR":" ","Enact":"13114","Shape_STAr":444149.358444,"Shape_STLe":5492.4472015,"Shape__Area":51098.990234375,"Shape__Length":1863.6846092060007}},{"type":"Feature","id":74,"geometry":{"type":"Polygon","coordinates":[[[-80.2068355531753,25.7856477902461],[-80.2068228771713,25.7851712940447],[-80.2067949119683,25.7843503757903],[-80.2067875934633,25.7841680365532],[-80.2069090172831,25.784164862288],[-80.2076678226845,25.7841450090385],[-80.207654422431,25.7835687406142],[-80.2076511809167,25.783376114407],[-80.2081745272853,25.7833543169036],[-80.2086978735103,25.7833325184155],[-80.2092033900821,25.7837772583507],[-80.2095491468201,25.7840960861664],[-80.2101621632842,25.784078470522],[-80.2101651817096,25.7840922460214],[-80.2102391675913,25.7841553368086],[-80.2103708287621,25.7842360101412],[-80.2102467193397,25.7843377295872],[-80.2101064694606,25.7844527891246],[-80.2100406325681,25.7845103186556],[-80.2099742258563,25.7844512911409],[-80.2093280473251,25.7844862804828],[-80.2088427016424,25.7845035001495],[-80.2088429495149,25.7845758381384],[-80.2085705213949,25.7845904966302],[-80.208570567986,25.7847215274917],[-80.2081652555135,25.7847336451998],[-80.2078145166329,25.7847407901911],[-80.2078118839015,25.7846583421751],[-80.2076584778229,25.784662355772],[-80.2073343634683,25.7846708361153],[-80.2072472732373,25.7846731137414],[-80.2072475990672,25.7846941382518],[-80.2072488720562,25.7847600034863],[-80.2072496960917,25.7848074675448],[-80.2072511323608,25.784877116677],[-80.2072521242488,25.7849276768385],[-80.2072535213531,25.7850035170372],[-80.2072549224749,25.785078153121],[-80.2072563721774,25.7851460818718],[-80.2072574743075,25.7852088536902],[-80.2072588937212,25.7852807385925],[-80.2072603136968,25.7853531389107],[-80.2072615858297,25.7854188335339],[-80.2072628406752,25.7854872784386],[-80.2072644366533,25.7855613992633],[-80.2072660032047,25.7856336478297],[-80.2068355531753,25.7856477902461]]]},"properties":{"FID":74,"M21_ZONE":"T6-8-O","Map_Code":"T6-8","Transect":"T6","Transect_D":"Urban Core Zone","Bldg_Heigh":"8","Intensity":"O","FLR":" ","Enact":"13114","Shape_STAr":383448.977534,"Shape_STLe":3809.62493703,"Shape__Area":44119.552734375,"Shape__Length":1291.6634031515489}},{"type":"Feature","id":75,"geometry":{"type":"MultiPolygon","coordinates":[[[[-80.205159521405,25.7848614053666],[-80.2051594289448,25.7848613660475],[-80.205157336428,25.7849277436483],[-80.2048541017411,25.7849069232759],[-80.2048457305987,25.7849543506102],[-80.2030988567425,25.7849470241969],[-80.2031025415554,25.7846894018609],[-80.2031012047152,25.7846474574125],[-80.2030955651443,25.7844705928423],[-80.2063689097995,25.7843657805013],[-80.2066657612276,25.7843538354823],[-80.2067851295554,25.7843506383803],[-80.2067949119683,25.7843503757903],[-80.2068228771713,25.7851712940447],[-80.2056733794346,25.7851830317708],[-80.2056183034538,25.7851318170369],[-80.2055605071226,25.7850835264566],[-80.2054996505785,25.785038141923],[-80.205449128266,25.7850045590948],[-80.205436303801,25.7849960095525],[-80.2053702773438,25.7849571310151],[-80.2053019489251,25.7849216780687],[-80.2052616150161,25.7849032323158],[-80.2052343392666,25.7848920781921],[-80.205159521405,25.7848614053666]]],[[[-80.2069130658371,25.7878630145527],[-80.2068761219878,25.7866271606336],[-80.2073265120187,25.7866218852359],[-80.2073273504264,25.7866973351362],[-80.2073300662353,25.7868029302515],[-80.2073335352708,25.7869384496238],[-80.2073371870233,25.7870748302152],[-80.2073406574984,25.7872098341772],[-80.2073442978271,25.7873479342505],[-80.2073480782882,25.7874936011003],[-80.2073518521928,25.7876399548285],[-80.207354281311,25.7877321367897],[-80.2073486307443,25.7878379182828],[-80.207781264443,25.7878127857855],[-80.2078017385625,25.7878115965692],[-80.2078053460002,25.787844136001],[-80.2078262953323,25.7881779355613],[-80.2078309171703,25.7882870956717],[-80.2069348692856,25.7884938693035],[-80.2069292784317,25.7883710260405],[-80.2069130658371,25.7878630145527]]]]},"properties":{"FID":75,"M21_ZONE":"D1","Map_Code":"D1","Transect":"D1","Transect_D":"Work Place District Zone","Bldg_Heigh":" ","Intensity":" ","FLR":" ","Enact":"13114","Shape_STAr":396889.43302,"Shape_STLe":4887.92778476,"Shape__Area":45667.240234375,"Shape__Length":1657.0199449135621}},{"type":"Feature","id":76,"geometry":{"type":"Polygon","coordinates":[[[-80.2015616304195,25.7835379750342],[-80.2030650803168,25.7835021267856],[-80.2030688883178,25.7835854550441],[-80.203093168743,25.7843910147137],[-80.2030955651443,25.7844705928423],[-80.2025764577307,25.7844873042506],[-80.202312548193,25.7844950418827],[-80.2021628339933,25.784318333212],[-80.2020786403821,25.7842268789114],[-80.2015616304195,25.7835379750342]]]},"properties":{"FID":76,"M21_ZONE":"CI","Map_Code":"CI","Transect":"CI","Transect_D":"Civic Institution Zone","Bldg_Heigh":" ","Intensity":" ","FLR":" ","Enact":"13114","Shape_STAr":134426.17108,"Shape_STLe":1531.85244893,"Shape__Area":15466.951171875,"Shape__Length":519.37183168540332}},{"type":"Feature","id":77,"geometry":{"type":"Polygon","coordinates":[[[-80.2030650803168,25.7835021267856],[-80.2030416175976,25.7826146677138],[-80.2031124632207,25.7826125527334],[-80.2046700315228,25.7825602056204],[-80.2046849983364,25.7829982345467],[-80.2046857633276,25.7830206145333],[-80.2046937009534,25.7832543451243],[-80.2046984831813,25.7833919370116],[-80.2047002531468,25.7834548307376],[-80.2030650803168,25.7835021267856]]]},"properties":{"FID":77,"M21_ZONE":"CS","Map_Code":"CS","Transect":"CS","Transect_D":"Civic Space Zone","Bldg_Heigh":" ","Intensity":" ","FLR":" ","Enact":"13114","Shape_STAr":174068.772656,"Shape_STLe":1722.59666657,"Shape__Area":20027.859375,"Shape__Length":583.91554533977194}},{"type":"Feature","id":78,"geometry":{"type":"Polygon","coordinates":[[[-80.2029479454741,25.7801282712782],[-80.2029298280199,25.7796523018011],[-80.2045971509478,25.7796047370478],[-80.2045968896403,25.779597875472],[-80.2045663672416,25.7788280199059],[-80.2045593960482,25.7786548217294],[-80.2045586374928,25.7786359657149],[-80.2045563608901,25.778452169898],[-80.2045344694779,25.7778279184148],[-80.2058605133934,25.7780884664865],[-80.2062716447315,25.7784035200165],[-80.2065041670029,25.7786458006814],[-80.2065903972639,25.7787845823732],[-80.2066671978559,25.7805128281564],[-80.2066709830543,25.7805810729733],[-80.2067111770286,25.7812521451283],[-80.2067230902075,25.7814665996344],[-80.2062192226981,25.7814845654913],[-80.2046802289053,25.7815385212827],[-80.2046345903945,25.7805659833026],[-80.2046337378349,25.7805660048189],[-80.204617197702,25.7805664939005],[-80.2046171398613,25.7805664962922],[-80.2029692897201,25.7806098376854],[-80.202953707734,25.7802582475314],[-80.2029513494608,25.7802050531437],[-80.2029479540862,25.7801284744218],[-80.2029479454741,25.7801282712782]]]},"properties":{"FID":78,"M21_ZONE":"T6-8-O","Map_Code":"T6-8","Transect":"T6","Transect_D":"Urban Core Zone","Bldg_Heigh":"8","Intensity":"O","FLR":" ","Enact":"13114","Shape_STAr":1016542.96239,"Shape_STLe":4892.44100704,"Shape__Area":116954.443359375,"Shape__Length":1659.6323509044189}},{"type":"Feature","id":79,"geometry":{"type":"Polygon","coordinates":[[[-80.2012556039361,25.7793085195624],[-80.2012367331781,25.7787708297848],[-80.2026743340326,25.7787195270225],[-80.2027806983671,25.7787157319878],[-80.2028456968597,25.7787134117481],[-80.2028460299173,25.7787134009357],[-80.2045593960482,25.7786548217294],[-80.2045663672416,25.7788280199059],[-80.2045968896403,25.779597875472],[-80.2045971509478,25.7796047370478],[-80.2029298280199,25.7796523018011],[-80.2029479454741,25.7801282712782],[-80.2029476613487,25.7801218545834],[-80.2029475998918,25.7801204587488],[-80.2028726964429,25.7801235624137],[-80.2027581508142,25.7801268902226],[-80.2027239577893,25.7801279060916],[-80.2026420848584,25.7801302087067],[-80.2025774982777,25.780132090605],[-80.2025900678493,25.7805529336797],[-80.2025922026896,25.7806196900708],[-80.2013757975173,25.7806537015862],[-80.2012948075633,25.7806567448452],[-80.2012804846219,25.7801641873769],[-80.2012585284318,25.7794090981073],[-80.2012556039361,25.7793085195624]]]},"properties":{"FID":79,"M21_ZONE":"T5-L","Map_Code":"T5","Transect":"T5","Transect_D":"Urban Center Zone","Bldg_Heigh":" ","Intensity":"L","FLR":" ","Enact":"13114","Shape_STAr":543590.209753,"Shape_STLe":3576.7492883,"Shape__Area":62540.240234375,"Shape__Length":1212.4608723150423}},{"type":"Feature","id":80,"geometry":{"type":"Polygon","coordinates":[[[-80.2000227139632,25.7758638398586],[-80.2013387618463,25.7758257045398],[-80.2017632558415,25.7755851078329],[-80.2013481531658,25.775098556054],[-80.2013999771129,25.7750608117867],[-80.2015145359667,25.7749983334012],[-80.2017423258853,25.7747462198213],[-80.2027832843129,25.7756700464156],[-80.2029726719183,25.7758863201552],[-80.2032404391565,25.7761919249643],[-80.2030616879424,25.7763120042455],[-80.202954759659,25.7763838121021],[-80.2028478302449,25.7764556207735],[-80.2027658787336,25.7765012349818],[-80.2027059708305,25.7765345819446],[-80.2023331861643,25.7767721457716],[-80.2000534402561,25.7768475938797],[-80.2000384011198,25.7763563058407],[-80.200034209054,25.7762247304762],[-80.2000227139632,25.7758638398586]]]},"properties":{"FID":80,"M21_ZONE":"CS","Map_Code":"CS","Transect":"CS","Transect_D":"Civic Space Zone","Bldg_Heigh":" ","Intensity":" ","FLR":" ","Enact":"13114","Shape_STAr":433699.854495,"Shape_STLe":3201.87605484,"Shape__Area":49894.412109375,"Shape__Length":1085.1725034903086}},{"type":"Feature","id":81,"geometry":{"type":"Polygon","coordinates":[[[-80.1998346156817,25.773953796524],[-80.2005924711966,25.7739375076562],[-80.2000031914132,25.7731299855291],[-80.2001824274803,25.7731022185975],[-80.2002599602086,25.7730853129017],[-80.2005185358078,25.7730484387209],[-80.2005185657807,25.7730484289564],[-80.2013111044351,25.7741821482925],[-80.2017423258853,25.7747462198213],[-80.2015145359667,25.7749983334012],[-80.2013999771129,25.7750608117867],[-80.2013481531658,25.775098556054],[-80.2017632558415,25.7755851078329],[-80.2013387618463,25.7758257045398],[-80.2000227139632,25.7758638398586],[-80.2000056001819,25.775326639652],[-80.200000451397,25.7751649908069],[-80.1999899111735,25.7748341744954],[-80.1999711704813,25.7742458490496],[-80.1998346156817,25.773953796524]]]},"properties":{"FID":81,"M21_ZONE":"T6-8-O","Map_Code":"T6-8","Transect":"T6","Transect_D":"Urban Core Zone","Bldg_Heigh":"8","Intensity":"O","FLR":" ","Enact":"13114","Shape_STAr":403895.1647,"Shape_STLe":3220.08167909,"Shape__Area":46464.533203125,"Shape__Length":1092.4053885463677}},{"type":"Feature","id":82,"geometry":{"type":"Polygon","coordinates":[[[-80.195595297579,25.7727529356663],[-80.195649759322,25.7727652843758],[-80.1959852985638,25.7728431192046],[-80.1962247703638,25.7728986706146],[-80.1963780398256,25.7729202563875],[-80.1965040495579,25.7729732535737],[-80.1966797422711,25.7729891353243],[-80.1970827573726,25.7730451385105],[-80.1972966719575,25.7730190892474],[-80.197393475657,25.7730421479265],[-80.1977033809234,25.7730135900281],[-80.1981469708976,25.7729832903672],[-80.1981883248995,25.7729804663632],[-80.1984626132841,25.7730756400519],[-80.198514531871,25.7732720720488],[-80.1985192311441,25.7734196046248],[-80.1985268813123,25.7734812147694],[-80.1985752999665,25.7735725787612],[-80.1985942994194,25.7736630802677],[-80.1986245258525,25.7738083993008],[-80.1986618787345,25.7739095809352],[-80.1986771360701,25.7739718503732],[-80.198675132638,25.7739716452712],[-80.1956313430927,25.7741031777713],[-80.1956037025514,25.7731669385602],[-80.1955955490998,25.7728461898845],[-80.1955954028293,25.772792180786],[-80.195595297579,25.7727529356663]]]},"properties":{"FID":82,"M21_ZONE":"T6-36B-O","Map_Code":"T6-36","Transect":"T6","Transect_D":"Urban Core Zone","Bldg_Heigh":"36","Intensity":"O","FLR":"B","Enact":"13114","Shape_STAr":377899.119991,"Shape_STLe":2796.188911,"Shape__Area":43472.767578125,"Shape__Length":947.38935435829842}},{"type":"Feature","id":83,"geometry":{"type":"Polygon","coordinates":[[[-80.1893336773046,25.7597541182277],[-80.1893325150954,25.7597526413369],[-80.1893313568855,25.759751162663],[-80.1893301986817,25.7597496830865],[-80.1893290424777,25.7597482026185],[-80.1893278902668,25.7597467212701],[-80.1893267370592,25.7597452399161],[-80.1893255868604,25.7597437558709],[-80.1893244386734,25.7597422691289],[-80.1893232894836,25.759740783284],[-80.1893221452961,25.759739294759],[-80.189321002093,25.7597378080447],[-80.1893198609019,25.7597363186338],[-80.189318719717,25.7597348283201],[-80.1893175815347,25.7597333362179],[-80.1893164443491,25.7597318441212],[-80.1893153111629,25.7597303502415],[-80.1893141769922,25.759728854551],[-80.1893130468025,25.7597273597854],[-80.1893119156344,25.7597258623062],[-80.1893107894502,25.7597243648549],[-80.1893096632843,25.7597228646957],[-80.1893085401088,25.7597213645531],[-80.1893074169456,25.7597198626053],[-80.1893062967789,25.7597183597715],[-80.1893051786056,25.7597168569488],[-80.1893040614476,25.7597153514238],[-80.1893029452925,25.7597138450017],[-80.1893018321339,25.7597123376937],[-80.1893007229623,25.7597108304078],[-80.1892996108066,25.7597093222027],[-80.1892985026563,25.7597078113119],[-80.1892973964996,25.7597063004322],[-80.1892962923426,25.759704788661],[-80.1892951901915,25.7597032750956],[-80.1892940890493,25.7597017597306],[-80.1892929899007,25.7597002443766],[-80.1892918937425,25.7596987290393],[-80.189290796612,25.759697210086],[-80.1892897034625,25.7596956920574],[-80.1892886113158,25.7596941731318],[-80.1892875211812,25.7596926515095],[-80.1892864340368,25.7596911299038],[-80.1892853459141,25.7596896055846],[-80.1892842617663,25.7596880830929],[-80.1892831796304,25.7596865579045],[-80.1892820985035,25.7596850309163],[-80.1892810183734,25.7596835039338],[-80.1892799412397,25.7596819760652],[-80.1892788641184,25.7596804463914],[-80.189277791987,25.7596789158427],[-80.1892767188589,25.7596773852884],[-80.1892756487334,25.7596758529456],[-80.1892745806075,25.7596743197113],[-80.1892735154781,25.7596727855909],[-80.1892724503671,25.7596712487628],[-80.1892713862345,25.759669714648],[-80.1892703251229,25.7596681760367],[-80.1892692660109,25.759666636534],[-80.1892682068929,25.7596650979339],[-80.1892671527771,25.7596635566536],[-80.1892660996458,25.7596620171841],[-80.1892650465513,25.759660472299],[-80.1892639954443,25.7596589283275],[-80.1892629483243,25.7596573843782],[-80.1892619012105,25.7596558395263],[-80.1892608570993,25.7596542928859],[-80.1892598139971,25.7596527444457],[-80.1892587718855,25.7596511969137],[-80.1892577327888,25.7596496457878],[-80.1892566966763,25.7596480955813],[-80.1892556595732,25.7596465444665],[-80.1892546274723,25.7596449906717],[-80.1892535943686,25.7596434377739],[-80.1892525642735,25.7596418821849],[-80.1892515361659,25.7596403275097],[-80.1892505100702,25.7596387701376],[-80.1892494849713,25.7596372127711],[-80.189248462875,25.759635653616],[-80.1892474407726,25.7596340953636],[-80.1892464236786,25.7596325335284],[-80.1892454045971,25.7596309707795],[-80.1892443895028,25.7596294080528],[-80.189243376402,25.7596278453371],[-80.1892423643102,25.7596262808218],[-80.1892413552149,25.7596247154205],[-80.1892403481254,25.7596231482251],[-80.1892393410421,25.7596215801271],[-80.1892383369429,25.7596200129483],[-80.1892373348557,25.7596184430728],[-80.1892363337714,25.7596168723002],[-80.1892353356836,25.7596153006416],[-80.1892343385925,25.7596137289885],[-80.1892333435073,25.7596121555414],[-80.189232349425,25.7596105811971],[-80.189231359342,25.7596090050699],[-80.1892303702496,25.7596074298508],[-80.189229384166,25.7596058519404],[-80.1892283980886,25.7596042731275],[-80.1892274140046,25.7596026943257],[-80.1892264329172,25.7596011146378],[-80.1892254528387,25.7595995331503],[-80.1892244717697,25.7595979507547],[-80.1892234966813,25.7595963683923],[-80.189222521599,25.7595947851272],[-80.1892215495254,25.7595931991711],[-80.1892205794454,25.7595916132259],[-80.1892196113589,25.7595900272919],[-80.1892186422941,25.7595884386445],[-80.1892176792037,25.759586850933],[-80.1892167161195,25.7595852623189],[-80.1892157540505,25.7595836710024],[-80.1892147949718,25.7595820797027],[-80.1892138378928,25.7595804875114],[-80.189212881829,25.7595788926178],[-80.1892119287432,25.759577299546],[-80.1892109766603,25.7595757055772],[-80.1892100255987,25.7595741080035],[-80.1892090765307,25.7595725104409],[-80.1892081324404,25.7595709138086],[-80.1892071873656,25.7595693153656],[-80.1892062442966,25.7595677151284],[-80.1892053042241,25.7595661140052],[-80.1892043661451,25.7595645128932],[-80.1892034300719,25.759562909987],[-80.1892024930082,25.7595613061726],[-80.189201561925,25.7595597023915],[-80.189200630848,25.7595580977078],[-80.1891997017706,25.7595564921327],[-80.1891987737023,25.7595548847578],[-80.1891978496149,25.7595532783077],[-80.189196925546,25.7595516691497],[-80.1891960034706,25.7595500600029],[-80.1891950844039,25.7595484481649],[-80.1891941663279,25.759546837235],[-80.1891932522512,25.7595452245221],[-80.1891923391774,25.7595436109121],[-80.1891914251007,25.7595419981992],[-80.1891905150357,25.7595403818979],[-80.1891896059613,25.7595387665049],[-80.1891887008862,25.7595371493289],[-80.1891877958234,25.7595355303476],[-80.1891868937387,25.7595339131882],[-80.1891859916724,25.7595322933209],[-80.1891850945838,25.759530674384],[-80.1891841985103,25.7595290527448],[-80.189183302443,25.7595274302029],[-80.1891824103628,25.7595258076833],[-80.1891815212791,25.7595241842777],[-80.1891806302141,25.7595225590558],[-80.1891797431361,25.759520933856],[-80.1891788580701,25.7595193059595],[-80.1891779749854,25.7595176798794],[-80.1891770938942,25.7595160538103],[-80.1891762148211,25.7595144241419],[-80.1891753377416,25.7595127944845],[-80.189174461665,25.7595111639302],[-80.1891735865974,25.759509531576],[-80.1891727165075,25.7595079001523],[-80.1891718464299,25.7595062669234],[-80.189170978352,25.7595046328029],[-80.1891701142611,25.7595029987046],[-80.1891692501825,25.7595013628011],[-80.1891683871069,25.7594997260005],[-80.1891675270277,25.759498088314],[-80.189166668942,25.7594964506385],[-80.189165812856,25.7594948120715],[-80.1891649567762,25.7594931726019],[-80.1891641067015,25.7594915295552],[-80.1891632556116,25.7594898892107],[-80.1891624075305,25.759488246175],[-80.1891615614367,25.7594866040531],[-80.1891607163459,25.7594849610341],[-80.189159873267,25.7594833153183],[-80.1891590331723,25.7594816705218],[-80.1891581940867,25.7594800239256],[-80.1891573570007,25.7594783764379],[-80.1891565219144,25.7594767280587],[-80.1891556908151,25.7594750797016],[-80.1891548597282,25.7594734295394],[-80.1891540306347,25.7594717793882],[-80.1891532045378,25.7594701283511],[-80.189152378447,25.7594684764113],[-80.1891515563494,25.7594668235912],[-80.189150733255,25.7594651707654],[-80.1891499151567,25.7594635161622],[-80.1891490970646,25.7594618606564],[-80.1891482819751,25.759460203362],[-80.1891474698636,25.7594585478895],[-80.1891466577582,25.7594568915143],[-80.1891458486677,25.7594552315453],[-80.1891450415585,25.7594535733927],[-80.1891442354644,25.7594519125378],[-80.1891434303671,25.7594502516884],[-80.1891426322472,25.7594485908779],[-80.1891418301525,25.7594469282399],[-80.1891410330478,25.7594452647271],[-80.1891402369398,25.7594436012198],[-80.189139444819,25.7594419377347],[-80.189138653701,25.7594402733525],[-80.1891378615985,25.7594386071596],[-80.1891370754889,25.7594369391947],[-80.1891362883765,25.7594352721269],[-80.1891355042666,25.7594336032705],[-80.1891347241438,25.7594319344363],[-80.1891339430426,25.7594302628887],[-80.1891331669191,25.7594285922715],[-80.1891323897927,25.7594269225513],[-80.1891316146845,25.7594252492318],[-80.1891308435571,25.7594235768371],[-80.1891300724421,25.7594219026372],[-80.1891293063108,25.759420228465],[-80.1891285411825,25.7594185533957],[-80.1891277780538,25.759416877435],[-80.1891270129378,25.7594152005604],[-80.1891262528056,25.7594135237137],[-80.1891254956821,25.7594118441757],[-80.1891247405399,25.7594101664541],[-80.1891239864067,25.7594084869328],[-80.1891232342732,25.75940680652],[-80.1891224831426,25.7594051252101],[-80.1891217350023,25.7594034439169],[-80.1891209898585,25.7594017617377],[-80.1891202457236,25.7594000777588],[-80.1891195035762,25.7593983946937],[-80.1891187624379,25.7593967098288],[-80.1891180232992,25.7593950240724],[-80.1891172871569,25.7593933374301],[-80.1891165559924,25.7593916517182],[-80.1891158228466,25.7593899641898],[-80.1891150907037,25.7593882757645],[-80.1891143635447,25.7593865873669],[-80.1891136373946,25.7593848971696],[-80.1891129112446,25.7593832069723],[-80.1891121920781,25.7593815159112],[-80.1891114699213,25.7593798248335],[-80.1891107517761,25.7593781301675],[-80.1891100346093,25.7593764382149],[-80.189109321448,25.7593747435767],[-80.1891086102679,25.7593730507548],[-80.1891079010936,25.7593713561388],[-80.189107190941,25.7593696588093],[-80.1891064847693,25.7593679624047],[-80.1891057815941,25.7593662651142],[-80.1891050794217,25.7593645669265],[-80.1891043782523,25.7593628678418],[-80.1891036790703,25.7593611696708],[-80.1891029838814,25.7593594706194],[-80.1891022907107,25.7593577679686],[-80.1891015975338,25.7593560662205],[-80.1891009083439,25.7593543644945],[-80.1891002181574,25.759352662763],[-80.1890995339637,25.7593509592596],[-80.1890988497639,25.7593492566588],[-80.1890981675821,25.7593475504585],[-80.1890974873816,25.7593458460747],[-80.1890968111866,25.7593441390052],[-80.1890961339887,25.7593424328328],[-80.189095460784,25.7593407257799],[-80.1890947875915,25.7593390169218],[-80.1890941183862,25.759337308086],[-80.1890934491869,25.7593355983474],[-80.1890927849593,25.759333890442],[-80.1890921207562,25.759332178926],[-80.1890914595372,25.7593304683293],[-80.1890907983244,25.7593287568299],[-80.1890901411048,25.7593270444502],[-80.189089485891,25.7593253302763],[-80.1890888306649,25.7593236179077],[-80.1890881794443,25.7593219028534],[-80.189087531214,25.7593201878158],[-80.1890868819992,25.7593184709673],[-80.1890862367592,25.7593167559464],[-80.1890855925344,25.7593150382231],[-80.1890849512877,25.7593133223217],[-80.1890843120467,25.7593116046262],[-80.1890836758082,25.759309885142],[-80.1890830385792,25.7593081647498],[-80.1890824063218,25.7593064461905],[-80.1890817750733,25.7593047258315],[-80.1890811458307,25.7593030036784],[-80.1890805175787,25.7593012824334],[-80.189079893326,25.7592995594055],[-80.1890792680766,25.759297836372],[-80.189078647811,25.7592961133662],[-80.1890780295512,25.7592943885663],[-80.1890774122821,25.7592926646746],[-80.189076796022,25.7592909389832],[-80.1890761837489,25.759289213314],[-80.1890755714943,25.7592874849369],[-80.1890749632083,25.7592857592899],[-80.1890743569343,25.7592840309462],[-80.189073751657,25.7592823026079],[-80.1890731483855,25.7592805724756],[-80.1890725480982,25.7592788432625],[-80.1890719498106,25.759277113158],[-80.1890713515291,25.7592753821508],[-80.1890707582253,25.759273652074],[-80.1890701659244,25.7592719211001],[-80.1890695746387,25.7592701874239],[-80.1890689863371,25.759268454667],[-80.1890684010381,25.7592667201215],[-80.1890678147301,25.7592649873757],[-80.1890672334243,25.7592632519497],[-80.1890666511218,25.7592615165183],[-80.1890660737969,25.7592597820172],[-80.1890654984901,25.7592580439167],[-80.1890649241678,25.7592563076271],[-80.1890643518452,25.7592545704459],[-80.1890637815284,25.7592528314706],[-80.1890632132051,25.7592510925063],[-80.1890626488627,25.759249354467],[-80.189062031799,25.7592474536566],[-80.1890614157383,25.7592455519493],[-80.189060805658,25.7592436502752],[-80.1890601945872,25.759241747693],[-80.1890595875096,25.7592398442304],[-80.1890589814349,25.7592379398706],[-80.1890583783504,25.7592360355276],[-80.1890577762566,25.7592341320927],[-80.1890571761748,25.7592322259611],[-80.1890565780804,25.7592303207432],[-80.1890559809949,25.7592284137256],[-80.1890553888872,25.7592265076383],[-80.1890547977763,25.7592246015567],[-80.1890542076867,25.7592226918701],[-80.1890536205689,25.759220784908],[-80.1890530364721,25.7592188734495],[-80.1890524513541,25.7592169655959],[-80.1890518702353,25.7592150559592],[-80.189051292113,25.7592131454367],[-80.1890507139969,25.7592112340114],[-80.1890501378743,25.7592093225973],[-80.1890495657387,25.7592074112054],[-80.1890489956028,25.759205498922],[-80.1890484264698,25.7592035857415],[-80.1890478583336,25.7592016725666],[-80.1890472941906,25.7591997585112],[-80.1890467310505,25.7591978435588],[-80.1890461708945,25.7591959295257],[-80.1890456127505,25.7591940127958],[-80.189045055591,25.7591920978767],[-80.1890445004373,25.7591901811635],[-80.1890439492767,25.7591882635698],[-80.18904340003,25.7591863577213],[-80.1890428567639,25.7591844519061],[-80.1890423154974,25.7591825451994],[-80.1890417732342,25.7591806384871],[-80.1890412339613,25.7591787317915],[-80.1890406966942,25.7591768233018],[-80.1890401624112,25.7591749157313],[-80.1890396291373,25.7591730063611],[-80.1890390998566,25.7591710961106],[-80.1890385705636,25.7591691876652],[-80.1890380452699,25.7591672774368],[-80.189037520973,25.759165367214],[-80.1890369976852,25.7591634551915],[-80.1890364773876,25.7591615431857],[-80.1890359600803,25.7591596311965],[-80.1890354427731,25.7591577192073],[-80.1890349294651,25.7591558054351],[-80.1890344171417,25.7591538934737],[-80.1890339068425,25.7591519770103],[-80.1890333985184,25.7591500632658],[-80.1890328921939,25.7591481486299],[-80.1890323898688,25.7591462322109],[-80.1890318865286,25.7591443184942],[-80.1890313871999,25.7591424011892],[-80.1890308888618,25.7591404847924],[-80.1890303945109,25.7591385684178],[-80.189029900166,25.7591366511406],[-80.1890294088176,25.7591347329775],[-80.1890289204656,25.7591328139283],[-80.1890284321075,25.7591308957818],[-80.1890279467396,25.759128977652],[-80.1890274623931,25.7591270559172],[-80.1890269810123,25.7591251378096],[-80.1890265016558,25.7591232151999],[-80.189026025265,25.7591212962174],[-80.1890255488926,25.7591193745271],[-80.1890250765133,25.7591174519563],[-80.1890246051186,25.7591155311963],[-80.1890241357358,25.7591136077396],[-80.1890236693372,25.7591116852021],[-80.1890232049383,25.7591097617732],[-80.1890227415361,25.7591078383498],[-80.1890222801336,25.7591059140348],[-80.1890218217213,25.7591039897365],[-80.1890213653087,25.7591020645468],[-80.1890209118865,25.7591001393736],[-80.1890204584703,25.7590982132979],[-80.1890200070477,25.7590962872332],[-80.1890195596121,25.7590943611908],[-80.1890191141824,25.7590924333542],[-80.1890186687403,25.7590905073229],[-80.1890182273099,25.7590885777033],[-80.1890177868578,25.7590866507971],[-80.1890173494083,25.7590847221024],[-80.1890169129494,25.7590827943157],[-80.189016479487,25.7590808656432],[-80.1890160470458,25.7590789333657],[-80.1890156185672,25.7590770047209],[-80.1890151910914,25.759075075179],[-80.1890147617203,25.7590731311842],[-80.1890143363239,25.7590711890168],[-80.1890139119244,25.7590692468549],[-80.1890134905273,25.7590673029045],[-80.1890130681274,25.7590653598511],[-80.189012652711,25.759063415934],[-80.1890122363039,25.7590614711087],[-80.1890118238839,25.7590595263056],[-80.1890114104671,25.759057581497],[-80.1890110030432,25.7590556349164],[-80.1890105966037,25.7590536901467],[-80.1890101891859,25.7590517426635],[-80.1890097877487,25.7590497952136],[-80.1890093853025,25.7590478495634],[-80.1890089878523,25.7590459021358],[-80.1890085894054,25.7590439547026],[-80.1890081949455,25.7590420072916],[-80.1890078034759,25.7590400598973],[-80.1890074130215,25.7590381098006],[-80.1890070245544,25.7590361606177],[-80.1890066380871,25.7590342105433],[-80.1890062545977,25.7590322622907],[-80.1890058731142,25.759030312244],[-80.1890054926396,25.7590283603977],[-80.1890051141464,25.7590264103677],[-80.1890047386495,25.7590244594517],[-80.1890043651523,25.7590225076442],[-80.1890039946393,25.759020556756],[-80.1890036251353,25.7590186040681],[-80.1890032586155,25.7590166522995],[-80.1890028921079,25.7590146987256],[-80.1890025295812,25.7590127460766],[-80.1890021670545,25.7590107934276],[-80.1890018095239,25.7590088390011],[-80.1890014519872,25.7590068854772],[-80.1890010974531,25.7590049301647],[-80.1890007449063,25.759002975766],[-80.1890003943592,25.7590010204757],[-80.1890000468023,25.7589990652021],[-80.1889997002423,25.7589971099341],[-80.1889993566787,25.7589951537801],[-80.1889990141056,25.7589931985342],[-80.1889986745351,25.7589912414998],[-80.1889983359676,25.7589892835684],[-80.1889980013687,25.7589873283669],[-80.188997666782,25.7589853713603],[-80.1889973351918,25.7589834134676],[-80.1889970065918,25.7589814555917],[-80.1889966790009,25.7589794959161],[-80.1889963543941,25.7589775371597],[-80.188996030778,25.7589755793115],[-80.1889957101644,25.7589736196747],[-80.1889953915382,25.7589716609517],[-80.1889950739087,25.7589697022342],[-80.1889947592819,25.7589677417281],[-80.1889944456518,25.7589657812276],[-80.1889941370054,25.7589638207548],[-80.1889938283714,25.7589618584768],[-80.1889935227153,25.7589598980207],[-80.1889932190467,25.7589579384783],[-80.1889929163993,25.758955975331],[-80.1889926177329,25.7589540131086],[-80.1889923200693,25.758952049989],[-80.1889920233842,25.7589500895829],[-80.1889917306983,25.7589481273937],[-80.1889914390153,25.7589461643075],[-80.1889911493381,25.7589441994271],[-80.1889908626389,25.7589422363687],[-80.1889905779333,25.7589402733213],[-80.188990295215,25.7589383111877],[-80.1889900145087,25.7589363463573],[-80.188989735802,25.7589343806354],[-80.1889894600733,25.7589324167354],[-80.1889891853414,25.758930452841],[-80.1889889126153,25.7589284871524],[-80.1889886418949,25.7589265196697],[-80.1889883751371,25.7589245558196],[-80.1889881083915,25.7589225901644],[-80.1889878436395,25.7589206245202],[-80.1889875848864,25.7589186562015],[-80.1889873231246,25.758916690574],[-80.1889870653561,25.7589147240661],[-80.1889868105778,25.7589127575749],[-80.1889865577991,25.7589107901921],[-80.1889863060172,25.7589088228149],[-80.188986056235,25.7589068545461],[-80.1889858104336,25.7589048872023],[-80.1889855656291,25.7589029198639],[-80.1889853218274,25.7589009516285],[-80.188985082025,25.75889898161],[-80.1889848442039,25.758897013408],[-80.1889846083824,25.7588950443144],[-80.188984372561,25.7588930752208],[-80.1889841417294,25.7588911052523],[-80.1889839118885,25.758889136192],[-80.1889836850501,25.7588871653431],[-80.1889834591963,25.758885196305],[-80.1889832353359,25.7588832272781],[-80.1889830144781,25.7588812564625],[-80.1889827966106,25.7588792856636],[-80.1889825777463,25.7588773148592],[-80.188982362869,25.7588753440769],[-80.1889821489947,25.7588733723976],[-80.188981940098,25.7588714016487],[-80.1889817312013,25.7588694308998],[-80.1889815253071,25.7588674583623],[-80.188981320379,25.7588654903434],[-80.1889811184597,25.7588635196334],[-80.1889809195183,25.7588615507452],[-80.1889807205831,25.7588595809544],[-80.188980525641,25.7588576102832],[-80.1889803326802,25.7588556414284],[-80.1889801407284,25.7588536707739],[-80.1889799507701,25.7588517001304],[-80.1889797647927,25.7588497304118],[-80.1889795808272,25.7588477579965],[-80.1889793978463,25.7588457873919],[-80.1889792168527,25.7588438177011],[-80.1889790388678,25.7588418453191],[-80.1889788628641,25.7588398747534],[-80.1889786888601,25.7588379032962],[-80.1889785168435,25.7588359327527],[-80.1889783468326,25.7588339604151],[-80.1889781797998,25.7588319898994],[-80.1889780137821,25.7588300166814],[-80.1889778507547,25.75882804348],[-80.1889776897086,25.758826072095],[-80.1889775326617,25.7588240989269],[-80.1889773746058,25.7588221275586],[-80.1889772195525,25.7588201544016],[-80.1889770684862,25.7588181812669],[-80.1889769164231,25.7588162081266],[-80.1889767683471,25.7588142350086],[-80.188976621274,25.7588122609934],[-80.1889764781817,25.7588102879031],[-80.1889763370891,25.7588083139213],[-80.1889761979839,25.7588063408532],[-80.1889760598815,25.7588043668881],[-80.188975922776,25.7588023929284],[-80.1889757916571,25.7588004180996],[-80.1889756605321,25.7587984441732],[-80.1889755304038,25.7587964702525],[-80.1889754042626,25.758794496354],[-80.188975280121,25.758792521564],[-80.18897515697,25.7587905476821],[-80.1889750368093,25.7587885738169],[-80.1889749196634,25.7587865963578],[-80.188974802493,25.7587846225093],[-80.1889746883251,25.7587826468721],[-80.188974578132,25.7587806730625],[-80.1889744669605,25.7587786965394],[-80.1889743607544,25.7587767227519],[-80.1889742555696,25.7587747453595],[-80.1889741513693,25.7587727697779],[-80.1889740501531,25.7587707951156],[-80.1889739509488,25.7587688177565],[-80.1889738567038,25.7587668440356],[-80.1889737614743,25.758764868504],[-80.1889736692412,25.7587628920864],[-80.1889735790139,25.7587609138747],[-80.1889734897588,25.758758939279],[-80.1889734045091,25.7587569619977],[-80.1889733222312,25.7587549874408],[-80.1889732379783,25.758753010165],[-80.1889731606904,25.7587510347334],[-80.1889730824181,25.7587490574909],[-80.1889730081327,25.7587470802706],[-80.1889729358224,25.7587451057694],[-80.1889728645335,25.7587431276631],[-80.1889727962225,25.7587411513788],[-80.1889727289145,25.7587391741974],[-80.1889726645966,25.7587371970327],[-80.1889726042659,25.7587352198902],[-80.1889725419354,25.7587332436391],[-80.1889724855978,25.7587312656162],[-80.1889724292541,25.7587292884959],[-80.1889723759006,25.7587273113923],[-80.1889723235377,25.7587253351967],[-80.1889722751741,25.7587233572183],[-80.1889722278012,25.7587213801479],[-80.1889721834246,25.7587194021916],[-80.1889721400325,25.7587174260461],[-80.1889720986462,25.7587154481065],[-80.1889720622315,25.7587134719998],[-80.188972026838,25.7587114922883],[-80.1889719904293,25.758709515279],[-80.1889719580077,25.758707538292],[-80.1889719285764,25.7587055613216],[-80.1889719001478,25.7587035834541],[-80.1889718737129,25.7587016055978],[-80.1889718522617,25.7586996277692],[-80.1889718308105,25.7586976499406],[-80.1889718123434,25.7586956730313],[-80.1889717938948,25.7586936934141],[-80.1889717814082,25.7586917165381],[-80.1889717659376,25.7586897387428],[-80.1889717574442,25.7586877609864],[-80.1889717489508,25.75868578323],[-80.1889717424448,25.7586838063874],[-80.1889717379385,25.7586818286532],[-80.1889717374191,25.7586798509412],[-80.1889717368998,25.7586778732292],[-80.1889717403613,25.758675896442],[-80.188971744838,25.7586739169526],[-80.1889717502931,25.7586719401765],[-80.1889717597535,25.7586699607149],[-80.1889717701924,25.7586679839666],[-80.1889717836276,25.7586660063323],[-80.188971800053,25.7586640287147],[-80.1889718164785,25.7586620510972],[-80.1889718358881,25.7586600743988],[-80.1889718582941,25.7586580968146],[-80.1889718836965,25.7586561183443],[-80.1889719090928,25.7586541407767],[-80.1889719364826,25.7586521632202],[-80.1889719678593,25.7586501856859],[-80.18897199923,25.7586482090542],[-80.1889720346061,25.7586462297369],[-80.1889720709605,25.758644253133],[-80.188972111308,25.7586422756487],[-80.1889721506589,25.7586402981588],[-80.1889721959902,25.7586383207023],[-80.1889722403186,25.7586363441427],[-80.188972289637,25.7586343667084],[-80.1889723379586,25.7586323892685],[-80.1889723902672,25.7586304118508],[-80.1889724455599,25.7586284353524],[-80.188972499862,25.7586264579458],[-80.1889725601447,25.7586244805725],[-80.1889726204273,25.7586225031992],[-80.1889726846847,25.7586205276534],[-80.1889727479576,25.7586185502968],[-80.1889728152113,25.758616573865],[-80.1889728844647,25.7586145965417],[-80.1889729567084,25.7586126192351],[-80.1889730289398,25.7586106437337],[-80.1889731051705,25.7586086664492],[-80.1889731823979,25.7586066891703],[-80.1889732626033,25.7586047137134],[-80.1889733448023,25.7586027382675],[-80.1889734280102,25.7586007610219],[-80.1889735142084,25.758598783793],[-80.1889736053781,25.7585968083971],[-80.188973695551,25.7585948329957],[-80.1889737877236,25.7585928567027],[-80.1889738828865,25.7585908804264],[-80.1889739810396,25.7585889041667],[-80.1889740791743,25.7585869306149],[-80.188974179327,25.7585849534637],[-80.188974285448,25.7585829781511],[-80.1889743905783,25.7585810019303],[-80.1889744976838,25.7585790284285],[-80.1889746087947,25.758577052241],[-80.1889747198872,25.7585750787614],[-80.1889748339883,25.7585731025906],[-80.1889749510796,25.7585711264364],[-80.1889750701523,25.7585691520986],[-80.1889751902217,25.7585671777663],[-80.1889753152748,25.7585652034618],[-80.1889754403279,25.7585632291573],[-80.1889755663839,25.7585612539557],[-80.1889756964208,25.758559279679],[-80.1889758274483,25.7585573063104],[-80.1889759604755,25.7585553320503],[-80.1889760974896,25.7585533578124],[-80.1889762364973,25.7585513835857],[-80.1889763764955,25.7585494102671],[-80.1889765184873,25.7585474369596],[-80.1889766624787,25.7585454627606],[-80.1889768094481,25.7585434903834],[-80.188976958411,25.7585415180174],[-80.1889771093797,25.7585395438573],[-80.1889772623296,25.7585375715135],[-80.1889774182697,25.7585355991864],[-80.1889775752128,25.7585336259621],[-80.1889777361367,25.7585316536627],[-80.1889778970606,25.7585296813634],[-80.1889780609809,25.758527708178],[-80.1889782258795,25.7585257377061],[-80.1889783947835,25.7585237645485],[-80.1889785656688,25.7585217932072],[-80.1889787375447,25.7585198227742],[-80.1889789114325,25.7585178496444],[-80.1889790892889,25.7585158792446],[-80.1889792681482,25.7585139079478],[-80.1889794499916,25.7585119375702],[-80.188979631835,25.7585099671927],[-80.1889798176838,25.7585079941295],[-80.1889800044926,25.7585060264875],[-80.1889801943161,25.7585040552518],[-80.1889803861331,25.7585020840272],[-80.1889805799253,25.7585001155215],[-80.1889807757293,25.758498144319],[-80.1889809745052,25.7584961758411],[-80.1889811752868,25.7584942055691],[-80.1889813780497,25.7584922371133],[-80.1889815818094,25.7584902686632],[-80.1889817875686,25.7584882993215],[-80.1889819973088,25.7584863309047],[-80.1889822090485,25.7584843615963],[-80.1889824217789,25.7584823931961],[-80.1889826384901,25.7584804257208],[-80.1889828552014,25.7584784582454],[-80.1889830739062,25.7584764907811],[-80.188983296604,25.7584745224365],[-80.1889835212893,25.7584725550055],[-80.1889837459745,25.7584705875746],[-80.1889839746406,25.7584686210684],[-80.1889842053002,25.7584666545734],[-80.1889844379595,25.7584646871869],[-80.1889846725999,25.7584627216167],[-80.18898490924,25.758460755155],[-80.1889851478675,25.758458789607],[-80.188985390482,25.7584568240812],[-80.1889856320935,25.7584548594525],[-80.188985878695,25.758452893949],[-80.1889861262932,25.7584509284509],[-80.188986374882,25.7584489638611],[-80.1889866254643,25.7584469992824],[-80.1889868800337,25.7584450347258],[-80.1889871366026,25.7584430692778],[-80.1889873961373,25.7584411074569],[-80.188987655678,25.7584391447334],[-80.1889879182275,25.7584371793186],[-80.1889881817553,25.7584352166173],[-80.1889884492701,25.7584332539382],[-80.1889887177877,25.758431290362],[-80.1889889892834,25.7584293286077],[-80.1889892617819,25.7584273659563],[-80.1889895382613,25.7584254042298],[-80.1889898157374,25.7584234425088],[-80.1889900942164,25.7584214798908],[-80.1889903756672,25.7584195199973],[-80.1889906611112,25.7584175592233],[-80.188990947552,25.7584155984549],[-80.1889912329898,25.7584136385836],[-80.1889915244204,25.7584116769403],[-80.1889918178261,25.758409718016],[-80.1889921112379,25.7584077581891],[-80.18899240764,25.7584057983789],[-80.1889927080229,25.7584038394934],[-80.188993008412,25.7584018797054],[-80.188993311779,25.7583999217392],[-80.1889936171396,25.7583979637842],[-80.1889939244997,25.7583960049376],[-80.1889942328444,25.7583940479018],[-80.1889945451822,25.7583920899857],[-80.1889948585105,25.7583901329776],[-80.1889951748169,25.7583881777915],[-80.188995493129,25.7583862208112],[-80.1889958124379,25.7583842638366],[-80.1889961337341,25.7583823077756],[-80.1889964590235,25.7583803508342],[-80.1889967852973,25.7583783957035],[-80.1889971145675,25.758376439687],[-80.1889974448161,25.7583744863838],[-80.1889977770765,25.7583725303839],[-80.1889981123026,25.7583705780111],[-80.1889984505436,25.7583686220445],[-80.1889987887722,25.7583666678831],[-80.1889991319724,25.7583647155547],[-80.1889994741819,25.7583627623182],[-80.1889998193755,25.7583608100009],[-80.1890001685622,25.7583588568033],[-80.1890005187396,25.7583569045138],[-80.1890008699076,25.7583549531324],[-80.1890012240658,25.7583530017677],[-80.1890015812142,25.7583510504197],[-80.1890019393594,25.7583490990772],[-80.1890023014793,25.7583471495622],[-80.1890026626148,25.7583451982364],[-80.1890030257375,25.7583432478243],[-80.189003393838,25.7583412983425],[-80.1890037629289,25.758339349769],[-80.1890041360192,25.7583373994124],[-80.1890045081004,25.7583354508555],[-80.1890048831719,25.7583335023152],[-80.1890052612214,25.7583315555969],[-80.1890056412705,25.758329607987],[-80.1890060223224,25.7583276594801],[-80.1890064063462,25.7583257136976],[-80.1890067913851,25.7583237652129],[-80.1890071803927,25.7583218194582],[-80.1890075703847,25.7583198755143],[-80.1890079613857,25.7583179297708],[-80.1890083573704,25.758315984055],[-80.189008753349,25.7583140392418],[-80.1890091523118,25.7583120953478],[-80.1890095542708,25.7583101505679],[-80.1890099562238,25.7583082066907],[-80.1890103631543,25.7583062637438],[-80.1890107690881,25.7583043207914],[-80.1890111780122,25.7583023778556],[-80.1890115909232,25.758300434942],[-80.1890120028252,25.7582984938281],[-80.1890124177297,25.7582965509256],[-80.1890128366089,25.7582946098506],[-80.189013255482,25.7582926696782],[-80.1890136783543,25.7582907277227],[-80.1890141021989,25.7582887893833],[-80.1890145300427,25.7582868492608],[-80.1890149568836,25.7582849100354],[-80.1890153887021,25.7582829717404],[-80.1890158195299,25.7582810325372],[-80.1890162553416,25.7582790933618],[-80.1890166921377,25.7582771559972],[-80.1890171309273,25.7582752186436],[-80.1890175726948,25.758273283112],[-80.1890180144746,25.7582713457751],[-80.1890184612443,25.7582694075633],[-80.1890189089862,25.7582674729676],[-80.1890193567342,25.7582655374693],[-80.1890198084569,25.7582636037984],[-80.1890202621793,25.7582616692359],[-80.1890207188919,25.7582597346902],[-80.189021177598,25.7582578001555],[-80.1890216352889,25.7582558683232],[-80.1890220999754,25.7582539338218],[-80.1890225626562,25.7582520011146],[-80.1890230293178,25.7582500693322],[-80.1890234979729,25.7582481375609],[-80.1890239676125,25.7582462076004],[-80.1890244412575,25.7582442749543],[-80.1890249158747,25.7582423459241],[-80.1890253914947,25.7582404159969],[-80.1890258720985,25.7582384860975],[-80.1890263527023,25.758236556198],[-80.1890268352934,25.7582346272123],[-80.1890273208686,25.7582326991459],[-80.1890278064438,25.7582307710794],[-80.1890282979934,25.7582288439489],[-80.1890287885401,25.7582269177154],[-80.1890292820831,25.758224990596],[-80.1890297786103,25.7582230643958],[-80.1890302751312,25.7582211390983],[-80.1890307756454,25.7582192129204],[-80.1890312781407,25.7582172885587],[-80.1890317816328,25.7582153642027],[-80.1890322871183,25.7582134398577],[-80.1890327955819,25.7582115173346],[-80.1890333080385,25.7582095939311],[-80.18903381948,25.75820767323],[-80.189034334933,25.7582057489405],[-80.1890348513582,25.7582038282671],[-80.1890353687801,25.7582019075992],[-80.1890358901891,25.7581999869535],[-80.1890364135976,25.7581980654163],[-80.1890369389935,25.7581961447929],[-80.1890374653555,25.758194228688],[-80.1890379937477,25.7581923071786],[-80.1890385261024,25.7581903893019],[-80.1890390604506,25.7581884714362],[-80.1890395957894,25.7581865544787],[-80.1890401321249,25.7581846375268],[-80.189040673438,25.7581827215052],[-80.1890412147511,25.7581808054836],[-80.1890417580516,25.7581788903758],[-80.1890423043422,25.7581769752846],[-80.1890428516358,25.7581750592963],[-80.1890434009044,25.758173146027],[-80.18904395416,25.7581712327799],[-80.1890445084063,25.7581693204409],[-80.1890450646582,25.7581674063079],[-80.1890456238821,25.7581654948993],[-80.1890461840965,25.7581635843989],[-80.1890467453137,25.7581616730014],[-80.1890473124992,25.7581597634425],[-80.1890478786941,25.7581578529754],[-80.1890484458795,25.7581559434165],[-80.1890490180487,25.7581540338853],[-80.1890495912085,25.7581521252623],[-80.1890501663557,25.758150217553],[-80.1890507444869,25.758148310763],[-80.1890513226181,25.758146403973],[-80.1890519047425,25.7581444963026],[-80.1890524878451,25.7581425913455],[-80.1890530729413,25.7581406863996],[-80.189053660037,25.7581387805621],[-80.189054249114,25.758136876541],[-80.1890548411812,25.7581349725366],[-80.1890554362326,25.7581330694514],[-80.189056030281,25.7581311672633],[-80.1890566293193,25.7581292642003],[-80.1890572303265,25.7581273647589],[-80.1890578313582,25.758125461707],[-80.1890584353618,25.7581235613796],[-80.1890590413527,25.7581216619659],[-80.1890596493371,25.7581197625634],[-80.1890602603117,25.7581178631775],[-80.189060872277,25.7581159646998],[-80.1890614872386,25.758114065336],[-80.1890621041691,25.7581121695939],[-80.1890627221086,25.7581102720521],[-80.1890633420356,25.758108375424],[-80.1890639639375,25.7581064815148],[-80.1890645918384,25.7581045849311],[-80.1890652167244,25.7581026919412],[-80.1890658466003,25.7581007980765],[-80.1890664774669,25.7580989051199],[-80.189067110333,25.7580970112718],[-80.1890677461832,25.758095118343],[-80.1890683830179,25.7580932272249],[-80.1890690218522,25.7580913352154],[-80.1890696626677,25.7580894450221],[-80.1890703054706,25.7580875557426],[-80.1890709522726,25.7580856646801],[-80.189071600047,25.7580837772336],[-80.1890722488241,25.75808188889],[-80.1890728996009,25.7580799996549],[-80.189073555343,25.7580781131553],[-80.1890742100761,25.7580762284556],[-80.1890748668149,25.7580743419616],[-80.1890755275346,25.7580724563925],[-80.1890761892448,25.7580705717315],[-80.1890768549359,25.7580686879953],[-80.189077520627,25.7580668042592],[-80.1890781873087,25.7580649214312],[-80.1890788569745,25.7580630395225],[-80.1890795296366,25.7580611567278],[-80.18908020428,25.7580592757494],[-80.1890808799139,25.7580573956792],[-80.1890815575475,25.7580555147176],[-80.1890822391496,25.7580536364859],[-80.1890829217546,25.7580517573572],[-80.1890836043534,25.7580498791311],[-80.1890842929266,25.7580480018409],[-80.189084980503,25.7580461245452],[-80.1890856690701,25.7580442481576],[-80.1890863626147,25.7580423727004],[-80.1890870581527,25.7580404972543],[-80.1890877546814,25.7580386227164],[-80.1890884532036,25.7580367481896],[-80.1890891537069,25.7580348754791],[-80.1890898561915,25.7580330045849],[-80.1890905616847,25.7580311309995],[-80.1890912691469,25.7580292610357],[-80.1890919776119,25.7580273901749],[-80.1890926870736,25.7580255193196],[-80.1890934005162,25.7580236493891],[-80.1890941159339,25.7580217821775],[-80.1890948333573,25.7580199131718],[-80.1890955527619,25.7580180459825],[-80.1890962731632,25.7580161787987],[-80.1890969975454,25.7580143125397],[-80.1890977219153,25.758012448086],[-80.1890984482848,25.7580105827407],[-80.1890991796381,25.7580087174232],[-80.1890999099761,25.758006854808],[-80.1891006433105,25.7580049913068],[-80.18910137862,25.7580031305246],[-80.1891021149447,25.75800126704],[-80.1891028552256,25.7579994080908],[-80.1891035955249,25.7579975464336],[-80.1891043397928,25.7579956875066],[-80.1891050850635,25.7579938276825],[-80.1891058333061,25.7579919705829],[-80.1891065825515,25.7579901125862],[-80.1891073337782,25.7579882564058],[-80.1891080880012,25.7579863993395],[-80.1891088442115,25.7579845431869],[-80.1891096014124,25.7579826879425],[-80.1891103595978,25.7579808345088],[-80.1891111217702,25.7579789810973],[-80.1891118849454,25.7579771267888],[-80.1891126510925,25.7579752752048],[-80.189113419233,25.7579734236318],[-80.1891141883641,25.7579715729671],[-80.1891149604855,25.757969722319],[-80.1891157335913,25.7579678734816],[-80.189116510684,25.7579660246665],[-80.1891172877645,25.7579641776566],[-80.189118065854,25.757962328847],[-80.1891188489149,25.7579604818704],[-80.1891196329604,25.7579586367046],[-80.189120419996,25.7579567915554],[-80.1891212070377,25.7579549455036],[-80.1891219960484,25.7579531030734],[-80.1891227880492,25.7579512606598],[-80.1891235820498,25.7579494173547],[-80.1891243790282,25.7579475758715],[-80.1891251770034,25.7579457343939],[-80.1891259749663,25.7579438947214],[-80.1891267789096,25.7579420550823],[-80.1891275818501,25.7579402163402],[-80.189128386784,25.7579383776092],[-80.1891291956988,25.7579365398031],[-80.1891300065948,25.7579347038133],[-80.189130816494,25.7579328678179],[-80.1891316303801,25.7579310318447],[-80.1891324472443,25.7579291976934],[-80.1891332651113,25.757927362645],[-80.1891340839565,25.7579255303101],[-80.1891349067889,25.7579236979973],[-80.1891357306117,25.7579218665927],[-80.1891365564219,25.7579200361018],[-80.1891373862191,25.7579182056331],[-80.1891382140167,25.7579163760559],[-80.1891390467918,25.7579145474091],[-80.1891398795607,25.7579127196649],[-80.1891407153138,25.75791089284],[-80.1891415530603,25.7579090660261],[-80.1891423947815,25.7579072410397],[-80.1891432345154,25.7579054151396],[-80.1891440792206,25.7579035910725],[-80.1891449239197,25.7579017679079],[-80.1891457725997,25.7578999456682],[-80.1891466222764,25.7578981234341],[-80.1891474729437,25.757896302108],[-80.189148327598,25.7578944808042],[-80.1891491822399,25.7578926613057],[-80.1891500408688,25.7578908418293],[-80.1891509004761,25.7578890250663],[-80.1891517620829,25.7578872074118],[-80.18915262668,25.757885389774],[-80.1891534912525,25.7578835757466],[-80.1891543598181,25.7578817608388],[-80.1891552283776,25.7578799468336],[-80.1891560999334,25.7578781319424],[-80.1891569734582,25.7578763206728],[-80.1891578489825,25.7578745085117],[-80.1891587265004,25.7578726963616],[-80.1891596049965,25.757870886925],[-80.1891604864768,25.7578690784077],[-80.1891613699627,25.7578672680962],[-80.1891622564205,25.7578654605092],[-80.1891631438689,25.7578636538303],[-80.189164032314,25.757861847157],[-80.1891649227342,25.7578600432027],[-80.189165816163,25.7578582365572],[-80.1891667125636,25.7578564326361],[-80.1891676089642,25.757854628715],[-80.1891685083366,25.7578528275185],[-80.1891694097086,25.7578510254304],[-80.1891703120651,25.7578492251531],[-80.189171217418,25.7578474239899],[-80.1891721237491,25.75784562554],[-80.1891730340672,25.7578438271123],[-80.1891739433824,25.7578420295817],[-80.1891748556817,25.7578402329703],[-80.1891757719618,25.7578384372838],[-80.1891766892387,25.7578366416028],[-80.1891776065032,25.7578348477271],[-80.1891785277486,25.7578330547761],[-80.1891794509875,25.7578312618363],[-80.1891803732234,25.7578294697935],[-80.1891813014337,25.7578276786866],[-80.1891822306284,25.7578258893905],[-80.1891831588325,25.7578240991862],[-80.189184092002,25.7578223117176],[-80.1891850261742,25.7578205233518],[-80.1891859633306,25.7578187359053],[-80.1891869014652,25.7578169511723],[-80.1891878406028,25.7578151655421],[-80.1891887827244,25.7578133808312],[-80.1891897268272,25.7578115979366],[-80.1891906739202,25.7578098150588],[-80.1891916200042,25.7578080339805],[-80.1891925700751,25.7578062529244],[-80.1891935221334,25.7578044727821],[-80.1891944771758,25.7578026935591],[-80.189195432212,25.7578009152386],[-80.1891963912291,25.757799137843],[-80.1891973492432,25.7577973613444],[-80.1891983112504,25.7577955839654],[-80.189199274236,25.7577938092998],[-80.1892002401995,25.7577920364561],[-80.1892012061752,25.7577902618071],[-80.1892021761195,25.7577884898882],[-80.1892031460638,25.7577867179693],[-80.1892041179832,25.7577849487693],[-80.1892050948985,25.7577831777918],[-80.1892060727983,25.7577814086251],[-80.1892070496829,25.7577796421607],[-80.1892080305728,25.7577778730107],[-80.1892090134256,25.7577761083848],[-80.1892099992748,25.7577743428729],[-80.1892109831242,25.7577725782526],[-80.1892119749415,25.7577708145793],[-80.1892129637563,25.7577690526946],[-80.189213956558,25.757767290832],[-80.1892149503503,25.7577655298776],[-80.1892159481295,25.7577637689455],[-80.1892169448936,25.7577620107156],[-80.1892179446541,25.7577602515997],[-80.1892189464018,25.7577584933975],[-80.1892199501247,25.7577567379143],[-80.1892209558287,25.7577549842475],[-80.1892219635446,25.7577532278838],[-80.1892229742446,25.7577514724394],[-80.1892239839172,25.7577497215026],[-80.1892249975951,25.7577479678801],[-80.1892260142387,25.7577462178847],[-80.1892270298732,25.757744469689],[-80.1892280495131,25.7577427188076],[-80.1892290701314,25.7577409706396],[-80.1892300937398,25.7577392224882],[-80.1892311173298,25.7577374770448],[-80.1892321439039,25.7577357325205],[-80.1892331734805,25.7577339862077],[-80.1892342030448,25.7577322417001],[-80.189235235587,25.7577304990144],[-80.1892362691199,25.7577287572369],[-80.1892373056368,25.7577270163786],[-80.1892383461406,25.7577252755425],[-80.1892393846264,25.7577235383057],[-80.1892404261086,25.757721800183],[-80.1892414695842,25.7577200620714],[-80.1892425160378,25.7577183257816],[-80.189243563488,25.7577165894974],[-80.1892446119106,25.7577148568292],[-80.189245665329,25.7577131223836],[-80.1892467147482,25.7577113897209],[-80.1892477731319,25.7577096580108],[-80.1892488285253,25.7577079262841],[-80.1892498878935,25.7577061963848],[-80.1892509482338,25.7577044701015],[-80.1892520125857,25.7577027402299],[-80.1892530759162,25.7577010139632],[-80.1892541422431,25.7576992868105],[-80.189255210545,25.7576975623768],[-80.1892562808343,25.7576958388569],[-80.189257352108,25.7576941171476],[-80.1892584253874,25.7576923936443],[-80.1892595016448,25.7576906719628],[-80.1892605798773,25.7576889530002],[-80.1892616591126,25.7576872331406],[-80.1892627403353,25.7576855141947],[-80.1892638235452,25.7576837961626],[-80.1892649087364,25.7576820799467],[-80.1892659959088,25.7576803655471],[-80.189267083075,25.7576786520502],[-80.1892681752311,25.7576769376784],[-80.1892692683655,25.75767522602],[-80.1892703624965,25.7576735143671],[-80.189271458615,25.7576718036279],[-80.1892725567207,25.7576700938025],[-80.1892736568138,25.7576683848907],[-80.1892747588881,25.7576666777953],[-80.1892758639465,25.7576649716192],[-80.1892769689987,25.7576632663456],[-80.1892780760444,25.7576615610832],[-80.189279186068,25.7576598576426],[-80.1892802970883,25.7576581542075],[-80.1892814090931,25.7576564525833],[-80.189282524082,25.7576547518783],[-80.1892836410582,25.757653052087],[-80.1892847610123,25.7576513541175],[-80.1892858799697,25.7576496561426],[-80.189287001905,25.7576479599895],[-80.1892881268305,25.757646263853],[-80.1892892527405,25.7576445695273],[-80.1892903796349,25.7576428770124],[-80.1892915095379,25.7576411818063],[-80.1892926414099,25.7576394902217],[-80.1892937742663,25.7576378004479],[-80.1892949101129,25.7576361106908],[-80.1892960459411,25.7576344236415],[-80.1892971867592,25.7576327357173],[-80.1892983275649,25.7576310495984],[-80.1892994693735,25.7576293625823],[-80.1893006141478,25.7576276791934],[-80.1893017599188,25.75762599581],[-80.1893029076771,25.7576243133403],[-80.1893040584256,25.7576226308873],[-80.1893052091496,25.7576209520447],[-80.1893063628699,25.7576192723162],[-80.1893075185775,25.7576175935013],[-80.1893086752635,25.7576159173999],[-80.1893098349458,25.7576142404125],[-80.1893109956187,25.7576125643332],[-80.1893121582666,25.7576108909729],[-80.1893133219113,25.7576092176181],[-80.1893144895368,25.7576075451881],[-80.1893156581406,25.7576058754715],[-80.1893168257599,25.7576042039442],[-80.1893179993412,25.7576025351579],[-80.1893191719197,25.7576008672688],[-80.1893203474822,25.7575992002988],[-80.1893215270255,25.7575975342537],[-80.1893227035663,25.7575958699972],[-80.1893238860814,25.7575942066765],[-80.1893250675998,25.7575925433503],[-80.1893262521022,25.7575908809434],[-80.1893274385858,25.7575892203528],[-80.1893286280474,25.757587561584],[-80.1893298165183,25.7575859019071],[-80.1893310089516,25.7575842458629],[-80.1893322023878,25.7575825889215],[-80.1893333978052,25.7575809337965],[-80.189334594207,25.7575792804823],[-80.1893357936052,25.7575776262821],[-80.1893369949723,25.7575759757034],[-80.1893381953488,25.7575743242166],[-80.1893394006967,25.7575726745627],[-80.1893406060323,25.7575710267141],[-80.189341814352,25.7575693797847],[-80.1893430246774,25.7575677310612],[-80.1893442359811,25.757566085051],[-80.189345449266,25.7575644408572],[-80.1893466645322,25.7575627984797],[-80.1893478817856,25.757561157016],[-80.1893491000419,25.7575595146551],[-80.1893503202733,25.7575578750132],[-80.189351542492,25.757556236285],[-80.1893527667041,25.7575545975678],[-80.1893539928975,25.757552960667],[-80.1893552210781,25.7575513246799],[-80.1893564492465,25.7575496904981],[-80.1893576804051,25.7575480563328],[-80.1893589135388,25.7575464248866],[-80.1893601476753,25.7575447925432],[-80.1893613847897,25.7575431620217],[-80.1893626228886,25.757541533311],[-80.1893638639716,25.7575399055195],[-80.1893651050484,25.7575382786306],[-80.1893663481125,25.7575366526554],[-80.1893675941669,25.7575350266969],[-80.1893688401967,25.7575334043489],[-80.1893700902134,25.757531782023],[-80.189371340224,25.7575301605997],[-80.1893725932125,25.7575285409983],[-80.1893738452103,25.7575269204888],[-80.1893751021674,25.7575253036174],[-80.1893763611302,25.7575236849519],[-80.1893776200622,25.7575220707994],[-80.1893788809878,25.7575204566581],[-80.1893801439006,25.7575188434304],[-80.1893814108005,25.757517230225],[-80.1893826766973,25.7575156179166],[-80.1893839435726,25.7575140083215],[-80.1893852144225,25.757512400554],[-80.1893864842756,25.7575107927808],[-80.1893877591124,25.7575091850354],[-80.1893890339309,25.7575075799978],[-80.1893903107427,25.7575059749713],[-80.1893915895419,25.7575043708585],[-80.18939287031,25.7575027703673],[-80.1893941510904,25.7575011680708],[-80.189395436836,25.7574995685099],[-80.1893967235662,25.7574979707598],[-80.1893980102962,25.7574963730097],[-80.1893992990136,25.7574947761732],[-80.189400590709,25.7574931811587],[-80.1894018814137,25.7574915852359],[-80.189403179071,25.7574899929625],[-80.1894044727291,25.7574884024721],[-80.1894057693835,25.7574868110957],[-80.1894070710033,25.7574852224549],[-80.1894083726229,25.7574836338141],[-80.1894096752271,25.7574820469841],[-80.1894109798247,25.7574804601651],[-80.1894122854006,25.7574788760595],[-80.1894135949573,25.7574772928788],[-80.1894149045141,25.757475709698],[-80.189416216052,25.7574741283335],[-80.1894175295649,25.757472549688],[-80.1894188440869,25.7574709692428],[-80.1894201625835,25.757469390625],[-80.1894214810556,25.7574678156177],[-80.1894228005305,25.7574662397133],[-80.1894241229956,25.7574646638255],[-80.1894254464329,25.7574630915537],[-80.1894267728543,25.7574615202012],[-80.1894280992695,25.7574599497513],[-80.1894294286749,25.757458379318],[-80.1894307600554,25.7574568116036],[-80.1894320904391,25.7574552438837],[-80.1894334247914,25.7574536788939],[-80.1894347611432,25.7574521130125],[-80.1894360984673,25.757450550747],[-80.189437436788,25.7574489884872],[-80.189438778099,25.7574474262439],[-80.1894401203883,25.7574458667141],[-80.189441463662,25.757444308995],[-80.1894428109227,25.7574427512981],[-80.1894441581772,25.7574411945039],[-80.1894455084035,25.7574396404341],[-80.1894468576392,25.7574380854561],[-80.1894482108557,25.7574365314029],[-80.1894495660534,25.7574349791661],[-80.1894509222294,25.7574334296426],[-80.189452279396,25.7574318810273],[-80.1894536385438,25.7574303342283],[-80.1894550006817,25.757428787446],[-80.1894563618229,25.757427240658],[-80.1894577269327,25.7574256966002],[-80.1894590940298,25.7574241534559],[-80.1894604601179,25.7574226121115],[-80.1894618311896,25.7574210707947],[-80.1894632012462,25.7574195321802],[-80.1894645752897,25.7574179935878],[-80.1894659493148,25.7574164577034],[-80.1894673263362,25.7574149209329],[-80.1894687043298,25.7574133877785],[-80.1894700833202,25.7574118546296],[-80.1894714652946,25.7574103223999],[-80.1894728462722,25.7574087901647],[-80.1894742312122,25.7574072615621],[-80.1894756191364,25.7574057338788],[-80.1894770060637,25.7574042061899],[-80.1894783939755,25.7574026803117],[-80.1894797868649,25.757401155364],[-80.189481178739,25.7573996331185],[-80.1894825736034,25.7573981108897],[-80.1894839704551,25.7573965895745],[-80.1894853682913,25.7573950700701],[-80.1894867671119,25.7573935523765],[-80.1894881689289,25.7573920337969],[-80.1894895717119,25.757390519736],[-80.1894909754977,25.7573890047779],[-80.1894923832644,25.7573874907447],[-80.1894937910249,25.757385977614],[-80.1894951987609,25.7573844680938],[-80.1894966084902,25.7573829585847],[-80.1894980222005,25.7573814500004],[-80.1894994359045,25.7573799423187],[-80.1895008545678,25.7573784382751],[-80.1895022712436,25.7573769333179],[-80.1895036899067,25.7573754292744],[-80.1895051095482,25.7573739279442],[-80.1895065341611,25.757372428447],[-80.1895079577895,25.757370927139],[-80.1895093813872,25.7573694303441],[-80.1895108119682,25.7573679326854],[-80.1895122395405,25.7573664377179],[-80.1895136701092,25.7573649418644],[-80.1895151026469,25.7573634496324],[-80.1895165371841,25.7573619565089],[-80.1895179726812,25.7573604688067],[-80.1895194101902,25.7573589784076],[-80.1895208486714,25.7573574916246],[-80.1895222891521,25.7573560039501],[-80.1895237306051,25.7573545198916],[-80.1895251750605,25.7573530340444],[-80.1895266214726,25.757351553624],[-80.1895280669063,25.7573500704902],[-80.1895295143151,25.7573485900754],[-80.1895309656924,25.7573471123906],[-80.1895324170697,25.7573456347058],[-80.1895338694375,25.7573441579291],[-80.1895353237927,25.7573426820661],[-80.1895367821165,25.7573412089331],[-80.189538240434,25.7573397367028],[-80.1895396997361,25.7573382662832],[-80.1895411620222,25.7573367967829],[-80.1895426243083,25.7573353272825],[-80.1895440895723,25.7573338596041],[-80.1895455548179,25.7573323946334],[-80.1895470230475,25.757330930582],[-80.18954849228,25.7573294656336],[-80.1895499624847,25.757328004301],[-80.1895514346706,25.7573265447849],[-80.1895529088499,25.7573250852798],[-80.1895543840076,25.7573236284881],[-80.1895558611648,25.7573221708049],[-80.1895573413,25.7573207149435],[-80.1895588214229,25.7573192608874],[-80.1895603025364,25.7573178077394],[-80.1895617876307,25.7573163555162],[-80.1895632736972,25.7573149069089],[-80.1895647597636,25.7573134583017],[-80.1895662478174,25.7573120106082],[-80.189567738843,25.7573105656392],[-80.1895692288779,25.7573091197619],[-80.1895707218785,25.7573076775118],[-80.1895722158759,25.7573062352672],[-80.1895737118605,25.7573047939363],[-80.189575210817,25.7573033553299],[-80.189576711773,25.757301915832],[-80.1895782117078,25.7573004799389],[-80.1895797146327,25.7572990440625],[-80.1895812175392,25.7572976108939],[-80.1895827234359,25.757296177742],[-80.18958423132,25.7572947455037],[-80.1895857391795,25.7572933168759],[-80.1895872490325,25.7572918882592],[-80.1895887608728,25.7572904605562],[-80.1895902736913,25.7572890355665],[-80.1895917885034,25.757287610588],[-80.1895933062995,25.7572861865287],[-80.1895948240772,25.7572847651772],[-80.1895963438545,25.7572833429342],[-80.1895978655946,25.7572819252153],[-80.1895993863441,25.7572805065883],[-80.1896009120649,25.7572790897942],[-80.1896024367584,25.7572776775077],[-80.1896039634698,25.7572762616217],[-80.1896054921563,25.7572748484547],[-80.1896070238023,25.7572734398174],[-80.1896085554545,25.7572720302775],[-80.1896100890939,25.7572706216513],[-80.1896116247207,25.7572692139387],[-80.1896131613136,25.7572678107448],[-80.1896146989215,25.7572664048486],[-80.1896162394951,25.7572650025794],[-80.189617779072,25.7572636003047],[-80.1896193226174,25.75726220076],[-80.1896208661566,25.757260802118],[-80.1896224126861,25.7572594034925],[-80.1896239591787,25.7572580102828],[-80.1896255066864,25.7572566143707],[-80.1896270581566,25.7572552220912],[-80.1896286096267,25.7572538298118],[-80.1896301640686,25.7572524402568],[-80.1896317175199,25.7572510497936],[-80.1896332739369,25.7572496629576],[-80.1896348323412,25.7572482770352],[-80.1896363917299,25.7572468929236],[-80.1896379521215,25.7572455079149],[-80.189639514482,25.7572441265277],[-80.1896410788176,25.7572427478595],[-80.1896426441622,25.7572413673916],[-80.1896442104851,25.7572399896371],[-80.189645779792,25.7572386128018],[-80.1896473490805,25.7572372386743],[-80.1896489193658,25.7572358645524],[-80.1896504936257,25.7572344922579],[-80.1896520678733,25.7572331217685],[-80.1896536421148,25.7572317521818],[-80.1896552203371,25.7572303835199],[-80.1896568005283,25.7572290184796],[-80.1896583807256,25.7572276525366],[-80.1896599608984,25.757226290204],[-80.1896615450703,25.7572249260884],[-80.1896631282087,25.7572235673829],[-80.1896647163553,25.7572222050947],[-80.1896663024716,25.7572208482111],[-80.1896678935655,25.7572194922578],[-80.1896694836626,25.7572181362989],[-80.189671074738,25.7572167830535],[-80.1896726697943,25.7572154307328],[-80.1896742648505,25.7572140784121],[-80.1896758588854,25.7572127296963],[-80.1896774589007,25.7572113810137],[-80.1896790579009,25.7572100350335],[-80.1896806588884,25.7572086899669],[-80.1896822618571,25.7572073467167],[-80.1896838658164,25.7572060043746],[-80.1896854707662,25.7572046629406],[-80.1896870776973,25.757203323323],[-80.1896886856189,25.7572019846135],[-80.1896902955095,25.7572006495255],[-80.1896919064029,25.7571993135405],[-80.1896935192714,25.7571979802744],[-80.1896951341333,25.7571966470194],[-80.1896967489707,25.7571953173748],[-80.1896983648109,25.7571939868331],[-80.1896999856103,25.7571926599297],[-80.1897016034256,25.7571913321069],[-80.1897032271968,25.7571900079279],[-80.1897048479654,25.7571886855374],[-80.1897064727332,25.7571873613639],[-80.1897080984672,25.757186041709],[-80.1897097261884,25.7571847229678],[-80.1897113539096,25.7571834042266],[-80.1897129835998,25.7571820891069],[-80.1897146162863,25.7571807731013],[-80.189716245958,25.7571794606894],[-80.1897178826129,25.7571781474137],[-80.1897195192556,25.7571768359433],[-80.1897211548832,25.7571755271751],[-80.1897227924919,25.7571742202233],[-80.1897244340815,25.7571729141962],[-80.1897260746681,25.7571716090662],[-80.1897277182205,25.7571703075633],[-80.1897293617789,25.7571690051577],[-80.1897310063218,25.7571677045629],[-80.1897326548455,25.7571664048929],[-80.1897343023602,25.7571651070225],[-80.1897359528466,25.7571638118767],[-80.1897376053143,25.7571625185471],[-80.1897392577819,25.7571612252176],[-80.1897409102312,25.7571599345958],[-80.1897425666734,25.7571586430936],[-80.189744224094,25.7571573543048],[-80.1897458824868,25.757156069132],[-80.1897475418825,25.7571547830621],[-80.1897492012659,25.7571534987974],[-80.1897508646178,25.7571522172627],[-80.1897525289725,25.7571509348309],[-80.1897541933089,25.757149655107],[-80.1897558616199,25.7571483772105],[-80.189757528928,25.757147100211],[-80.1897591972144,25.7571458259249],[-80.1897608674943,25.75714455165],[-80.1897625407461,25.7571432800994],[-80.189764215979,25.7571420103651],[-80.1897658902273,25.7571407388201],[-80.1897675664385,25.7571394717992],[-80.1897692436342,25.7571382065891],[-80.1897709228233,25.7571369413901],[-80.1897726049904,25.7571356780129],[-80.1897742861484,25.7571344164354],[-80.1897759702843,25.7571331566797],[-80.1897776534174,25.7571318978211],[-80.1897793395283,25.7571306407843],[-80.1897810276205,25.7571293855639],[-80.1897827157066,25.757128131246],[-80.1897844057738,25.7571268787445],[-80.189786098819,25.7571256280648],[-80.1897877888616,25.7571243791737],[-80.1897894838818,25.7571231312129],[-80.1897911798926,25.7571218841603],[-80.1897928758911,25.7571206389129],[-80.189794573877,25.7571193945791],[-80.1897962758375,25.7571181520728],[-80.1897979767706,25.757116914074],[-80.1897996777159,25.7571156742699],[-80.1898013816392,25.7571144362877],[-80.1898030875497,25.7571131992192],[-80.1898047944264,25.7571119666692],[-80.1898065013214,25.7571107314115],[-80.1898082091764,25.7571095015749],[-80.1898099190186,25.7571082726521],[-80.1898116318572,25.7571070428432],[-80.1898133446713,25.7571058166448],[-80.1898150594727,25.75710459136],[-80.1898167752585,25.7571033678861],[-80.1898184920349,25.7571021453203],[-80.1898202107803,25.757100926376],[-80.189821929544,25.7570997047239],[-80.1898236512612,25.757098488504],[-80.1898253729783,25.7570972722842],[-80.1898270976734,25.7570960578862],[-80.1898288223561,25.7570948452934],[-80.1898305490262,25.7570936336143],[-80.1898322766808,25.757092423746],[-80.1898340073194,25.7570912147969],[-80.1898357359461,25.7570900085446],[-80.1898374675508,25.7570888041141],[-80.189839200146,25.7570876005917],[-80.1898409347286,25.757086397983],[-80.1898426692989,25.7570851971796],[-80.1898444058443,25.757083999095],[-80.1898461453737,25.7570828019297],[-80.1898478858998,25.75708160477],[-80.1898496254047,25.7570804112151],[-80.1898513679059,25.7570792167742],[-80.1898531113854,25.7570780250468],[-80.1898548558493,25.75707683513],[-80.1898566002949,25.7570756479211],[-80.1898583487151,25.7570744625396],[-80.1898600971292,25.7570732780607],[-80.1898618485335,25.7570720935984],[-80.1898635989226,25.7570709118384],[-80.1898653502961,25.7570697318892],[-80.1898671046538,25.7570685528591],[-80.1898688589991,25.7570673756343],[-80.189870615338,25.7570661984206],[-80.1898723726367,25.7570650266281],[-80.1898741329379,25.757063853047],[-80.1898758922301,25.7570626812655],[-80.1898776534912,25.7570615131057],[-80.1898794167458,25.7570603449568],[-80.1898811809787,25.7570591795213],[-80.1898829452177,25.7570580131832],[-80.1898847124101,25.7570568522775],[-80.1898864806177,25.7570556886693],[-80.1898882487884,25.7570545304769],[-80.1898900189526,25.7570533722956],[-80.1898917891106,25.7570522150168],[-80.1898935622405,25.7570510604625],[-80.1898953373577,25.7570499068219],[-80.1898971114719,25.7570487540784],[-80.1898988895548,25.7570476040648],[-80.1899006676253,25.7570464558565],[-80.1899024466865,25.7570453085563],[-80.1899042257353,25.7570441630613],[-80.1899060077743,25.757043017583],[-80.189907789795,25.7570418748124],[-80.1899095737907,25.7570407347608],[-80.1899113587831,25.7570395947147],[-80.1899131457383,25.7570384591928],[-80.1899149337025,25.7570373218712],[-80.1899167226451,25.7570361872629],[-80.1899185125659,25.757035055368],[-80.1899203034835,25.7570339234787],[-80.1899220963884,25.757032792503],[-80.1899238902594,25.7570316660459],[-80.1899256861238,25.7570305395999],[-80.1899274829727,25.7570294149647],[-80.1899292798093,25.7570282921347],[-80.1899310786394,25.7570271693157],[-80.1899328784417,25.7570260501127],[-80.1899346802374,25.7570249309208],[-80.1899364820147,25.7570238144368],[-80.1899382867699,25.7570226997746],[-80.1899400905284,25.7570215851068],[-80.1899418972526,25.7570204740661],[-80.1899437049735,25.7570193630309],[-80.1899455126698,25.7570182556062],[-80.1899473233564,25.757017148198],[-80.1899491340245,25.7570160434978],[-80.1899509456955,25.7570149379004],[-80.1899527583387,25.757013835919],[-80.1899545729692,25.7570127348513],[-80.189956388578,25.757011636497],[-80.1899582051774,25.7570105390507],[-80.1899600237581,25.7570094434209],[-80.1899618433293,25.7570083486991],[-80.1899636638788,25.7570072566908],[-80.1899654854128,25.7570061664931],[-80.1899673089403,25.7570050763066],[-80.1899691324493,25.7570039888279],[-80.1899709579457,25.7570029022628],[-80.1899727844143,25.7570018193138],[-80.1899746098922,25.7570007354566],[-80.1899764413383,25.7569996534378],[-80.1899782717693,25.7569985741214],[-80.1899801021818,25.7569974975127],[-80.1899819335911,25.7569964209096],[-80.1899837669816,25.7569953461228],[-80.1899856023532,25.7569942731523],[-80.1899874377126,25.756993201987],[-80.1899892750532,25.756992132638],[-80.1899911133844,25.7569910641972],[-80.1899929527,25.7569899975671],[-80.189994792994,25.7569889336503],[-80.1899966342785,25.7569878706417],[-80.1899984775504,25.7569868085469],[-80.1900003218006,25.7569857491653],[-80.1900021670414,25.756984690692],[-80.1900040132667,25.7569836340293],[-80.1900058604703,25.7569825800801],[-80.1900077086645,25.7569815270389],[-80.1900095578554,25.7569804740033],[-80.1900114090152,25.7569794245893],[-80.1900132601689,25.7569783760778],[-80.1900151122948,25.7569773311824],[-80.1900169664203,25.7569762853953],[-80.1900188235176,25.7569752423328],[-80.1900206806026,25.7569742010754],[-80.1900225376815,25.7569731607206],[-80.1900243957509,25.756972121274],[-80.1900262557893,25.756971085449],[-80.1900281178212,25.7569700496349],[-80.1900299798285,25.7569690174314],[-80.1900318428326,25.7569679852333],[-80.1900337078117,25.7569669557542],[-80.1900355727847,25.7569659271776],[-80.1900374407356,25.756964900423],[-80.1900393076774,25.756963875468],[-80.1900411766066,25.7569628514266],[-80.190043046502,25.7569618319039],[-80.1900449164095,25.7569608105759],[-80.1900467902794,25.7569597928805],[-80.1900486631526,25.7569587751795],[-80.1900505379948,25.7569577611002],[-80.1900524138397,25.7569567461236],[-80.1900542896541,25.7569557356602],[-80.1900561684463,25.7569547270186],[-80.190058046248,25.7569537174688],[-80.1900599250279,25.7569527106324],[-80.1900618067858,25.7569517056178],[-80.190063690525,25.7569507024196],[-80.1900655722522,25.7569497019181],[-80.1900674579663,25.7569487014387],[-80.190069343656,25.7569477045698],[-80.1900712283549,25.7569467067927],[-80.1900731160258,25.75694571174],[-80.1900750056717,25.7569447194063],[-80.1900768953175,25.7569437270725],[-80.1900787859417,25.7569427374521],[-80.1900806775504,25.7569417496425],[-80.190082572137,25.7569407636547],[-80.1900844657207,25.756939778564],[-80.1900863602766,25.7569387970892],[-80.1900882568321,25.7569378147229],[-80.1900901533692,25.7569368350645],[-80.1900920518936,25.7569358563197],[-80.1900939503997,25.7569348802827],[-80.1900958528804,25.7569339060731],[-80.1900977533492,25.7569329345603],[-80.1900996558115,25.7569319630585],[-80.1901015602611,25.7569309924704],[-80.1901034636895,25.7569300254872],[-80.1901053710986,25.7569290594288],[-80.1901072775049,25.7569280942674],[-80.1901091848834,25.756927132722],[-80.1901110932525,25.7569261720848],[-80.1901130046056,25.7569252123668],[-80.1901149159342,25.7569242562592],[-80.1901168262722,25.7569232992434],[-80.1901187395759,25.7569223458547],[-80.1901206518827,25.7569213924605],[-80.1901225691488,25.7569204427044],[-80.1901244854059,25.756919494748],[-80.1901264026658,25.7569185458944],[-80.190128320904,25.7569175997543],[-80.1901302391177,25.7569166572245],[-80.190132159331,25.7569157138033],[-80.1901340815194,25.7569147731009],[-80.19013600468,25.7569138360146],[-80.1901379268438,25.7569128989227],[-80.1901398519795,25.7569119645552],[-80.1901417781118,25.7569110301932],[-80.1901437032291,25.7569100985336],[-80.1901456313242,25.7569091686957],[-80.1901475584165,25.7569082397549],[-80.1901494884806,25.7569073135386],[-80.1901514195291,25.756906389133],[-80.1901533495748,25.7569054656245],[-80.1901552825923,25.7569045448405],[-80.1901572165943,25.7569036258672],[-80.1901591505962,25.7569027068938],[-80.1901610855887,25.7569017888287],[-80.1901630235408,25.7569008752931],[-80.1901649614868,25.7568999626602],[-80.1901668984237,25.756899051827],[-80.1901688383325,25.7568981437182],[-80.1901707782412,25.7568972356094],[-80.190172721134,25.7568963284198],[-80.1901746630055,25.7568954248351],[-80.1901766058677,25.7568945221585],[-80.1901785497142,25.7568936212927],[-80.1901804945514,25.7568927213351],[-80.1901824413515,25.7568918259015],[-80.1901843891421,25.7568909313762],[-80.1901863369327,25.7568900368507],[-80.1901882867045,25.7568891441416],[-80.1901902374485,25.7568882550485],[-80.1901921881802,25.7568873677606],[-80.1901941409115,25.7568864795811],[-80.1901960936244,25.7568855941095],[-80.1901980473096,25.7568847122538],[-80.1902000039849,25.7568838304147],[-80.1902019576639,25.7568829494616],[-80.1902039153053,25.7568820721412],[-80.1902058739372,25.7568811957288],[-80.190207832557,25.7568803211217],[-80.1902097921612,25.7568794483253],[-80.1902117527498,25.7568785773397],[-80.1902137153197,25.7568777081704],[-80.1902156778773,25.7568768408062],[-80.1902176404287,25.7568759743447],[-80.190219605952,25.7568751106076],[-80.1902215704663,25.7568742486702],[-80.1902235369556,25.7568733894517],[-80.1902255054445,25.7568725293416],[-80.1902274729122,25.7568716728365],[-80.1902294423672,25.756870817245],[-80.1902314108071,25.7568699643558],[-80.1902333842245,25.7568691123969],[-80.1902353566329,25.7568682622377],[-80.1902373280323,25.7568674138781],[-80.1902393024096,25.7568665673404],[-80.1902412787681,25.756865722619],[-80.1902432531148,25.7568648805943],[-80.1902452304517,25.7568640385862],[-80.1902472077579,25.7568632010912],[-80.190249186067,25.7568623626991],[-80.1902511643638,25.7568615261122],[-80.1902531446356,25.7568606922442],[-80.1902551268826,25.7568598610951],[-80.1902571101324,25.7568590290489],[-80.190259092361,25.7568582006076],[-80.190261075574,25.7568573739771],[-80.1902630607682,25.7568565491628],[-80.1902650469469,25.7568557261593],[-80.1902670321227,25.7568549040529],[-80.1902690202764,25.7568540837683],[-80.1902710094147,25.7568532652944],[-80.1902729975378,25.7568524495228],[-80.1902749886388,25.7568516355731],[-80.190276978737,25.7568508225204],[-80.1902789708102,25.7568500121866],[-80.1902809638802,25.7568492018584],[-80.1902829569256,25.7568483951405],[-80.1902849519584,25.7568475893364],[-80.1902869489663,25.7568467862512],[-80.1902889429839,25.7568459831492],[-80.1902909409701,25.7568451827773],[-80.1902929389379,25.7568443851133],[-80.1902949379024,25.7568435874547],[-80.1902969368485,25.756842792504],[-80.1902989397693,25.7568419993807],[-80.1903009396877,25.7568412080459],[-80.190302942584,25.7568404185329],[-80.1903049454618,25.7568396317278],[-80.1903069493364,25.7568388449283],[-80.1903089561829,25.7568380608531],[-80.1903109610174,25.7568372794747],[-80.1903129678454,25.7568364981074],[-80.1903149736644,25.7568357185397],[-80.1903169824553,25.7568349416965],[-80.1903189932212,25.7568341675722],[-80.1903210019875,25.7568333943393],[-80.1903230137501,25.7568326202205],[-80.1903250254698,25.75683185242],[-80.1903270361928,25.7568310846139],[-80.1903290498999,25.756830317727],[-80.1903310655881,25.7568295526564],[-80.190333081258,25.7568287902937],[-80.1903350959127,25.7568280306332],[-80.1903371125671,25.7568272700811],[-80.1903391311842,25.7568265140532],[-80.1903411497952,25.7568257589279],[-80.190343169403,25.7568250038081],[-80.190345188974,25.756824254104],[-80.190347208551,25.7568235034973],[-80.1903492311122,25.7568227538097],[-80.1903512536488,25.7568220077326],[-80.1903532761732,25.7568212634607],[-80.1903553006849,25.7568205201025],[-80.1903573261689,25.7568197803603],[-80.1903593516528,25.756819040618],[-80.1903613771183,25.7568183035835],[-80.1903634035683,25.7568175683599],[-80.1903654320056,25.7568168340498],[-80.1903674604246,25.7568161024477],[-80.1903694908309,25.7568153717591],[-80.1903715222094,25.7568146446866],[-80.190373553594,25.7568139167114],[-80.190375585957,25.7568131914496],[-80.1903776172987,25.7568124697927],[-80.1903796516245,25.756811749055],[-80.1903816859441,25.7568110292199],[-80.1903837202454,25.7568103120926],[-80.1903857575246,25.7568095967872],[-80.1903877947916,25.7568088832869],[-80.1903898310618,25.7568081697811],[-80.1903918712821,25.7568074617131],[-80.1903939095213,25.7568067518288],[-80.1903959477359,25.7568060455549],[-80.1903979899252,25.7568053411084],[-80.1904000311117,25.756804637559],[-80.1904020732703,25.7568039376255],[-80.1904041164257,25.7568032376976],[-80.1904061605595,25.756802540483],[-80.1904082036842,25.7568018450681],[-80.190410249793,25.7568011505724],[-80.1904122958835,25.7568004587845],[-80.190666194249,25.7567196875959],[-80.1908008929341,25.756783324078],[-80.1913405538824,25.7570931231076],[-80.1910208291053,25.7581528138795],[-80.1910197458201,25.7581530750448],[-80.1910186974762,25.7581533282804],[-80.1910186625349,25.7581533362101],[-80.1910175812248,25.7581536000943],[-80.1910165677917,25.7581538499133],[-80.1910164998903,25.758153867589],[-80.1910154195525,25.7581541350892],[-80.1910144400578,25.7581543778755],[-80.1910143392025,25.7581544043946],[-80.1910132588341,25.7581546764079],[-80.1910123152531,25.7581549148806],[-80.1910121784658,25.7581549484212],[-80.191011101057,25.7581552249642],[-80.1910101894148,25.7581554572957],[-80.1910100206642,25.7581555005879],[-80.191008943231,25.7581557807413],[-80.1910080685114,25.7581560069595],[-80.191007868788,25.7581560609114],[-80.1910067913243,25.7581563455779],[-80.1910059515276,25.7581565665741],[-80.1910057148634,25.7581566293473],[-80.1910046403837,25.758156914933],[-80.1910038345132,25.7581571307019],[-80.1910035648767,25.7581572050263],[-80.1910024913571,25.7581574960332],[-80.191001720428,25.7581577038724],[-80.1910014168407,25.7581577870346],[-80.1910003432967,25.758158081652],[-80.1909996092901,25.7581582833778],[-80.1909992717461,25.7581583762805],[-80.190998200171,25.7581586745194],[-80.1909975000968,25.7581588701152],[-80.1909971305772,25.7581589745747],[-80.1909960599866,25.7581592746243],[-80.1909953928419,25.7581594649872],[-80.1909949903683,25.75815957829],[-80.1909939217346,25.7581598837665],[-80.1909932885406,25.7581600652914],[-80.1909928520918,25.7581601910426],[-80.1909917854271,25.7581605001406],[-80.1909911881773,25.7581606728388],[-80.1909907177473,25.7581608119409],[-80.190989652067,25.7581611228497],[-80.1909890877589,25.7581612885097],[-80.1909885853533,25.7581614391686],[-80.190987521636,25.7581617546015],[-80.1909869912725,25.7581619123263],[-80.1909864559068,25.7581620727312],[-80.1909853931557,25.7581623926827],[-80.1909848967428,25.7581625415696],[-80.1909843323858,25.7581627144505],[-80.1909832676105,25.758163038904],[-80.1909828071296,25.7581631807693],[-80.1909822058194,25.7581633642768],[-80.1909811450066,25.7581636923628],[-80.1909807184948,25.7581638226825],[-80.1909800851845,25.7581640213571],[-80.190979026353,25.7581643512595],[-80.1909786327768,25.7581644754436],[-80.1909779665003,25.7581646847669],[-80.190976909644,25.7581650173882],[-80.1909765490156,25.7581651336315],[-80.1909758517542,25.7581653554197],[-80.1909747948489,25.7581656952619],[-80.1909744681957,25.7581657990569],[-80.190973739931,25.7581660360179],[-80.1909726840164,25.7581663767683],[-80.1909723913138,25.7581664717254],[-80.1909716300585,25.7581667229455],[-80.1909705751222,25.7581670664092],[-80.1909703153797,25.7581671516204],[-80.190969521146,25.7581674152943],[-80.19096847016,25.7581677641959],[-80.190968242387,25.7581678387528],[-80.1909674201586,25.7581681149083],[-80.1909663681452,25.7581684683174],[-80.1909661763225,25.758168533145],[-80.1909653181132,25.7581688235429],[-80.1909642700746,25.7581691787794],[-80.1909641072127,25.7581692356441],[-80.1909632200119,25.758169538518],[-80.1909621729273,25.7581699000783],[-80.1909620470369,25.7581699436087],[-80.1909611248459,25.7581702616332],[-80.1909600797364,25.7581706259124],[-80.190959983822,25.7581706587776],[-80.1909590336179,25.7581709919914],[-80.1909579904774,25.7581713598923],[-80.1909579295349,25.7581713803146],[-80.1909569443344,25.7581717295817],[-80.1909559011756,25.7581721001904],[-80.1909558722086,25.7581721090559],[-80.1909548599857,25.7581724744206],[-80.1909538207894,25.7581728486619],[-80.1909527775816,25.7581732264915],[-80.1909517753323,25.7581735910089],[-80.1909517363673,25.7581736043321],[-80.1909506991278,25.7581739840002],[-80.1909497308231,25.7581743405823],[-80.1909496588735,25.758174367262],[-80.1909486206005,25.7581747523402],[-80.1909476872493,25.7581750991875],[-80.1909475863145,25.7581751374406],[-80.1909465510133,25.7581755252432],[-80.1909456496255,25.7581758623389],[-80.1909455137126,25.7581759139374],[-80.1909444803744,25.7581763062642],[-80.1909436129373,25.758176634522],[-80.1909434470423,25.7581766976884],[-80.1909424156731,25.7581770936367],[-80.190941581196,25.7581774121485],[-80.1909413833071,25.7581774895795],[-80.1909403529163,25.7581778882412],[-80.1909395523839,25.7581781988178],[-80.1909393225255,25.7581782869029],[-80.1909382931009,25.7581786900832],[-80.1909375265252,25.7581789909194],[-80.1909372646668,25.7581790941717],[-80.1909362372112,25.7581795009736],[-80.1909355056075,25.7581797893669],[-80.1909352107584,25.7581799068784],[-80.1909341842812,25.7581803163936],[-80.1909334856314,25.7581805959435],[-80.1909331597852,25.7581807277251],[-80.1909321362737,25.7581811408674],[-80.190931471593,25.7581814088717],[-80.190931113759,25.7581815540153],[-80.1909300902169,25.7581819716706],[-80.1909294585024,25.7581822290263],[-80.1909290696712,25.75818238844],[-80.1909280480982,25.7581828097169],[-80.1909274503465,25.7581830564295],[-80.1909270295153,25.7581832310105],[-80.1909260119171,25.7581836541148],[-80.1909254451381,25.7581838901676],[-80.1909249943126,25.7581840781217],[-80.1909239766776,25.7581845066417],[-80.1909234418803,25.7581847302351],[-80.1909229600393,25.7581849351672],[-80.1909219453701,25.7581853673143],[-80.1909214455509,25.7581855775623],[-80.1909209327066,25.7581857976672],[-80.1909199180251,25.7581862316194],[-80.1909194501692,25.758186432116],[-80.1909189063155,25.7581866682962],[-80.1909178936153,25.7581871040648],[-80.1909174597223,25.7581872939182],[-80.1909168838747,25.758187544363],[-80.1909158731312,25.7581879855584],[-80.1909154722228,25.7581881620554],[-80.190914864369,25.7581884285701],[-80.1909138575942,25.7581888724954],[-80.1909134886736,25.7581890356304],[-80.1909128517917,25.7581893200368],[-80.1909118459952,25.7581897666755],[-80.1909115080595,25.7581899173456],[-80.190910841165,25.7581902178329],[-80.1909098363408,25.7581906680876],[-80.1909095313835,25.7581908063038],[-80.1909088354792,25.7581911219749],[-80.1909078326179,25.7581915767538],[-80.1909075596484,25.758191701608],[-80.1909068327347,25.7581920333545],[-80.1909058318424,25.7581924917549],[-80.1909055878643,25.7581926041331],[-80.1909048319224,25.7581929537714],[-80.190903835005,25.7581934139991],[-80.1909036240176,25.7581935121183],[-80.1909028390536,25.7581938787455],[-80.1909018420994,25.758194344389],[-80.1909016641088,25.7581944273465],[-80.1909008471265,25.7581948118488],[-80.1908998531503,25.7581952793142],[-80.1908997051539,25.7581953488985],[-80.1908988581467,25.758195751287],[-80.1908978671302,25.7581962232821],[-80.1908977531274,25.7581962777102],[-80.190896877092,25.7581966979905],[-80.1908958880445,25.758197173607],[-80.1908958010457,25.7581972146455],[-80.1908948979879,25.7581976510232],[-80.1908939079253,25.7581981293421],[-80.1908938579164,25.7581981543384],[-80.1908929228281,25.7581986103965],[-80.1908919257147,25.758199099508],[-80.1908909526029,25.7581995770184],[-80.1908899714621,25.758200062608],[-80.1908889843101,25.7582005526774],[-80.1908880431555,25.7582010213389],[-80.1908880031509,25.7582010409749],[-80.1908870229639,25.7582015328884],[-80.1908861127759,25.7582019917927],[-80.1908860427708,25.7582020257045],[-80.1908850645529,25.7582025212394],[-80.1908841863649,25.7582029649766],[-80.1908840853382,25.7582030167689],[-80.1908831090892,25.7582035159254],[-80.1908822648764,25.7582039472143],[-80.1908821348339,25.7582040150931],[-80.1908811605662,25.7582045160659],[-80.1908803493195,25.7582049367061],[-80.1908801852834,25.758205019741],[-80.1908792139754,25.7582055252436],[-80.190878434741,25.7582059289114],[-80.1908782426735,25.7582060298435],[-80.1908772733345,25.7582065389676],[-80.1908765240822,25.7582069310675],[-80.1908763039955,25.7582070480916],[-80.1908753356226,25.7582075617343],[-80.1908746203516,25.7582079404833],[-80.1908743682526,25.7582080744799],[-80.1908734038606,25.7582085890474],[-80.1908727205713,25.7582089553369],[-80.1908724374629,25.758209105409],[-80.1908714750277,25.7582096254032],[-80.1908708227539,25.7582099747147],[-80.190870511608,25.7582101435866],[-80.1908695501573,25.7582106653916],[-80.1908689288622,25.7582110031409],[-80.1908685916846,25.7582111890184],[-80.1908676312061,25.7582117144394],[-80.1908670429079,25.758212037027],[-80.1908666737118,25.7582122407796],[-80.190865716193,25.7582127707303],[-80.1908651579074,25.7582130772369],[-80.1908647596894,25.7582132979787],[-80.1908638051363,25.7582138315564],[-80.1908632778418,25.7582141246955],[-80.1908628525768,25.7582143651452],[-80.1908618990144,25.7582148996311],[-80.1908614037199,25.758215177603],[-80.1908609474333,25.7582154359333],[-80.1908599978395,25.7582159731492],[-80.1908595325393,25.758216237748],[-80.1908590492119,25.7582165148838],[-80.1908581005843,25.7582170566182],[-80.1908576662995,25.758217304239],[-80.1908571549408,25.758217599272],[-80.1908562082821,25.758218144628],[-80.1908558050069,25.7582183761735],[-80.1908552626081,25.7582186917949],[-80.1908543199242,25.7582192389783],[-80.1908539496457,25.758219455362],[-80.1908533792094,25.7582197897832],[-80.1908524365133,25.7582203387719],[-80.1908520952323,25.758220541777],[-80.1908514967646,25.7582208940955],[-80.1908505590216,25.758221447625],[-80.1908502477778,25.7582216309387],[-80.1908496212481,25.7582220056675],[-80.1908486844774,25.7582225628129],[-80.1908484042491,25.7582227291486],[-80.190847749688,25.7582231217746],[-80.1908468158831,25.7582236825471],[-80.1908465646584,25.7582238346016],[-80.1908458840471,25.7582242469412],[-80.1908449512206,25.7582248104271],[-80.1908447310176,25.7582249446009],[-80.1908440213598,25.75822537754],[-80.1908430924958,25.7582259446585],[-80.1908429013149,25.7582260618433],[-80.1908421636073,25.7582265153875],[-80.1908412377213,25.7582270843279],[-80.1908410745595,25.7582271854206],[-80.1908403118047,25.7582276577813],[-80.1908393868848,25.7582282312402],[-80.1908392557414,25.7582283144579],[-80.1908384649429,25.758228806521],[-80.1908375439794,25.7582293845152],[-80.1908374398707,25.7582294498302],[-80.190836622007,25.7582299643091],[-80.1908357030186,25.7582305450222],[-80.1908356279441,25.7582305915429],[-80.1908347860176,25.7582311266491],[-80.1908338689983,25.7582317109837],[-80.1908338239487,25.7582317396182],[-80.1908329549631,25.7582322962376],[-80.1908320299269,25.7582328868463],[-80.1908311258531,25.7582334730582],[-80.1908302177984,25.7582340583453],[-80.1908293036897,25.7582346544305],[-80.190828434649,25.7582352191735],[-80.1908283945832,25.7582352478357],[-80.1908274864611,25.7582358430515],[-80.1908266474208,25.7582363935188],[-80.1908265793358,25.758236438273],[-80.1908256731767,25.758237038013],[-80.190824865158,25.7582375705997],[-80.1908247690233,25.7582376359589],[-80.1908238658482,25.7582382366182],[-80.1908230888267,25.7582387549347],[-80.1908229636455,25.7582388408934],[-80.1908220634423,25.7582394442772],[-80.1908213174302,25.7582399465183],[-80.1908211652143,25.7582400503798],[-80.190820266968,25.7582406591903],[-80.1908195509869,25.7582411426427],[-80.1908193697244,25.7582412671037],[-80.1908184754467,25.7582418786443],[-80.1908177894783,25.7582423460157],[-80.190817581169,25.7582424901848],[-80.1908166878757,25.758243103536],[-80.1908160319077,25.7582435566318],[-80.1908157965515,25.7582437205089],[-80.190814907233,25.7582443356875],[-80.1908142812838,25.7582447717997],[-80.1908140169055,25.7582449526659],[-80.1908131305345,25.7582455741795],[-80.1908125336134,25.7582459923999],[-80.1908122451662,25.758246194796],[-80.1908113597736,25.7582468190229],[-80.1908107928835,25.7582472184547],[-80.1908104773772,25.7582474423639],[-80.1908095929629,25.7582480693043],[-80.1908090560794,25.7582484535577],[-80.1908087115328,25.7582486971638],[-80.1908078320899,25.7582493259371],[-80.1908073242468,25.7582496904936],[-80.1908069556251,25.7582499565322],[-80.1908060781452,25.7582505898297],[-80.1908055973551,25.7582509337755],[-80.1908052026588,25.7582512231382],[-80.1908043271601,25.7582518582519],[-80.1908038773794,25.7582521861224],[-80.1908034556423,25.7582524942905],[-80.1908025851091,25.7582531321397],[-80.1908021613662,25.7582534421019],[-80.1908017135545,25.7582537735939],[-80.1908008459931,25.7582544141677],[-80.1908004522752,25.7582547062437],[-80.1907999784195,25.7582550565467],[-80.1907991118242,25.758255701639],[-80.1907987471528,25.7582559731155],[-80.1907982472164,25.7582563476451],[-80.1907973835991,25.7582569945593],[-80.1907970489587,25.758257247247],[-80.1907965219631,25.7582576432898],[-80.1907956613055,25.7582582947337],[-80.1907953527152,25.7582585277079],[-80.1907948026597,25.7582589434809],[-80.1907939439589,25.7582596003515],[-80.1907936634245,25.758259811818],[-80.1907930882728,25.7582602536284],[-80.190792233565,25.7582609096186],[-80.1907919800592,25.7582611040849],[-80.1907913808325,25.7582615683277],[-80.190790527097,25.7582622279339],[-80.1907903026316,25.7582624027033],[-80.1907896773485,25.7582628875623],[-80.1907888275878,25.7582635489959],[-80.1907886291725,25.7582637040518],[-80.1907879787933,25.7582642149481],[-80.1907871330012,25.7582648791118],[-80.1907869616328,25.7582650144596],[-80.1907862871907,25.7582655459832],[-80.1907854413742,25.7582662137573],[-80.1907853000613,25.7582663267059],[-80.1907846005291,25.7582668833643],[-80.1907837606747,25.7582675538794],[-80.1907836424217,25.7582676470979],[-80.190782920808,25.7582682261998],[-80.1907820829164,25.7582689012391],[-80.1907819917287,25.7582689720417],[-80.1907812460155,25.7582695771866],[-80.1907804101114,25.7582702531396],[-80.1907803459705,25.7582703042342],[-80.1907795761762,25.7582709327141],[-80.1907787452435,25.7582716105],[-80.190778707159,25.7582716409785],[-80.1907779142742,25.7582722937017],[-80.1907770772998,25.7582729804805],[-80.1907762573191,25.7582736601326],[-80.1907754363478,25.7582743388765],[-80.1907746043143,25.7582750320014],[-80.1907738223876,25.7582756856881],[-80.1907737802854,25.7582757206575],[-80.1907729602252,25.7582764120436],[-80.1907722053515,25.7582770451197],[-80.1907721381837,25.7582771016134],[-80.1907713201108,25.7582777939132],[-80.1907705932685,25.758278409092],[-80.1907705010289,25.7582784880126],[-80.1907696859157,25.7582791848421],[-80.1907689861142,25.7582797812156],[-80.1907688698118,25.7582798807634],[-80.1907680566798,25.7582805794092],[-80.1907673869155,25.7582811560913],[-80.1907672455414,25.7582812780661],[-80.1907664353752,25.758281980339],[-80.1907657936483,25.7582825382212],[-80.1907656262118,25.7582826817148],[-80.1907648200142,25.7582833867177],[-80.1907642043375,25.7582839248864],[-80.1907640148011,25.7582840935313],[-80.190763209588,25.758284800345],[-80.1907626199737,25.7582853169949],[-80.1907624073652,25.7582855071752],[-80.1907616051118,25.7582862185186],[-80.1907610445379,25.7582867154716],[-80.1907608058547,25.7582869289759],[-80.1907600065854,25.7582876412385],[-80.1907594730706,25.7582881166783],[-80.1907592103002,25.7582883544203],[-80.1907584140089,25.7582890685048],[-80.1907579065381,25.7582895251336],[-80.1907576206833,25.7582897862163],[-80.1907568273577,25.7582905039278],[-80.1907563489335,25.7582909399571],[-80.1907560380008,25.7582912243693],[-80.1907552496407,25.7582919448164],[-80.1907547962821,25.7582923593213],[-80.1907544622711,25.7582926661716],[-80.1907536748832,25.7582933902346],[-80.1907532485776,25.758293784129],[-80.1907528894827,25.7582941152114],[-80.1907521070663,25.7582948411074],[-80.1907517078259,25.7582952125859],[-80.1907513256405,25.7582955679115],[-80.1907505461898,25.7582962974346],[-80.190750173018,25.7582966464917],[-80.190749766733,25.7582970278603],[-80.1907489902604,25.7582977592052],[-80.1907486421481,25.7582980876406],[-80.190748215769,25.7582984923664],[-80.190747442256,25.7582992282411],[-80.1907471192216,25.7582995333469],[-80.1907466697459,25.7582999632186],[-80.1907458982264,25.7583006991043],[-80.1907456012482,25.758300983594],[-80.1907451306755,25.75830143772],[-80.1907443631246,25.7583021763357],[-80.1907440892185,25.75830243929],[-80.1907435955492,25.7583029185618],[-80.1907428309702,25.758303659902],[-80.1907425861229,25.7583039004516],[-80.1907420693631,25.7583044039666],[-80.190741307756,25.7583051480313],[-80.190741085987,25.7583053661429],[-80.1907405491208,25.7583058948204],[-80.1907397884798,25.7583066434036],[-80.1907395927854,25.7583068381912],[-80.1907390328165,25.7583073929172],[-80.1907382771531,25.7583081424307],[-80.1907381055337,25.7583083147859],[-80.1907375254584,25.7583088946743],[-80.190736772773,25.7583096460098],[-80.1907366232413,25.7583097950187],[-80.190736025047,25.7583104009833],[-80.1907352753274,25.7583111559458],[-80.1907351498767,25.7583112816197],[-80.1907345275829,25.7583119136273],[-80.1907337828287,25.7583126713253],[-80.1907336814592,25.7583127736641],[-80.1907330390529,25.7583134317367],[-80.1907322972706,25.7583141921592],[-80.1907322199945,25.7583142693577],[-80.1907315584724,25.758314953501],[-80.1907308166717,25.7583157166313],[-80.1907307644673,25.7583157714029],[-80.1907300808392,25.7583164816002],[-80.1907293440039,25.7583172474661],[-80.1907293138872,25.7583172788915],[-80.1907286101405,25.7583180160565],[-80.1907278742775,25.7583187855384],[-80.1907271473974,25.7583195532649],[-80.1907264255439,25.7583203147008],[-80.1907256925854,25.758321096836],[-80.1907250038328,25.7583218277658],[-80.190724964678,25.7583218690701],[-80.190724242745,25.75832264224],[-80.1907235810454,25.7583233525592],[-80.1907235197785,25.7583234208201],[-80.1907227988238,25.7583241967034],[-80.1907221622021,25.758324883693],[-80.1907220778507,25.7583249752946],[-80.1907213618493,25.7583257557187],[-80.1907207503054,25.7583264193788],[-80.19072064586,25.7583265343376],[-80.1907199308246,25.7583273192803],[-80.190719346346,25.7583279605245],[-80.1907192177949,25.7583281024288],[-80.19071850874,25.7583288874048],[-80.1907179473397,25.758329506211],[-80.1907177986945,25.7583296714726],[-80.1907170926054,25.7583304600756],[-80.1907165562768,25.7583310564549],[-80.1907163855134,25.7583312495758],[-80.1907156814178,25.7583320381899],[-80.1907151691581,25.7583326130393],[-80.1907149792973,25.7583328295229],[-80.1907142781735,25.7583336208615],[-80.1907137900011,25.7583341714733],[-80.1907135770437,25.7583344131027],[-80.190712881882,25.7583352071824],[-80.1907124197659,25.758335737178],[-80.1907121867021,25.7583360039699],[-80.1907114905253,25.7583368007519],[-80.1907110525086,25.7583373047046],[-80.1907107983233,25.7583375993613],[-80.1907101091177,25.7583383970847],[-80.1907096941793,25.7583388785993],[-80.1907094188848,25.7583391993156],[-80.1907087326388,25.7583400015687],[-80.190708340797,25.7583404579375],[-80.1907080454022,25.7583408029136],[-80.1907073621404,25.7583416060859],[-80.1907069933708,25.7583420409193],[-80.190706678854,25.7583424128687],[-80.1907059985518,25.7583432205707],[-80.1907056548846,25.7583436284641],[-80.1907053192586,25.758344026473],[-80.1907046439341,25.7583448351054],[-80.1907043223483,25.7583452205552],[-80.1907039685972,25.758345645543],[-80.1907032942388,25.7583464586939],[-80.1907029957497,25.7583468189979],[-80.1907026228767,25.7583472709589],[-80.1907019525053,25.758348084132],[-80.190701676116,25.7583484192846],[-80.1907012841151,25.7583488991214],[-80.1907006167216,25.7583497141164],[-80.1907003624323,25.7583500241176],[-80.1906999513095,25.7583505309277],[-80.1906992888876,25.7583513477556],[-80.1906990566797,25.7583516353132],[-80.1906986254444,25.7583521681884],[-80.1906979659821,25.758352989546],[-80.1906977578798,25.7583532501581],[-80.1906973095161,25.7583538100176],[-80.1906966540225,25.7583546341052],[-80.1906964650299,25.7583548695494],[-80.1906959995378,25.7583554563931],[-80.1906953460254,25.7583562822971],[-80.1906951781298,25.7583564934869],[-80.1906946955033,25.7583571082176],[-80.1906940459595,25.7583579368516],[-80.1906938991793,25.7583581210792],[-80.1906933974125,25.758358765491],[-80.1906927508589,25.7583595941416],[-80.1906926271692,25.758359754126],[-80.1906921072834,25.758360424614],[-80.1906914656892,25.7583612569027],[-80.190691362118,25.7583613899194],[-80.1906908231042,25.7583620882833],[-80.1906901854786,25.758362923302],[-80.1906901030045,25.7583630320644],[-80.1906895508371,25.75836375924],[-80.1906889132115,25.7583645942587],[-80.1906888518344,25.7583646787668],[-80.1906882815418,25.7583654329211],[-80.1906876498784,25.758366270681],[-80.1906876056296,25.7583663282047],[-80.1906870201961,25.7583671102571],[-80.1906863915106,25.7583679498388],[-80.1906863683773,25.7583679804003],[-80.1906857648003,25.7583687921394],[-80.1906851390622,25.758369638056],[-80.1906845183507,25.758370477682],[-80.190683904647,25.7583713128337],[-80.1906832778326,25.7583721704788],[-80.1906826952852,25.7583729678923],[-80.1906826600623,25.7583730173423],[-80.1906820462607,25.7583738669359],[-80.1906814858256,25.7583746373928],[-80.190681430484,25.7583747138105],[-80.1906808196604,25.7583755652259],[-80.1906802813067,25.7583763132393],[-80.190680207834,25.7583764175384],[-80.190679601988,25.7583772698841],[-80.190679086731,25.7583779927516],[-80.1906789931457,25.7583781231158],[-80.1906783902716,25.758378978186],[-80.1906778971267,25.7583796740969],[-80.1906777864008,25.7583798332507],[-80.190677185508,25.7583806901372],[-80.1906767134478,25.758381363599],[-80.190676584609,25.7583815479263],[-80.1906759886939,25.7583824057432],[-80.1906755387396,25.758383053151],[-80.1906753927603,25.7583832662679],[-80.1906748008137,25.7583841268147],[-80.1906743709659,25.75838474906],[-80.1906742068675,25.7583849882531],[-80.1906736178928,25.7583858515244],[-80.1906732111478,25.7583864477212],[-80.1906730299027,25.7583867166065],[-80.1906724439121,25.758387580797],[-80.1906720572673,25.758388152734],[-80.1906718579093,25.7583884467928],[-80.1906712748907,25.7583893137078],[-80.1906709093612,25.7583898586826],[-80.1906706948561,25.7583901815421],[-80.1906701148094,25.7583910511816],[-80.1906697703953,25.7583915691942],[-80.190669537759,25.7583919199351],[-80.1906689616747,25.7583927932072],[-80.190668638376,25.7583932842577],[-80.1906683876023,25.7583936637826],[-80.190667816514,25.7583945352771],[-80.1906675123127,25.7583950029649],[-80.1906672453951,25.7583954112848],[-80.1906666792783,25.7583962846123],[-80.1906663941989,25.7583967253268],[-80.1906661141338,25.7583971615559],[-80.1906655489771,25.7583980403046],[-80.1906652830318,25.7583984522406],[-80.1906649858322,25.7583989163566],[-80.1906644256531,25.7583997960357],[-80.1906641798203,25.7584001819066],[-80.1906638674675,25.7584006757259],[-80.1906633112692,25.7584015563297],[-80.1906630835615,25.7584019152218],[-80.1906627560555,25.7584024387444],[-80.1906622018385,25.7584033211645],[-80.1906619942433,25.7584036539916],[-80.1906616506056,25.7584042045039],[-80.1906611023508,25.7584050896652],[-80.1906609118778,25.7584053964105],[-80.1906605550866,25.7584059757347],[-80.1906600088191,25.7584068618096],[-80.1906598374741,25.7584071406791],[-80.1906594655357,25.7584077488038],[-80.1906589222401,25.7584086376033],[-80.1906587710138,25.758408889505],[-80.1906583829193,25.7584095282301],[-80.1906578455981,25.7584104179654],[-80.1906577105217,25.7584106401694],[-80.1906573092614,25.7584113095115],[-80.1906567759088,25.7584122019768],[-80.1906566579608,25.7584123971965],[-80.1906562425562,25.7584130944421],[-80.1906557111788,25.7584139896263],[-80.1906556123588,25.7584141569702],[-80.1906551827977,25.7584148839246],[-80.1906546583975,25.7584157791476],[-80.190654575703,25.7584159204042],[-80.1906541329761,25.7584166779756],[-80.1906536085698,25.7584175741012],[-80.1906535440127,25.7584176865738],[-80.1906530891166,25.7584184747676],[-80.1906525696879,25.7584193718236],[-80.1906525202596,25.7584194582033],[-80.1906520532189,25.7584202734093],[-80.1906515367499,25.7584211749949],[-80.1906515054589,25.7584212325907],[-80.1906510252584,25.7584220775109],[-80.1906505127703,25.7584229800214],[-80.1906504966203,25.7584230097191],[-80.190650004263,25.7584238834566],[-80.1906494947406,25.7584247895941],[-80.1906489892052,25.7584256957538],[-80.1906485038313,25.7584265686275],[-80.1906484846604,25.7584266028217],[-80.1906479840965,25.7584275108143],[-80.1906475198747,25.7584283513101],[-80.1906474845294,25.7584284188125],[-80.1906469849439,25.7584293295185],[-80.190646541868,25.7584301385391],[-80.1906464893576,25.7584302384415],[-80.1906459957343,25.7584311518886],[-80.1906455728077,25.7584319294284],[-80.190645503126,25.7584320626334],[-80.1906450124929,25.7584329760972],[-80.1906446127058,25.7584337221728],[-80.19064452485,25.7584338895775],[-80.1906440372072,25.7584348030579],[-80.1906436585599,25.7584355185608],[-80.190643553533,25.7584357192683],[-80.1906430708555,25.7584366354842],[-80.1906427123635,25.7584373186037],[-80.1906425921466,25.7584375544301],[-80.1906421104537,25.7584384724568],[-80.1906417731199,25.7584391222959],[-80.1906416347351,25.7584393914194],[-80.1906411590165,25.7584403103819],[-80.190640841832,25.7584409287402],[-80.1906406872665,25.7584412320745],[-80.1906402165133,25.7584421537726],[-80.1906399194964,25.7584427379423],[-80.1906397487504,25.7584430754874],[-80.1906392819781,25.7584439981102],[-80.1906390021263,25.7584445498798],[-80.1906388171992,25.7584449207442],[-80.190638352396,25.7584458469887],[-80.1906380917028,25.7584463663693],[-80.1906378915858,25.7584467723527],[-80.1906374327568,25.7584476995329],[-80.1906371922312,25.758448184725],[-80.190636973934,25.7584486258106],[-80.1906365190982,25.7584495521105],[-80.190636297719,25.7584500067188],[-80.1906360672282,25.7584504820374],[-80.1906356163427,25.7584514137751],[-80.1906354131436,25.7584518332811],[-80.1906351674751,25.7584523419135],[-80.190634719586,25.7584532727652],[-80.1906345335582,25.7584536589685],[-80.1906342736842,25.7584542045306],[-80.1906338297637,25.7584551381123],[-80.1906336629006,25.7584554910241],[-80.190633386846,25.758456070797],[-80.190632948906,25.758457004412],[-80.190632800217,25.758457323124],[-80.1906325129473,25.7584579398433],[-80.1906320759918,25.758458875269],[-80.1906319454707,25.758459160684],[-80.1906316430172,25.7584598116196],[-80.1906312120299,25.7584607488838],[-80.1906310976895,25.7584610000879],[-80.1906307830239,25.7584616879643],[-80.1906303540241,25.7584626261423],[-80.1906302558581,25.7584628440382],[-80.1906299300018,25.7584635652505],[-80.1906295059674,25.758464506164],[-80.1906294229852,25.7584646898436],[-80.1906290849293,25.7584654461915],[-80.1906286648696,25.7584663889324],[-80.1906285990709,25.7584665375041],[-80.1906282478001,25.7584673316899],[-80.1906278317396,25.7584682726477],[-80.1906277811064,25.7584683897109],[-80.1906274186388,25.7584692181352],[-80.1906270065409,25.7584701627257],[-80.190626971116,25.7584702419621],[-80.1906265974454,25.7584711055275],[-80.190626190319,25.7584720519509],[-80.1906261700718,25.7584720978736],[-80.1906257851799,25.758472999288],[-80.1906253780045,25.7584739529323],[-80.1906249798794,25.7584748948925],[-80.1906245837723,25.7584758332533],[-80.1906241825407,25.7584767923466],[-80.1906238126613,25.7584776848179],[-80.1906237873508,25.7584777424469],[-80.1906233951389,25.7584786943691],[-80.1906230404433,25.7584795526241],[-80.1906230029393,25.7584796444861],[-80.1906226137054,25.7584805982302],[-80.1906222771839,25.7584814222854],[-80.1906222264711,25.7584815510827],[-80.1906218412304,25.7584825039463],[-80.1906215248703,25.7584832947156],[-80.1906214569741,25.7584834586207],[-80.190621076711,25.7584844124146],[-80.1906207755287,25.7584851698701],[-80.1906206974324,25.7584853680193],[-80.190620321144,25.7584863236406],[-80.1906200361362,25.758487047788],[-80.1906199438344,25.7584872828669],[-80.1906195725237,25.7584882394186],[-80.1906193037086,25.7584889275499],[-80.1906192002101,25.7584891968673],[-80.1906188318773,25.7584901552408],[-80.1906185802274,25.7584908109721],[-80.1906184655259,25.7584911154306],[-80.1906181001773,25.7584920747234],[-80.1906178647141,25.7584926953412],[-80.1906177378067,25.758493035838],[-80.1906173764329,25.7584939969581],[-80.190617158147,25.7584945833707],[-80.1906170170464,25.758494958992],[-80.1906166606502,25.7584959210425],[-80.1906164565515,25.7584964732332],[-80.1906163072382,25.7584968840122],[-80.1906159528172,25.7584978487816],[-80.1906157639022,25.758498366756],[-80.1906156023892,25.7584988126705],[-80.1906152529458,25.7584997783703],[-80.1906150812144,25.7585002612368],[-80.1906149064988,25.758500743184],[-80.1906145640326,25.7585017089225],[-80.1906144044886,25.7585021584587],[-80.1906142185578,25.7585026773523],[-80.1906138800726,25.7585036440156],[-80.1906137347279,25.7585040575246],[-80.1906135415689,25.7585046133867],[-80.1906132070646,25.7585055809748],[-80.1906130739318,25.758505957543],[-80.1906128705606,25.7585065494544],[-80.1906125390281,25.758507519767],[-80.1906124230727,25.7585078621299],[-80.1906122075017,25.7585084891769],[-80.1906118789533,25.7585094604087],[-80.1906117781818,25.7585097685553],[-80.1906115534013,25.7585104307545],[-80.1906112298306,25.7585114029167],[-80.1906111392592,25.7585116768192],[-80.1906109082412,25.7585123768951],[-80.1906105886513,25.758513349982],[-80.1906105112825,25.7585135878519],[-80.1906102710489,25.7585143239826],[-80.1906099544493,25.7585152970861],[-80.1906098902769,25.7585154998259],[-80.190609643818,25.7585162720281],[-80.1906093301964,25.7585172469535],[-80.1906092772269,25.7585174145522],[-80.1906090205496,25.7585182237063],[-80.1906087128902,25.7585192013728],[-80.1906086721388,25.7585193311281],[-80.1906084082394,25.758520176348],[-80.1906081035641,25.7585211549338],[-80.1906080740095,25.7585212504505],[-80.1906078028819,25.7585221326391],[-80.190607504181,25.7585231121607],[-80.1906074838482,25.75852317072],[-80.1906072084887,25.758524088991],[-80.1906069077025,25.7585250820408],[-80.1906066210422,25.7585260498948],[-80.1906063293553,25.7585270240395],[-80.190606039564,25.7585280126372],[-80.190605766094,25.7585289462638],[-80.1906057518151,25.7585289940249],[-80.1906054690561,25.7585299745378],[-80.1906052097671,25.7585308748452],[-80.1906051872755,25.7585309577641],[-80.1906049055071,25.7585319391851],[-80.1906046614081,25.7585328043735],[-80.1906046276952,25.7585329251414],[-80.1906043528919,25.7585339084064],[-80.1906041210109,25.7585347357514],[-80.1906040770795,25.7585348934712],[-80.1906038052603,25.7585358776555],[-80.1906035875665,25.7585366707786],[-80.1906035354346,25.7585368618509],[-80.190603267578,25.7585378496678],[-80.1906030620838,25.7585386076553],[-80.190603001727,25.7585388356906],[-80.1906027378635,25.758539822627],[-80.1906025465625,25.75854054549],[-80.1906024759935,25.7585408095746],[-80.1906022171014,25.758541798344],[-80.1906020360128,25.7585424851577],[-80.1906019602091,25.7585427862219],[-80.190601705304,25.7585437750135],[-80.1906015364273,25.7585444248864],[-80.1906014493961,25.7585447647022],[-80.1906011994749,25.7585457535214],[-80.1906010447853,25.7585463691724],[-80.190600951541,25.7585467432544],[-80.1906007046039,25.758547732993],[-80.1906005611111,25.7585483144055],[-80.190600459648,25.7585487245478],[-80.1906002176824,25.7585497161193],[-80.1906000834114,25.7585502605743],[-80.1905999767136,25.7585507076963],[-80.1905997387289,25.7585517001926],[-80.190599615673,25.7585522077012],[-80.1905994997413,25.7585526935859],[-80.1905992667464,25.7585536852073],[-80.1905991568932,25.7585541566833],[-80.1905990337394,25.7585546786338],[-80.1905988047193,25.7585556720826],[-80.1905987050784,25.7585561075093],[-80.1905985786895,25.758556665548],[-80.1905983526536,25.7585576599159],[-80.1905982602225,25.758558061082],[-80.1905981285989,25.7585586561003],[-80.1905979075406,25.7585596513986],[-80.1905978263308,25.7585600147156],[-80.1905976864824,25.7585606466969],[-80.190597469405,25.75856164292],[-80.1905973974046,25.7585619710849],[-80.1905972553179,25.7585626391597],[-80.1905970422275,25.758563635405],[-80.1905969794304,25.7585639293203],[-80.1905968301216,25.758564633461],[-80.1905966220089,25.7585656306366],[-80.1905965664461,25.7585658866808],[-80.1905964148868,25.7585666287204],[-80.1905962097582,25.7585676268152],[-80.1905961644139,25.7585678459074],[-80.1905960086104,25.7585686258348],[-80.1905958074689,25.7585696239518],[-80.1905957683438,25.7585698078752],[-80.1905956093053,25.7585706238907],[-80.1905954121446,25.7585716229324],[-80.1905953832379,25.7585717699039],[-80.1905952189648,25.758572622899],[-80.1905950267756,25.7585736237738],[-80.1905950050972,25.7585737337767],[-80.1905948375706,25.7585746255677],[-80.1905946473871,25.7585756246483],[-80.190594635921,25.758575698602],[-80.1905944641565,25.7585766273781],[-80.1905942779478,25.7585776282861],[-80.1905942717164,25.7585776652602],[-80.1905940997071,25.758578630141],[-80.1905939194728,25.7585796319849],[-80.1905937432194,25.7585806347535],[-80.1905935721763,25.758581604153],[-80.1905935669783,25.7585816357169],[-80.1905933957087,25.7585826385132],[-80.1905932348595,25.7585835745712],[-80.1905932224456,25.7585836412984],[-80.1905930561597,25.7585846441225],[-80.1905929055045,25.7585855468391],[-80.1905928888833,25.7585856460384],[-80.1905927265722,25.7585866506898],[-80.1905925841052,25.7585875218592],[-80.1905925632705,25.7585876544331],[-80.1905924039436,25.7585886600038],[-80.1905922716766,25.7585894969291],[-80.1905922476314,25.7585896619806],[-80.190592090298,25.7585906675624],[-80.1905919662254,25.7585914720378],[-80.1905919369638,25.7585916713611],[-80.1905917865954,25.7585926787869],[-80.19059167172,25.7585934499153],[-80.1905916352547,25.7585936825966],[-80.1905914888795,25.758594689142],[-80.1905913821985,25.7585954278205],[-80.1905913445161,25.7585956929906],[-80.1905912011311,25.7585966995525],[-80.1905911026444,25.7585974057812],[-80.1905910607302,25.7585977070337],[-80.190590922329,25.7585987136234],[-80.190590831046,25.758599386494],[-80.1905907859091,25.7585997220294],[-80.1905906515071,25.758600726836],[-80.1905905684184,25.7586013672567],[-80.1905905190802,25.7586017343616],[-80.1905903906404,25.7586027419093],[-80.1905903117652,25.7586033489552],[-80.1905902621945,25.7586037503596],[-80.1905901367388,25.7586047588265],[-80.1905900660702,25.7586053316174],[-80.190590012286,25.7586057663964],[-80.1905898908173,25.7586067748855],[-80.1905898263557,25.7586073143128],[-80.1905897733357,25.7586077833968],[-80.1905896548512,25.7586087928052],[-80.1905895955875,25.7586093006685],[-80.190589539363,25.7586098013275],[-80.1905894258623,25.7586108107636],[-80.1905893737962,25.7586112861715],[-80.1905893143612,25.7586118193081],[-80.1905892058442,25.7586128287719],[-80.1905891589944,25.7586132699081],[-80.1905891003113,25.7586138391549],[-80.1905889947785,25.758614849538],[-80.1905889551385,25.7586152564134],[-80.1905888932388,25.7586158590405],[-80.1905887926897,25.7586168694512],[-80.1905887562542,25.7586172447517],[-80.1905886961276,25.7586178798841],[-80.1905885995656,25.758618890317],[-80.1905885683464,25.7586192313458],[-80.1905885059877,25.7586199016692],[-80.1905884144033,25.7586209130324],[-80.1905883864069,25.7586212197783],[-80.1905883258152,25.7586219235096],[-80.1905882392146,25.7586229349006],[-80.1905882144288,25.7586232091688],[-80.1905881536046,25.7586239471996],[-80.1905880689975,25.7586249586017],[-80.190588049428,25.7586251985982],[-80.1905879893741,25.7586259700314],[-80.1905879097446,25.7586269823637],[-80.1905878943886,25.7586271889855],[-80.1905878350989,25.7586279947238],[-80.1905877594626,25.7586290061757],[-80.1905877473172,25.7586291803199],[-80.1905876878071,25.7586300185523],[-80.1905876171423,25.7586310318372],[-80.1905876072229,25.758631171693],[-80.1905875504767,25.7586320433389],[-80.1905874828083,25.7586330557378],[-80.1905874771024,25.7586331622189],[-80.1905874211204,25.7586340681699],[-80.1905873584235,25.7586350824016],[-80.1905873529501,25.7586351545833],[-80.1905873007287,25.7586360939533],[-80.190587242025,25.7586371073046],[-80.1905872407589,25.7586371470142],[-80.190587188305,25.7586381206836],[-80.1905871335576,25.7586391385702],[-80.1905870848581,25.7586401465612],[-80.1905870362106,25.7586411468801],[-80.1905869893669,25.7586421751911],[-80.1905869460307,25.7586431272475],[-80.1905869446177,25.75864318862],[-80.1905869028588,25.7586442020655],[-80.1905868657356,25.7586451198558],[-80.1905868640779,25.7586452173329],[-80.1905868253153,25.7586462298925],[-80.1905867933962,25.7586471152162],[-80.1905867895369,25.7586472433713],[-80.1905867557459,25.7586482577638],[-80.1905867280402,25.7586491097128],[-80.1905867239606,25.7586492703621],[-80.1905866941505,25.7586502856794],[-80.190586672664,25.7586511024596],[-80.19058666634,25.7586513001051],[-80.1905866435255,25.7586523127534],[-80.1905866252496,25.7586530970559],[-80.1905866206927,25.7586533281094],[-80.1905865998594,25.7586543425739],[-80.1905865858031,25.7586550925993],[-80.1905865810198,25.7586553570496],[-80.1905865651764,25.7586563706392],[-80.1905865553274,25.7586570881924],[-80.1905865503238,25.758657385137],[-80.1905865404548,25.7586583996625],[-80.1905865308384,25.7586590829162],[-80.1905865285985,25.7586594132743],[-80.1905865217199,25.7586604278164],[-80.1905865173136,25.758661077701],[-80.1905865168348,25.7586614423696],[-80.1905865129525,25.7586624560257],[-80.190586511763,25.7586630725301],[-80.1905865120483,25.7586634715037],[-80.190586512153,25.758664485182],[-80.1905865121805,25.7586650691977],[-80.1905865152358,25.7586655006821],[-80.1905865203243,25.7586665143882],[-80.1905865225779,25.7586670641155],[-80.1905865274064,25.7586675281052],[-80.1905865384632,25.7586685436497],[-80.1905865419461,25.7586690590831],[-80.1905865485355,25.7586695573834],[-80.1905865625887,25.7586705720419],[-80.1905865702851,25.7586710541007],[-80.1905865786354,25.7586715867115],[-80.1905865946883,25.7586726004785],[-80.1905866036078,25.7586730491459],[-80.1905866167155,25.7586736151813],[-80.1905866387428,25.7586746298841],[-80.190586647901,25.7586750433495],[-80.1905866637664,25.758675643701],[-80.1905866907897,25.7586766566263],[-80.190586701165,25.7586770376029],[-80.1905867198003,25.7586776704653],[-80.1905867507923,25.7586786861206],[-80.1905867623968,25.7586790328033],[-80.1905867837961,25.7586796990792],[-80.1905868177844,25.7586807138485],[-80.1905868306183,25.7586810262373],[-80.1905868547752,25.7586817268292],[-80.1905868957469,25.7586827407347],[-80.1905869068076,25.7586830206182],[-80.1905869397089,25.7586837546568],[-80.1905869816774,25.7586847685679],[-80.1905869919677,25.758685015049],[-80.190587027639,25.7586857815985],[-80.190587075588,25.7586867955428],[-80.1905870861109,25.7586870077244],[-80.1905871255367,25.7586878085955],[-80.1905871774788,25.7586888216594],[-80.1905871872253,25.7586890013412],[-80.1905872314022,25.7586898365396],[-80.1905872903339,25.758690847837],[-80.1905872993162,25.7586909932138],[-80.1905873482566,25.7586918609341],[-80.1905874101602,25.758692874956],[-80.1905874163847,25.7586929860167],[-80.1905874740756,25.7586938862811],[-80.1905875369821,25.7586948994059],[-80.1905875424302,25.7586949779668],[-80.190587605863,25.7586959134665],[-80.1905876767619,25.7586969239278],[-80.1905876784494,25.7586969690698],[-80.1905877476424,25.758697937097],[-80.1905878214826,25.7586989547958],[-80.1905878993893,25.7586999607828],[-80.1905879733396,25.7587009622346],[-80.1905880571107,25.7587019854045],[-80.1905881343634,25.7587029408394],[-80.1905881399706,25.7587029959323],[-80.1905882228183,25.7587040082654],[-80.1905883013003,25.7587049294063],[-80.1905883096591,25.7587050197179],[-80.1905883975029,25.7587060302734],[-80.1905884791955,25.7587069189367],[-80.1905884903242,25.7587070417592],[-80.1905885841485,25.758708052348],[-80.1905886650769,25.7587089067063],[-80.1905886779728,25.7587090629367],[-80.1905887787743,25.7587100735643],[-80.190588856945,25.7587108936065],[-80.1905888765856,25.7587110841752],[-80.19058897839,25.7587120939056],[-80.1905890607742,25.7587128805732],[-80.1905890831847,25.7587131036528],[-80.1905891889823,25.7587141125028],[-80.1905892675997,25.7587148666539],[-80.1905892977518,25.7587151240772],[-80.1905894075364,25.7587161329494],[-80.1905894873831,25.7587168528067],[-80.1905895193145,25.7587171418327],[-80.1905896340706,25.7587181525378],[-80.1905897131532,25.75871883809],[-80.1905897508386,25.7587191605462],[-80.1905898695879,25.7587201703709],[-80.1905899469095,25.7587208216125],[-80.1905899903429,25.7587211784014],[-80.1905901140943,25.7587221855459],[-80.1905901916424,25.7587228033907],[-80.1905902398332,25.7587231936041],[-80.1905903675716,25.7587242007708],[-80.1905904423497,25.7587247861048],[-80.1905904972974,25.7587252088512],[-80.190590629029,25.7587262151375],[-80.19059070204,25.7587267670635],[-80.1905907647293,25.7587272241537],[-80.1905908994512,25.7587282304566],[-80.1905909687138,25.7587287471584],[-80.190591038154,25.7587292376842],[-80.1905911788625,25.7587302431178],[-80.1905912453552,25.7587307273087],[-80.1905913195649,25.7587312494539],[-80.1905914642604,25.7587322549096],[-80.1905915299889,25.7587327047955],[-80.190591611934,25.7587332621871],[-80.1905917606288,25.7587342658597],[-80.1905918215938,25.7587346832237],[-80.1905919132923,25.7587352722623],[-80.1905920629839,25.7587362759405],[-80.1905921241815,25.758736659005],[-80.1905922196344,25.7587372823652],[-80.1905923763094,25.7587382851796],[-80.1905924327496,25.7587386348195],[-80.1905925369592,25.7587392898213],[-80.1905926996086,25.7587402935715],[-80.190592749298,25.7587406097758],[-80.1905928632548,25.7587412973272],[-80.1905930279038,25.7587423001858],[-80.1905930748354,25.7587425820741],[-80.1905931965399,25.7587433030667],[-80.1905933661788,25.7587443050504],[-80.1905934093376,25.7587445553249],[-80.1905935378052,25.7587453079479],[-80.1905937134246,25.7587463099648],[-80.1905937498387,25.758746525901],[-80.1905938900409,25.7587473119874],[-80.1905940686568,25.7587483131184],[-80.1905941023132,25.7587484947385],[-80.1905942502629,25.758749314266],[-80.1905944318691,25.7587503154136],[-80.1905944597591,25.7587504654088],[-80.1905946164655,25.7587513165778],[-80.1905948040645,25.7587523159535],[-80.1905948262065,25.758752431616],[-80.190594993663,25.7587533144376],[-80.19059518424,25.7587543156351],[-80.1905952016186,25.7587543987757],[-80.1905953808159,25.758755314158],[-80.1905955733986,25.7587563135614],[-80.1905955820328,25.7587563632552],[-80.190595771968,25.7587573120953],[-80.1905959724819,25.7587583178613],[-80.1905961740905,25.758759309191],[-80.1905963757236,25.7587602969102],[-80.1905965842178,25.7587613018179],[-80.1905967811363,25.7587622497942],[-80.190596791758,25.7587623004018],[-80.1905970023129,25.7587632953918],[-80.1905971964799,25.7587642081494],[-80.1905972158459,25.7587642922037],[-80.1905974293973,25.7587652863077],[-80.1905976207943,25.7587661665544],[-80.1905976469234,25.7587662822391],[-80.1905978654463,25.758767278176],[-80.1905980511076,25.7587681222848],[-80.1905980859749,25.7587682723189],[-80.1905983095061,25.7587692646731],[-80.1905984923852,25.7587700780762],[-80.1905985340218,25.758770258838],[-80.1905987615277,25.7587712530196],[-80.1905989416553,25.7587720312041],[-80.1905989910517,25.7587722436018],[-80.1905992245382,25.7587732378167],[-80.190599396912,25.7587739834626],[-80.1905994560495,25.7587742293126],[-80.1905996925446,25.7587752208362],[-80.1905998631575,25.7587759321716],[-80.1905999300304,25.758776213268],[-80.1906001725122,25.7587772039222],[-80.1906003353713,25.758777882719],[-80.1906004119976,25.7587781954625],[-80.190600657488,25.7587791834255],[-80.1906008155837,25.7587798297004],[-80.1906009029723,25.7587801722912],[-80.1906011514347,25.7587811629787],[-80.1906013057759,25.7587817749319],[-80.1906014028996,25.7587821518775],[-80.1906016553611,25.758783140782],[-80.1906018029515,25.7587837192996],[-80.1906019098286,25.7587841278923],[-80.1906021652927,25.7587851150081],[-80.1906023091101,25.7587856619118],[-80.1906024227564,25.7587861012324],[-80.1906026851917,25.7587870892896],[-80.1906028212677,25.7587876018496],[-80.1906029486361,25.7587880755471],[-80.1906032130894,25.758789060005],[-80.1906033414178,25.7587895391238],[-80.190603480533,25.7587900444794],[-80.1906037499578,25.7587910307702],[-80.1906038735411,25.7587914746592],[-80.1906040204039,25.7587920134561],[-80.1906042948248,25.7587929979693],[-80.1906044106421,25.758793411125],[-80.1906045692518,25.75879398158],[-80.190604847672,25.7587949643102],[-80.190604954751,25.7587953431165],[-80.1906051260983,25.7587959461377],[-80.1906054105112,25.7587969270959],[-80.1906055088337,25.7587972742608],[-80.1906056939213,25.7587979089512],[-80.1906059803278,25.7587988899205],[-80.1906060709026,25.7587992036441],[-80.1906062687278,25.7587998709009],[-80.1906065551404,25.7588008509675],[-80.1906066409639,25.758801130364],[-80.1906068485425,25.7588018292677],[-80.1906071419385,25.7588028084706],[-80.190607217012,25.7588030562145],[-80.1906074393338,25.7588037858903],[-80.1906077377197,25.7588047642183],[-80.1906078050333,25.7588049803262],[-80.1906080371025,25.7588057425517],[-80.1906083404905,25.7588067181995],[-80.1906083980507,25.7588069026604],[-80.1906086468689,25.7588076938639],[-80.1906089522505,25.7588086695228],[-80.1906090000757,25.7588088196288],[-80.1906092616191,25.7588096452038],[-80.190609571,25.7588106190796],[-80.1906096100563,25.7588107393494],[-80.1906098853585,25.7588115938857],[-80.1906101997293,25.7588125668866],[-80.1906102270571,25.7588126527905],[-80.1906105160875,25.7588135408012],[-80.1906108344515,25.7588145129216],[-80.1906108540255,25.7588145662869],[-80.1906111578053,25.7588154841671],[-80.1906114830853,25.7588164653526],[-80.1906118065126,25.7588174257667],[-80.1906121299094,25.7588183906939],[-80.1906124622034,25.7588193665024],[-80.1906127778892,25.7588202925727],[-80.190612792553,25.7588203350788],[-80.1906131278924,25.7588213027804],[-80.1906134348216,25.7588221972092],[-80.1906134632318,25.7588222704819],[-80.1906138005648,25.7588232381945],[-80.190614101746,25.7588240982906],[-80.1906141398974,25.7588242050156],[-80.1906144812235,25.7588251718478],[-80.19061477566,25.7588259976056],[-80.1906148255521,25.7588261368914],[-80.1906151698808,25.7588271019349],[-80.1906154575541,25.7588278960624],[-80.1906155182087,25.7588280651954],[-80.1906158695207,25.7588290293752],[-80.1906161464562,25.7588297900448],[-80.1906162198483,25.7588299917441],[-80.1906165741629,25.7588309541353],[-80.1906168423479,25.7588316822608],[-80.1906169294742,25.7588319165319],[-80.1906172877819,25.7588328780426],[-80.1906175472226,25.7588335727214],[-80.1906176480832,25.7588338395643],[-80.1906180113992,25.7588347974923],[-80.1906182620832,25.7588354605296],[-80.1906183756998,25.758835757231],[-80.1906187409909,25.7588367178778],[-80.1906189829367,25.7588373465658],[-80.1906191083123,25.75883767312],[-80.1906194785995,25.7588386319893],[-80.1906197117948,25.7588392281332],[-80.1906198518893,25.75883958907],[-80.1906202271786,25.7588405452592],[-80.1906204466396,25.7588411088313],[-80.1906206034708,25.7588415005513],[-80.1906209807721,25.7588424540437],[-80.190621192461,25.758842987785],[-80.1906213620543,25.7588434084609],[-80.1906217443271,25.7588443637862],[-80.1906219452842,25.7588448631671],[-80.1906221266243,25.7588453155011],[-80.1906225139054,25.7588462672437],[-80.1906227051153,25.7588467340749],[-80.1906229021833,25.7588472189918],[-80.1906232934575,25.7588481698539],[-80.1906234729143,25.7588486059297],[-80.1906236857285,25.7588491207216],[-80.1906240800052,25.7588500697951],[-80.1906242477213,25.7588504733101],[-80.1906244762816,25.7588510179771],[-80.1906248745576,25.7588519652675],[-80.1906250325204,25.7588523371355],[-80.1906252778113,25.7588529134882],[-80.190625678087,25.7588538598871],[-80.1906258233061,25.7588542000915],[-80.1906260833404,25.7588548072164],[-80.1906264896149,25.7588557509407],[-80.1906266220903,25.7588560594814],[-80.1906268988798,25.7588566946816],[-80.1906273071418,25.7588576393196],[-80.1906274288671,25.7588579162077],[-80.1906277214027,25.758858581283],[-80.1906281346485,25.7588595259487],[-80.1906282426456,25.7588597693624],[-80.1906285519058,25.7588604670261],[-80.1906289701599,25.758861408109],[-80.1906290654072,25.7588616207617],[-80.1906293914165,25.7588623474033],[-80.1906298136698,25.7588632867032],[-80.1906298941738,25.7588634685837],[-80.1906302369138,25.7588642269112],[-80.1906306641631,25.7588651644336],[-80.1906307329264,25.7588653137534],[-80.190631094415,25.7588661001673],[-80.190631523658,25.7588670377007],[-80.1906315796714,25.7588671562595],[-80.190631956894,25.7588679743537],[-80.1906323911391,25.7588689092069],[-80.1906324314186,25.7588689960854],[-80.1906328283866,25.7588698422716],[-80.1906332656342,25.7588707753362],[-80.1906332911583,25.7588708332478],[-80.190633705866,25.7588717093201],[-80.1906341550012,25.7588726532827],[-80.1906345923467,25.7588735719055],[-80.1906350366084,25.7588744995932],[-80.1906354868199,25.7588754318273],[-80.1906359183563,25.7588763251435],[-80.1906359360592,25.7588763604453],[-80.1906363902762,25.7588772899937],[-80.1906368110685,25.7588781507548],[-80.1906368455083,25.7588782168398],[-80.1906373017372,25.7588791436914],[-80.190637709792,25.7588799718862],[-80.1906377579783,25.7588800687378],[-80.1906382182248,25.7588809910985],[-80.1906386155111,25.7588817903485],[-80.190638681431,25.7588819179889],[-80.1906391456706,25.7588828394691],[-80.1906395312223,25.7588836052558],[-80.1906396108887,25.7588837636627],[-80.1906400781186,25.7588846851596],[-80.1906404519418,25.7588854165803],[-80.1906405483389,25.758885606673],[-80.1906410215677,25.7588865254953],[-80.1906413816321,25.7588872279547],[-80.1906414937998,25.758887444312],[-80.190641970019,25.7588883631509],[-80.1906423173519,25.7588890321413],[-80.1906424462565,25.7588892792819],[-80.1906429264627,25.7588901981429],[-80.1906432620487,25.7588908354753],[-80.190643407684,25.7588911143016],[-80.1906438929107,25.7588920277746],[-80.1906442137412,25.7588926361402],[-80.1906443781252,25.7588929430529],[-80.1906448653515,25.7588938556344],[-80.1906451714571,25.7588944305199],[-80.1906453535685,25.7588947691241],[-80.1906458447941,25.7588956799225],[-80.1906461391467,25.7588962240525],[-80.1906463380133,25.758896590732],[-80.190646833226,25.7588975015525],[-80.1906471128475,25.7588980131052],[-80.1906473304444,25.758898410579],[-80.1906478296564,25.7588993196165],[-80.1906480935501,25.7588997985863],[-80.1906483308802,25.7589002259572],[-80.1906488341037,25.7589011314064],[-80.1906490832419,25.7589015814093],[-80.1906493383239,25.7589020368612],[-80.1906498455283,25.7589029432352],[-80.1906500799294,25.7589033615633],[-80.1906503537479,25.7589038469068],[-80.1906508619796,25.7589047487733],[-80.1906510836125,25.7589051390482],[-80.1906513771826,25.7589056515811],[-80.1906518913949,25.7589065534808],[-80.1906520953126,25.7589069102592],[-80.1906524076253,25.7589074517811],[-80.190652924834,25.7589083527948],[-80.19065311399,25.7589086815089],[-80.1906534440546,25.7589092511117],[-80.1906539662716,25.7589101485426],[-80.1906541396937,25.7589104455764],[-80.1906544894915,25.7589110450764],[-80.1906550167107,25.7589119398272],[-80.1906551713841,25.7589122087746],[-80.1906555439238,25.7589128354806],[-80.1906560721519,25.7589137284316],[-80.1906562150784,25.7589139657209],[-80.1906566053578,25.758914622313],[-80.190657138582,25.7589155134866],[-80.1906572617692,25.7589157217813],[-80.1906576737998,25.7589164046712],[-80.1906582110172,25.7589172949643],[-80.1906583164769,25.7589174715676],[-80.1906587492435,25.7589181834576],[-80.1906592914508,25.7589190728758],[-80.1906593801616,25.7589192205012],[-80.1906598336704,25.7589199604887],[-80.1906603778896,25.7589208472101],[-80.1906604498635,25.7589209640523],[-80.1906609261142,25.7589217312458],[-80.1906614733176,25.7589226188865],[-80.1906615275579,25.7589227049399],[-80.1906620235541,25.7589235002254],[-80.190662574775,25.7589243833751],[-80.1906626122541,25.7589244422558],[-80.1906631299953,25.7589252647417],[-80.1906636842189,25.7589261461028],[-80.1906637019647,25.7589261750863],[-80.1906642444474,25.7589270238867],[-80.1906648016674,25.7589279043618],[-80.1906653421995,25.7589287468327],[-80.1906658235503,25.7589294969042],[-80.1906658837161,25.7589295911144],[-80.1906664272446,25.7589304326994],[-80.1906668494447,25.7589310858583],[-80.1906669697886,25.7589312724736],[-80.1906675163196,25.7589321122699],[-80.1906678813381,25.7589326721378],[-80.1906680658592,25.758932949375],[-80.1906686143899,25.7589337882798],[-80.1906689202455,25.7589342530404],[-80.1906691669076,25.7589346272068],[-80.190669718453,25.7589354625177],[-80.1906699651335,25.7589358339762],[-80.1906702739855,25.7589362978508],[-80.1906708285396,25.7589371304705],[-80.1906710150359,25.7589374104267],[-80.1906713890681,25.7589379640261],[-80.1906719485998,25.7589387975762],[-80.1906720749365,25.7589389824194],[-80.1906725091406,25.7589396293265],[-80.1906730736745,25.7589404601964],[-80.190673136849,25.7589405517154],[-80.1906736392236,25.758941288364],[-80.1906742047543,25.7589421192394],[-80.1906747930513,25.7589429737103],[-80.190675349758,25.758943782873],[-80.190675384308,25.758943832711],[-80.1906759775949,25.7589446863069],[-80.1906765037632,25.7589454420435],[-80.1906765708697,25.7589455417082],[-80.1906771671469,25.7589463953208],[-80.1906776627584,25.758947100339],[-80.1906777654237,25.7589472480419],[-80.1906783667032,25.7589480989744],[-80.190678827777,25.7589487523494],[-80.1906789679826,25.7589489499069],[-80.1906795702771,25.758949798137],[-80.1906800007819,25.7589504025989],[-80.1906801755497,25.758950648189],[-80.1906807828402,25.7589514946417],[-80.1906811788073,25.7589520474604],[-80.1906813921305,25.7589523402028],[-80.1906820024235,25.7589531848668],[-80.1906823668187,25.7589536896694],[-80.1906826147102,25.7589540295419],[-80.1906832280058,25.7589548724173],[-80.1906835598568,25.7589553255879],[-80.1906838442978,25.7589557144067],[-80.1906844625895,25.7589565555045],[-80.1906847598783,25.7589569606424],[-80.1906850798966,25.7589573947916],[-80.1906857021876,25.7589582341064],[-80.1906859649325,25.7589585885038],[-80.1906863254876,25.7589590716215],[-80.1906869497904,25.7589599082395],[-80.1906871799789,25.7589602128101],[-80.1906875781048,25.7589607412692],[-80.1906882053979,25.7589615779038],[-80.1906883980339,25.7589618344251],[-80.1906888347151,25.7589624100365],[-80.1906894660198,25.7589632430828],[-80.1906896250904,25.7589634515769],[-80.1906901013299,25.7589640734434],[-80.1906907346403,25.7589649046955],[-80.190690858158,25.7589650642489],[-80.190691372959,25.7589657323649],[-80.190692013259,25.7589665618506],[-80.190692096234,25.7589666733381],[-80.1906926525867,25.7589673877204],[-80.1906932939141,25.7589682126985],[-80.1906933443204,25.7589682761643],[-80.1906939392223,25.7589690386014],[-80.1906945914712,25.7589698699588],[-80.1906952308785,25.7589706840945],[-80.1906958554936,25.758971474679],[-80.1906958792199,25.7589715036958],[-80.1906965325451,25.7589723233247],[-80.1906971206106,25.7589730649628],[-80.1906971838707,25.7589731438451],[-80.1906978401985,25.7589739616854],[-80.1906983947168,25.7589746525886],[-80.1906984945449,25.7589747777094],[-80.1906991538936,25.7589755910533],[-80.1906996738436,25.7589762348264],[-80.19069981323,25.7589764062024],[-80.190700475575,25.7589772186602],[-80.1907009579726,25.758977814384],[-80.1907011369111,25.7589780329177],[-80.1907018042583,25.7589788426954],[-80.1907022501124,25.7589793885702],[-80.1907024686091,25.7589796533591],[-80.1907031369592,25.7589804622397],[-80.19070354926,25.7589809582821],[-80.1907038063183,25.7589812693206],[-80.1907044776709,25.7589820764126],[-80.1907048524193,25.7589825244057],[-80.1907051510354,25.7589828808079],[-80.1907058253967,25.7589836852086],[-80.1907061635771,25.7589840869632],[-80.1907065027666,25.7589844869181],[-80.1907071791397,25.7589852886221],[-80.1907074807645,25.758985642333],[-80.1907078605089,25.7589860885485],[-80.1907085418842,25.7589868875724],[-80.1907088059382,25.7589871959418],[-80.1907092252531,25.7589876866073],[-80.1907099116306,25.758988482951],[-80.1907101361324,25.7589887441626],[-80.190710599011,25.7589892783975],[-80.1907112863914,25.7589900738441],[-80.1907114733345,25.7589902879091],[-80.1907119767865,25.7589908656969],[-80.190712670178,25.7589916566636],[-80.1907128155634,25.758991825365],[-80.1907133635635,25.758992448533],[-80.1907140569551,25.7589932394997],[-80.190714163785,25.7589933610489],[-80.1907147543643,25.7589940259755],[-80.1907154517551,25.7589948151592],[-80.19071551803,25.7589948904477],[-80.1907161541542,25.7589956007601],[-80.1907168535631,25.7589963863443],[-80.1907168822671,25.7589964162914],[-80.1907175589709,25.758997169254],[-80.1907182554629,25.7589979439902],[-80.1907189697987,25.758998733268],[-80.1907196218099,25.7589994526952],[-80.1907196782151,25.7589995134865],[-80.1907203896279,25.7590002928189],[-80.1907210030838,25.7590009650939],[-80.1907210990718,25.7590010685297],[-80.1907218134932,25.7590018451709],[-80.190722390375,25.75900247211],[-80.190722527927,25.7590026200068],[-80.1907232443603,25.7590033939513],[-80.1907237826867,25.7590039737381],[-80.190723963784,25.7590041679123],[-80.190724684235,25.7590049373658],[-80.1907251819942,25.7590054726972],[-80.190725403677,25.7590057086189],[-80.1907261291302,25.7590064753922],[-80.1907265863344,25.759006964463],[-80.1907268535622,25.7590072457704],[-80.1907275800182,25.7590080116467],[-80.1907279996699,25.7590084526682],[-80.1907283074833,25.7590087757232],[-80.1907290359452,25.7590095398053],[-80.1907294150357,25.7590099354687],[-80.1907297674096,25.7590103020988],[-80.1907304988801,25.7590110634896],[-80.1907308413781,25.759011416525],[-80.1907312353527,25.7590118222003],[-80.1907319698196,25.7590125827051],[-80.1907322687724,25.7590128894632],[-80.1907327092948,25.7590133396272],[-80.1907334467826,25.7590140956355],[-80.1907337031808,25.7590143570245],[-80.1907341882636,25.7590148507634],[-80.1907349307474,25.7590156049943],[-80.1907351455877,25.7590158210196],[-80.1907356752492,25.7590163556257],[-80.1907364207418,25.7590171071653],[-80.1907365930029,25.759017281432],[-80.1907371672433,25.7590178569052],[-80.1907379157383,25.7590186066561],[-80.1907380454386,25.7590187364563],[-80.1907386672419,25.7590193537159],[-80.1907394187579,25.7590200989704],[-80.1907395058913,25.7590201852066],[-80.1907401732763,25.7590208424362],[-80.1907409267918,25.7590215867992],[-80.1907409693649,25.7590216294605],[-80.1907416843251,25.7590223266712],[-80.190742441846,25.7590230683485],[-80.1906955378546,25.7590692038981],[-80.1903802347934,25.7594458386181],[-80.190357277283,25.759498929464],[-80.190302918646,25.7594503091066],[-80.1902555770587,25.7594029318972],[-80.1902109100572,25.759353330072],[-80.1900103174701,25.7595312198295],[-80.1897307908166,25.7597562162333],[-80.1896587872658,25.7598206194957],[-80.189408595761,25.75976999511],[-80.1893336773046,25.7597541182277]]]},"properties":{"FID":83,"M21_ZONE":"T6-8-R","Map_Code":"T6-8","Transect":"T6","Transect_D":"Urban Core Zone","Bldg_Heigh":"8","Intensity":"R","FLR":" ","Enact":"13114","Shape_STAr":546430.355151,"Shape_STLe":3089.10312215,"Shape__Area":62844.431640625,"Shape__Length":1048.3670620750861}},{"type":"Feature","id":84,"geometry":{"type":"Polygon","coordinates":[[[-80.1951440483934,25.7624914632165],[-80.1946059297308,25.7625117725978],[-80.1946022278599,25.7624344589566],[-80.1946013451139,25.7624023359207],[-80.1945979592747,25.7622790727376],[-80.1945943272547,25.762141918186],[-80.1945911348689,25.7620241116961],[-80.1944477386543,25.7620278748201],[-80.1943071924014,25.762031482073],[-80.1941514500867,25.7620356080384],[-80.1940031162124,25.7620394282387],[-80.1938441472961,25.7620435360095],[-80.1938324415014,25.7616961191005],[-80.1938314874038,25.7616686876488],[-80.1938233727763,25.7615678120059],[-80.195116947866,25.7615419385185],[-80.1951440483934,25.7624914632165]]]},"properties":{"FID":84,"M21_ZONE":"CI","Map_Code":"CI","Transect":"CI","Transect_D":"Civic Institution Zone","Bldg_Heigh":" ","Intensity":" ","FLR":" ","Enact":"13114","Shape_STAr":104072.689526,"Shape_STLe":1544.73397092,"Shape__Area":11970.0625,"Shape__Length":523.74213400734914}},{"type":"Feature","id":85,"geometry":{"type":"Polygon","coordinates":[[[-80.1955364543372,25.7624792377636],[-80.195984970922,25.7624718362453],[-80.1962947109995,25.7624667235733],[-80.1962967607417,25.7625331547248],[-80.196308301732,25.762934391236],[-80.1964568278485,25.7629303107057],[-80.1965525380744,25.7629276941726],[-80.1966112421741,25.7629260901149],[-80.1967650863284,25.7629218662138],[-80.1967737384011,25.763329276239],[-80.1967758530144,25.7633957357214],[-80.1955683542331,25.7634272435122],[-80.1955493793372,25.7627444062851],[-80.1955364543372,25.7624792377636]]]},"properties":{"FID":85,"M21_ZONE":"CS","Map_Code":"CS","Transect":"CS","Transect_D":"Civic Space Zone","Bldg_Heigh":" ","Intensity":" ","FLR":" ","Enact":"13114","Shape_STAr":111038.469729,"Shape_STLe":1484.67896988,"Shape__Area":12771.455078125,"Shape__Length":503.41911459834569}},{"type":"Feature","id":86,"geometry":{"type":"Polygon","coordinates":[[[-80.1971725484844,25.7627042686414],[-80.1972917092221,25.762699972037],[-80.1972983287583,25.7630409492225],[-80.1973049502977,25.7633819264039],[-80.1973050556336,25.7633873113035],[-80.1967758530144,25.7633957357214],[-80.1967737384011,25.763329276239],[-80.1967650863284,25.7629218662138],[-80.1967606605664,25.7627089847345],[-80.1971725484844,25.7627042686414]]]},"properties":{"FID":86,"M21_ZONE":"CI","Map_Code":"CI","Transect":"CI","Transect_D":"Civic Institution Zone","Bldg_Heigh":" ","Intensity":" ","FLR":" ","Enact":"13114","Shape_STAr":43543.3122916,"Shape_STLe":848.566332119,"Shape__Area":5008.287109375,"Shape__Length":287.92617494823895}},{"type":"Feature","id":87,"geometry":{"type":"Polygon","coordinates":[[[-80.1874835924172,25.7691884187164],[-80.1874816813598,25.7692061387984],[-80.1874779169816,25.7692410051993],[-80.1874621895403,25.769291900863],[-80.1874373650156,25.7693396532562],[-80.1874038369888,25.7693829710743],[-80.1873627538027,25.7694203993332],[-80.1873152567087,25.7694510859793],[-80.1872626870991,25.769473921017],[-80.1872065657024,25.7694883957155],[-80.1871486050446,25.7694940899744],[-80.186186786812,25.7695133906334],[-80.1844939175598,25.7695474196635],[-80.1832018061335,25.769573360514],[-80.1831618500808,25.7695710303834],[-80.1831218880551,25.7695686993055],[-80.1830437609832,25.7695520112799],[-80.1829700811744,25.769523654359],[-80.182902552924,25.7694844134939],[-80.1828434483717,25.7694354189303],[-80.1827940847262,25.7693782243126],[-80.1827561611427,25.7693142157318],[-80.1827308054474,25.7692453772339],[-80.1827183828755,25.7691736885806],[-80.1827196394578,25.7691011307657],[-80.182726910841,25.769065449256],[-80.182786089359,25.7688749353363],[-80.1829335196181,25.7683730686731],[-80.1832031851148,25.767485320094],[-80.1835128741996,25.7664646969648],[-80.1838635497997,25.7653923742181],[-80.1839483904913,25.7651330230495],[-80.184096682147,25.7646795515729],[-80.1840980389223,25.7646756037662],[-80.1842873354058,25.7640968321518],[-80.1842877120101,25.7640958404446],[-80.1842880926078,25.7640948478571],[-80.1842884761774,25.7640938579942],[-80.1842888627251,25.7640928699533],[-80.1842892522631,25.7640918819292],[-80.1842896487726,25.7640908948468],[-80.1842900452635,25.7640899104723],[-80.184290449735,25.7640889252398],[-80.1842908561816,25.7640879427263],[-80.1842912656001,25.7640869629374],[-80.184291679018,25.7640859813656],[-80.1842920974077,25.7640850016271],[-80.184292518763,25.7640840255157],[-80.184292942112,25.7640830494155],[-80.1842933724262,25.7640820751596],[-80.1842938047339,25.7640811009149],[-80.1842942410104,25.7640801294003],[-80.1842946812617,25.7640791597134],[-80.1842951235004,25.7640781909402],[-80.1842955717261,25.764077221298],[-80.1842960229236,25.7640762543803],[-80.1842964770993,25.7640752892846],[-80.1842969362466,25.7640743260221],[-80.1842973983719,25.7640733645816],[-80.184297865475,25.7640724040716],[-80.1842983335687,25.7640714444698],[-80.1842988162037,25.7640703991978],[-80.1842993028135,25.7640693557533],[-80.1842997954103,25.7640683114397],[-80.184300288973,25.7640672716448],[-80.1843007865167,25.7640662327748],[-80.1843012880353,25.7640651957324],[-80.1843017935411,25.7640641587124],[-80.1843023040246,25.7640631226229],[-80.1843028154927,25.7640620883442],[-80.184303332923,25.7640610568069],[-80.1843038533251,25.7640600279941],[-80.1843043777145,25.7640589992038],[-80.184304905082,25.7640579722353],[-80.1843054364304,25.7640569461919],[-80.1843059727443,25.7640559228842],[-80.1843065120486,25.7640548995933],[-80.1843070553216,25.7640538790326],[-80.1843076015664,25.7640528611965],[-80.1843081518108,25.7640518415775],[-80.1843087050271,25.764050824683],[-80.1843092631965,25.7640498123296],[-80.1843098233656,25.7640487990848],[-80.1843103885064,25.7640477876731],[-80.1843109576159,25.7640467789916],[-80.1843115287128,25.7640457712238],[-80.1843121047813,25.7640447652893],[-80.1843126848186,25.7640437620849],[-80.184313268843,25.7640427589028],[-80.1843138558454,25.7640417575428],[-80.1843144448168,25.7640407598043],[-80.1843150377692,25.7640397629909],[-80.1843156367023,25.7640387662109],[-80.1843162366076,25.764037773047],[-80.1843168434719,25.7640367826301],[-80.1843174503424,25.7640357913105],[-80.1843180631752,25.7640348027322],[-80.1843186779892,25.7640338159704],[-80.1843192977626,25.764032832847],[-80.1843199215293,25.7640318488433],[-80.1843205452774,25.7640308675474],[-80.1843211759785,25.7640298899011],[-80.1843218086731,25.7640289122659],[-80.1843224443335,25.764027938258],[-80.1843230859808,25.764026963381],[-80.1843237305939,25.7640259921311],[-80.1843243771943,25.7640250217951],[-80.1843250277573,25.7640240550919],[-80.1843256823012,25.7640230893136],[-80.1843263398232,25.7640221253573],[-80.1843270023107,25.7640211641368],[-80.1843276677824,25.7640202038357],[-80.1843283342386,25.7640192453453],[-80.1843290076476,25.7640182905045],[-80.1843296830503,25.7640173356749],[-80.1843303614186,25.7640163844726],[-80.1843310447586,25.7640154351033],[-80.1843317270895,25.7640144875337],[-80.1843324173824,25.764013541814],[-80.1843331096565,25.7640125979107],[-80.1843338058993,25.7640116567376],[-80.1843345051325,25.7640107155813],[-80.1843352093126,25.7640097798686],[-80.1843359144957,25.7640088432588],[-80.1843366236414,25.7640079102818],[-80.1843373357589,25.7640069800295],[-80.1843380518635,25.7640060497995],[-80.1843387719308,25.7640051232022],[-80.184339494976,25.764004198427],[-80.1843402199963,25.7640032763708],[-80.1843409509851,25.7640023561533],[-80.1843416819676,25.7640014368384],[-80.1843424189063,25.7640005211675],[-80.1843431588292,25.763999606416],[-80.184343901724,25.763998694389],[-80.184344649578,25.7639977860005],[-80.1843453974259,25.7639968785146],[-80.1843461492487,25.7639959728562],[-80.1843469070337,25.7639950699392],[-80.1843476648064,25.7639941688274],[-80.1843483938569,25.7639932404752],[-80.1843491238796,25.763992315739],[-80.1843498588739,25.763991392836],[-80.1843505968586,25.7639904699497],[-80.1843513368122,25.763989550685],[-80.1843520807407,25.7639886332479],[-80.184352828644,25.7639877176384],[-80.1843535795253,25.7639868038509],[-80.1843543333724,25.7639858936906],[-80.1843550901975,25.7639849853522],[-80.1843558509974,25.7639840788414],[-80.1843566147692,25.7639831750553],[-80.1843573825097,25.7639822739993],[-80.1843581522438,25.7639813729545],[-80.1843589249436,25.7639804755369],[-80.1843597016059,25.7639795817521],[-80.1843604822553,25.7639786879896],[-80.1843612638769,25.7639777978432],[-80.1843620504702,25.7639769095299],[-80.1843628400353,25.7639760239413],[-80.1843636325722,25.7639751410772],[-80.1843644271028,25.7639742582243],[-80.1843652255959,25.7639733790042],[-80.1843660280576,25.7639725025142],[-80.1843668334974,25.7639716278463],[-80.1843676429121,25.7639707550059],[-80.1843684522958,25.7639698866786],[-80.1843692656606,25.7639690192762],[-80.1843700839909,25.7639681546097],[-80.1843709052992,25.7639672917651],[-80.1843717285888,25.7639664307369],[-80.1843725548379,25.7639655742385],[-80.184373384065,25.7639647195621],[-80.1843742162764,25.7639638658051],[-80.1843750524502,25.7639630156809],[-80.1843758906053,25.7639621673731],[-80.1843767327168,25.7639613236006],[-80.1843775768156,25.763960480742],[-80.1843784258861,25.7639596397165],[-80.1843792749381,25.7639588013989],[-80.1843801299462,25.7639579667252],[-80.1843809849481,25.7639571329542],[-80.1843818459123,25.7639563019244],[-80.1843827068456,25.7639554754078],[-80.1843835737597,25.7639546489247],[-80.1843844426428,25.7639538260632],[-80.1843853135008,25.7639530059207],[-80.1843861883338,25.7639521876057],[-80.1843870641388,25.7639513729069],[-80.1843879449155,25.7639505600411],[-80.1843888286702,25.7639497489974],[-80.1843897143938,25.7639489415753],[-80.1843906030956,25.7639481359751],[-80.1843914957536,25.7639473349104],[-80.1843923874148,25.7639465338401],[-80.1843932860228,25.7639457373219],[-80.1843941876087,25.7639449426258],[-80.1843950891701,25.76394415154],[-80.184395995703,25.7639433622875],[-80.1843969042049,25.7639425766566],[-80.1843978156909,25.763941791945],[-80.1843987311395,25.7639410108662],[-80.1843996475664,25.7639402325009],[-80.1844005659745,25.7639394559519],[-80.1844014903387,25.7639386830469],[-80.1844024146905,25.7639379119472],[-80.1844033420081,25.7639371444746],[-80.184404274285,25.7639363806405],[-80.1844052075586,25.7639356168119],[-80.1844061437918,25.7639348575131],[-80.184407081994,25.763934101836],[-80.1844080241709,25.7639333479864],[-80.1844089673385,25.763932595045],[-80.1844099144624,25.763931846639],[-80.184410865555,25.7639311009633],[-80.1844118156322,25.7639303579897],[-80.1844127716718,25.7639296177576],[-80.1844137276928,25.7639288802332],[-80.1844146896761,25.7639281454502],[-80.1844156516409,25.7639274133751],[-80.1844166185588,25.7639266858409],[-80.1844175864674,25.763925959215],[-80.1844185563571,25.7639252344054],[-80.1844195292003,25.7639245150283],[-80.1844205060183,25.7639237974787],[-80.1844214838146,25.7639230826426],[-80.1844224645765,25.7639223714337],[-80.1844234473321,25.7639216602359],[-80.1844244330349,25.7639209553732],[-80.1844254227187,25.7639202514354],[-80.184426412384,25.7639195502055],[-80.18442720211,25.7639189327045],[-80.1844279908268,25.763918317003],[-80.184428784503,25.76391770494],[-80.1844295801666,25.7639170937907],[-80.1844303787897,25.7639164871713],[-80.1844311794003,25.7639158814656],[-80.1844319819859,25.763915278479],[-80.1844327885156,25.763914681833],[-80.184433596042,25.7639140851926],[-80.1844344075309,25.7639134921849],[-80.1844352220041,25.7639129000967],[-80.1844360384277,25.7639123143379],[-80.1844368568325,25.7639117303955],[-80.1844376782215,25.7639111473725],[-80.1844385015733,25.7639105688737],[-80.1844393269002,25.7639099930939],[-80.1844401571925,25.7639094200499],[-80.1844409874664,25.7639088497138],[-80.1844418227057,25.7639082821134],[-80.1844426589233,25.7639077172264],[-80.1844434951039,25.7639071577551],[-80.1844443362684,25.7639065983118],[-80.1844451803864,25.7639060443008],[-80.1844460264917,25.7639054912037],[-80.1844468725662,25.7639049426196],[-80.1844477236124,25.7639043958687],[-80.1844485776304,25.7639038518424],[-80.1844494316115,25.7639033132318],[-80.1844502895797,25.7639027746435],[-80.1844511495045,25.763902241482],[-80.1844520104137,25.7639017101314],[-80.1844528742948,25.7639011815054],[-80.1844537411355,25.7639006574092],[-80.1844546099574,25.7639001351294],[-80.1844554817451,25.7638996164767],[-80.184456355514,25.7638990996406],[-80.184457230255,25.7638985864204],[-80.1844581079555,25.7638980777301],[-80.1844589896309,25.7638975708673],[-80.1844598692819,25.7638970685064],[-80.1844607539106,25.7638965670761],[-80.1844616405083,25.7638960692674],[-80.1844625290688,25.7638955759829],[-80.1844634196043,25.7638950854174],[-80.1844697123288,25.763891335862],[-80.1844826747834,25.7638840988257],[-80.1845095403809,25.763870838668],[-80.1845582853376,25.763851767055],[-80.1846029970515,25.7638391204618],[-80.1846427409002,25.7638310892595],[-80.1846969024526,25.7638250298541],[-80.1847489375229,25.7638245495335],[-80.1847965704185,25.7638291995751],[-80.1848348764832,25.763836980114],[-80.1848714511424,25.7638481042925],[-80.1849062928162,25.7638626578548],[-80.1849390234901,25.7638803805275],[-80.1849754999032,25.7639056035254],[-80.1849979697283,25.7639245586191],[-80.1850087238483,25.7639345940185],[-80.1850190982715,25.7639450533421],[-80.1850388877069,25.7639669153009],[-80.1850573411744,25.7639899766207],[-80.1850746478713,25.7640139747874],[-80.1850866746285,25.7640325274917],[-80.1850924524126,25.7640421459829],[-80.1851011328916,25.7640565963628],[-80.1851018836519,25.7640578895502],[-80.1851045092423,25.7640627189851],[-80.1851054470402,25.764064358032],[-80.1851088230307,25.7640708254645],[-80.185112194449,25.7640773786232],[-80.1851155678611,25.7640839317929],[-80.1851217443372,25.7640972073454],[-80.1852431381296,25.7643403450341],[-80.1859569051028,25.7657690716128],[-80.1859019744259,25.7657901418495],[-80.1858756054941,25.7658002565903],[-80.1858503961508,25.7657932373908],[-80.1858312532488,25.7657878841117],[-80.1857764909996,25.7657703822988],[-80.1857624647202,25.7657665226341],[-80.1857594328874,25.7657655596965],[-80.1857579172666,25.7657650349021],[-80.1857564016397,25.7657645110103],[-80.1857537495928,25.7657635501972],[-80.1857499605348,25.7657622391137],[-80.1857486337174,25.7657618020298],[-80.1857474967063,25.7657614517594],[-80.1857444648738,25.7657604888215],[-80.1857423806517,25.765759875997],[-80.1857306319317,25.7657561987686],[-80.1856961795202,25.7658235847259],[-80.1856611314904,25.7658948360993],[-80.1856836059918,25.7659407875734],[-80.1857012142646,25.7659763087786],[-80.1858163629531,25.7660497760328],[-80.1858272005092,25.7660200022672],[-80.1858427735685,25.7659920611916],[-80.1858626978354,25.7659664651657],[-80.1858867792155,25.7659439018239],[-80.1859140653983,25.7659247097474],[-80.1859443644711,25.7659094032745],[-80.1859600557113,25.7659475783511],[-80.1859742113716,25.7659400734541],[-80.1860280967134,25.7659115044477],[-80.1863134245531,25.7664821854616],[-80.1871083420072,25.7681286270551],[-80.1873841595612,25.7688663812101],[-80.1874656895706,25.7690844580692],[-80.1874795835294,25.7691357781673],[-80.1874835924172,25.7691884187164]]]},"properties":{"FID":87,"M21_ZONE":"T6-36A-O","Map_Code":"T6-36","Transect":"T6","Transect_D":"Urban Core Zone","Bldg_Heigh":"36","Intensity":"O","FLR":"A","Enact":"13114","Shape_STAr":1966326.30441,"Shape_STLe":6263.51794724,"Shape__Area":226179.361328125,"Shape__Length":2125.7842045400857}},{"type":"Feature","id":88,"geometry":{"type":"Polygon","coordinates":[[[-80.1881740158653,25.7678316764855],[-80.1881972016658,25.7676057704824],[-80.190053561574,25.7679898560628],[-80.1900649378583,25.7679925000482],[-80.1902154548388,25.7680234229157],[-80.1901191344489,25.7684268717429],[-80.1894638575349,25.7682912140454],[-80.1892475622274,25.7682464347886],[-80.1891671061807,25.7682297776937],[-80.1881095722223,25.768010733164],[-80.1881424612742,25.7679478286053],[-80.1881627892826,25.7678908520839],[-80.1881740158653,25.7678316764855]]]},"properties":{"FID":88,"M21_ZONE":"CS","Map_Code":"CS","Transect":"CS","Transect_D":"Civic Space Zone","Bldg_Heigh":" ","Intensity":" ","FLR":" ","Enact":"13114","Shape_STAr":101211.71147,"Shape_STLe":1661.21437568,"Shape__Area":11642.193359375,"Shape__Length":562.53483707379951}},{"type":"Feature","id":89,"geometry":{"type":"Polygon","coordinates":[[[-80.1963519620681,25.7600137604474],[-80.1963544257198,25.7600098294577],[-80.196355269606,25.7600103341857],[-80.1970978000208,25.7604539761035],[-80.1971620384076,25.7604923555187],[-80.1979769531853,25.7609438977699],[-80.198024741928,25.7609703758797],[-80.1981211109922,25.7610237705891],[-80.1985838077327,25.7612968399035],[-80.1989113516752,25.7614527679565],[-80.1977681566892,25.7614826145578],[-80.1972363669882,25.7614964957195],[-80.1972360938158,25.761496502337],[-80.19594891019,25.7615292811096],[-80.195621122322,25.7615376268585],[-80.19565484267,25.7614655838787],[-80.1957932853833,25.7610349109154],[-80.1959844370349,25.7606051733953],[-80.1959745549518,25.760605278585],[-80.1959653647019,25.7606053767633],[-80.1959786069605,25.7605787909757],[-80.1959907564485,25.7605547599753],[-80.1960098420084,25.7605176634805],[-80.1960356735656,25.7604676006328],[-80.1960494260112,25.7604664941085],[-80.1960685112816,25.7604649584861],[-80.1961911121535,25.760270381907],[-80.1963519620681,25.7600137604474]]]},"properties":{"FID":89,"M21_ZONE":"T6-12-O","Map_Code":"T6-12","Transect":"T6","Transect_D":"Urban Core Zone","Bldg_Heigh":"12","Intensity":"O","FLR":" ","Enact":"13114","Shape_STAr":300699.977695,"Shape_STLe":2697.97481736,"Shape__Area":34584.869140625,"Shape__Length":913.95300929074062}},{"type":"Feature","id":90,"geometry":{"type":"Polygon","coordinates":[[[-80.1991375206757,25.7676983696373],[-80.1991243949711,25.7671998621788],[-80.1990994601733,25.7672009327209],[-80.1989515306824,25.7672050417006],[-80.1987417556258,25.7672109376249],[-80.1979874627776,25.7672318227432],[-80.1978392178004,25.7672383678167],[-80.1974720717461,25.7672500100312],[-80.1957139348076,25.7672974133235],[-80.1957077466084,25.767065441085],[-80.1957004832003,25.7668193589715],[-80.1956747129783,25.7658617101962],[-80.1955793937386,25.7636799278371],[-80.1955683542331,25.7634272435122],[-80.1967758530144,25.7633957357214],[-80.1973050556336,25.7633873113035],[-80.1973049502977,25.7633819264039],[-80.1972983287583,25.7630409492225],[-80.1972917092221,25.762699972037],[-80.1971725484844,25.7627042686414],[-80.1967606605664,25.7627089847345],[-80.1967650863284,25.7629218662138],[-80.1966112421741,25.7629260901149],[-80.1965525380744,25.7629276941726],[-80.1964568278485,25.7629303107057],[-80.196308301732,25.762934391236],[-80.1962967607417,25.7625331547248],[-80.1962947109995,25.7624667235733],[-80.195984970922,25.7624718362453],[-80.1955364543372,25.7624792377636],[-80.1955448778435,25.7623969534448],[-80.1955479901462,25.7622473886018],[-80.1955578185517,25.7620632829863],[-80.1955682073814,25.7619533919851],[-80.1955832409047,25.7618358784785],[-80.1956069809222,25.7616888828222],[-80.195620193756,25.7616196547334],[-80.1956208744987,25.7616156732868],[-80.195621122322,25.7615376268585],[-80.19594891019,25.7615292811096],[-80.1972360938158,25.761496502337],[-80.1972363669882,25.7614964957195],[-80.1977681566892,25.7614826145578],[-80.1989113516752,25.7614527679565],[-80.1992747230042,25.761697577961],[-80.1992808969455,25.761837016655],[-80.1992836471528,25.7619080497645],[-80.1992886698033,25.7620367856913],[-80.1992941455447,25.762182977794],[-80.1993014337257,25.7623704500303],[-80.1993022469595,25.7623918744433],[-80.199303412813,25.7624225502741],[-80.1993098262958,25.7625913734099],[-80.1993150030336,25.7627255269889],[-80.1993201636302,25.7628620878503],[-80.199325338651,25.7629964995736],[-80.1993311584659,25.7631480246143],[-80.1993358475342,25.7632698813777],[-80.1993412708626,25.7634238973574],[-80.1993497991148,25.7635397563486],[-80.1993600813702,25.7636773770976],[-80.1993639028533,25.7637301888268],[-80.1993348506303,25.7638148043128],[-80.199287593372,25.7639522791522],[-80.199243239803,25.7640814321481],[-80.1992163176648,25.7641599537826],[-80.1991923033572,25.7642295488341],[-80.1991800256992,25.7643065912436],[-80.1990538694619,25.7643328855118],[-80.1990246605034,25.7652766017969],[-80.1989747537773,25.7653501902613],[-80.1989818265402,25.7654926071782],[-80.198995164065,25.765761190629],[-80.1990497105836,25.7657585607895],[-80.1990832494169,25.7662363059443],[-80.1990844649044,25.7662362584736],[-80.199084707688,25.7662395933027],[-80.1996258743301,25.7662157017984],[-80.1996277160445,25.7662156243685],[-80.1998087304639,25.7662081735207],[-80.19991776346,25.7662038976817],[-80.1999230631173,25.7663146199232],[-80.1999246145221,25.7663492216837],[-80.1999248893514,25.7663528356074],[-80.1999319081153,25.7664038550666],[-80.1999399665785,25.7664624625164],[-80.1999716573135,25.7666927136548],[-80.2000258074039,25.7670850691026],[-80.2000453082087,25.7672640963215],[-80.1999847423341,25.7676584876449],[-80.1999837531714,25.7676643268781],[-80.1999720634019,25.768048326501],[-80.1999746138559,25.7681342034603],[-80.1991540840687,25.7681586397987],[-80.1991375206757,25.7676983696373]]]},"properties":{"FID":90,"M21_ZONE":"T6-24A-O","Map_Code":"T6-24","Transect":"T6","Transect_D":"Urban Core Zone","Bldg_Heigh":"24","Intensity":"O","FLR":"A","Enact":"13114","Shape_STAr":2490333.65626,"Shape_STLe":9067.73896051,"Shape__Area":286442.126953125,"Shape__Length":3076.1394148169675}},{"type":"Feature","id":91,"geometry":{"type":"Polygon","coordinates":[[[-80.1991864476711,25.7691326254434],[-80.19918412596,25.7690595394195],[-80.1991839913273,25.7690553882871],[-80.1991607714258,25.7683262935803],[-80.1991540840687,25.7681586397987],[-80.1999746138559,25.7681342034603],[-80.1998412473492,25.7685724478722],[-80.1996786659379,25.7690994706306],[-80.1994283608499,25.7696272707231],[-80.1993985224143,25.7696879877179],[-80.1993733265354,25.769741114575],[-80.1992463028823,25.7699935534956],[-80.1992309908252,25.770023982474],[-80.1992104855644,25.7698882534982],[-80.1991864476711,25.7691326254434]]]},"properties":{"FID":91,"M21_ZONE":"CS","Map_Code":"CS","Transect":"CS","Transect_D":"Civic Space Zone","Bldg_Heigh":" ","Intensity":" ","FLR":" ","Enact":"13114","Shape_STAr":103060.68461,"Shape_STLe":1679.98707846,"Shape__Area":11855.05078125,"Shape__Length":570.68166067013351}},{"type":"Feature","id":92,"geometry":{"type":"Polygon","coordinates":[[[-80.1978634028349,25.7690497100074],[-80.1975140519653,25.7687390250653],[-80.1966684199529,25.7686123431842],[-80.1960503852078,25.7685986015355],[-80.1958243227614,25.7686188330157],[-80.1957199076682,25.7686290743169],[-80.195681704012,25.7672984691384],[-80.1957139348076,25.7672974133235],[-80.1974720717461,25.7672500100312],[-80.1978392178004,25.7672383678167],[-80.1979874627776,25.7672318227432],[-80.1987417556258,25.7672109376249],[-80.1989515306824,25.7672050417006],[-80.1990994601733,25.7672009327209],[-80.1991243949711,25.7671998621788],[-80.1991375206757,25.7676983696373],[-80.1991540840687,25.7681586397987],[-80.1991607714258,25.7683262935803],[-80.1991839913273,25.7690553882871],[-80.19918412596,25.7690595394195],[-80.1991864476711,25.7691326254434],[-80.1986833452638,25.7691446932006],[-80.1986026476798,25.7691466273578],[-80.1985041817986,25.7691489889632],[-80.198501940295,25.7690779749629],[-80.1984875465139,25.7686678825332],[-80.1983381024739,25.768674137143],[-80.1981956866198,25.7686802118767],[-80.1980585936193,25.7686860585442],[-80.1979059050923,25.7686179542705],[-80.1978955166591,25.7686189892267],[-80.1978854588306,25.7686215605115],[-80.1978760082105,25.7686255983401],[-80.1978674207418,25.7686309921942],[-80.1978599356705,25.7686375944551],[-80.1978537545929,25.768645222996],[-80.1978490463618,25.768653672943],[-80.1978459421564,25.7686627085247],[-80.1978445253802,25.7686720828743],[-80.1978448356128,25.7686815434678],[-80.1978468666514,25.7686908266967],[-80.1978505603911,25.7686996785955],[-80.1978634028349,25.7690497100074]]]},"properties":{"FID":92,"M21_ZONE":"T6-36B-O","Map_Code":"T6-36","Transect":"T6","Transect_D":"Urban Core Zone","Bldg_Heigh":"36","Intensity":"O","FLR":"B","Enact":"13114","Shape_STAr":626338.679331,"Shape_STLe":3841.79898408,"Shape__Area":72046.61328125,"Shape__Length":1302.4137351926847}},{"type":"Feature","id":93,"geometry":{"type":"Polygon","coordinates":[[[-80.1949388502038,25.7716634007755],[-80.1949368907196,25.7716235947789],[-80.1949352380662,25.7715900259899],[-80.1949316667361,25.7715212414076],[-80.1948643147871,25.7715196664724],[-80.1940341729991,25.7715413132548],[-80.1938959851856,25.7715449167136],[-80.1938113414174,25.7715487399422],[-80.1937126317654,25.7715311149431],[-80.1935507457177,25.7714909021059],[-80.1935133012392,25.7714357295121],[-80.1935119806623,25.7712539825554],[-80.1935516688678,25.7705379466144],[-80.193529427356,25.7700296635926],[-80.1935291720765,25.7700237750908],[-80.1935190077553,25.7697914812065],[-80.1935196938205,25.7697047240351],[-80.1935201258429,25.7696500962072],[-80.1935852054762,25.7695903565381],[-80.1937032041138,25.7694973512778],[-80.1939828710001,25.7693001619749],[-80.194219537839,25.7691340749875],[-80.1943815400502,25.7690398522835],[-80.1944785427441,25.7689773426458],[-80.1945982195785,25.7689341469708],[-80.1947622402968,25.7688996950035],[-80.1950906169956,25.7688407540185],[-80.1955613460715,25.7687579297168],[-80.1955502448533,25.769025130686],[-80.1955521367615,25.7690733616621],[-80.1956139285891,25.7690718536611],[-80.1956314786568,25.7695588360804],[-80.1956439783353,25.769905661225],[-80.1956703206108,25.7706365821198],[-80.1956983987313,25.7714157059624],[-80.1957038657031,25.7715658135933],[-80.1957167122127,25.7719280695704],[-80.195527394502,25.7718638448326],[-80.1949388502038,25.7716634007755]]]},"properties":{"FID":93,"M21_ZONE":"T6-36B-O","Map_Code":"T6-36","Transect":"T6","Transect_D":"Urban Core Zone","Bldg_Heigh":"36","Intensity":"O","FLR":"B","Enact":"13114","Shape_STAr":653052.364381,"Shape_STLe":3394.90315497,"Shape__Area":75122.1953125,"Shape__Length":1152.13830182853}},{"type":"Feature","id":94,"geometry":{"type":"Polygon","coordinates":[[[-80.1919522965036,25.7701820648337],[-80.192200901305,25.7701641598095],[-80.1923952229831,25.7701245251234],[-80.1923987544293,25.7702584872105],[-80.1924149365672,25.7706678567466],[-80.19242506191,25.7709114868118],[-80.1924283152779,25.7709919797527],[-80.1923822587949,25.7710874005937],[-80.1921955892328,25.7711340263052],[-80.1919670068397,25.7711911226946],[-80.1919670702196,25.7707052643186],[-80.191955264369,25.7703009883455],[-80.1919522965036,25.7701820648337]]]},"properties":{"FID":94,"M21_ZONE":"CS","Map_Code":"CS","Transect":"CS","Transect_D":"Civic Space Zone","Bldg_Heigh":" ","Intensity":" ","FLR":" ","Enact":"13114","Shape_STAr":52300.9080302,"Shape_STLe":1009.56941442,"Shape__Area":6016.326171875,"Shape__Length":342.82333358882039}},{"type":"Feature","id":95,"geometry":{"type":"Polygon","coordinates":[[[-80.1844607886219,25.7764920057591],[-80.1844862940708,25.776441737591],[-80.1844914916575,25.7764314512532],[-80.184553045481,25.7762895893505],[-80.1846343026969,25.7761268611737],[-80.1847099778289,25.7760027891888],[-80.1850321427708,25.7753816001886],[-80.1850345963059,25.7753004513635],[-80.1850351507568,25.7752192919015],[-80.185034185943,25.7751381239299],[-80.1850313220584,25.7750569444189],[-80.1850265579167,25.7749759275731],[-80.1850119013097,25.7748142072608],[-80.1849902101632,25.7746529638606],[-80.1849767054669,25.7745727573772],[-80.1849673342706,25.7744989368153],[-80.1849653736508,25.7744244690373],[-80.1849708175361,25.7743503866397],[-80.1849838551397,25.7742768630869],[-80.1850042870076,25.7742049280848],[-80.1850319233579,25.774134925379],[-80.1850665692574,25.7740673692861],[-80.1851078390091,25.7740031178657],[-80.1851481761331,25.7739364529424],[-80.1851777184371,25.7738654291484],[-80.1851956970997,25.7737912454167],[-80.1852019121675,25.7737154477726],[-80.1852003131793,25.7736893098393],[-80.1851961621006,25.7736396688842],[-80.1851788177362,25.773565374021],[-80.1851496781376,25.7734941073892],[-80.1851098733524,25.7734272518499],[-80.1850807439399,25.7733823805238],[-80.1850552351674,25.7733356375158],[-80.1850294977012,25.773277864657],[-80.1850243942727,25.7732631581006],[-80.1850023076496,25.7731881479361],[-80.1849855775803,25.7731174986779],[-80.1849833570189,25.7729719232525],[-80.1850130204678,25.7727875527102],[-80.1850115606154,25.7727813325036],[-80.1852712226479,25.7727790061734],[-80.1871215361912,25.7727509286133],[-80.187700854735,25.775236569974],[-80.18782680297,25.7761101617667],[-80.1878372338597,25.7761825077337],[-80.187978734762,25.7767374977791],[-80.1879857329214,25.7767649403538],[-80.1881351402636,25.777350934308],[-80.1881372629231,25.777359260451],[-80.1882243478098,25.7777008113222],[-80.1881552498633,25.7776881037467],[-80.1880821294333,25.7776711195089],[-80.1880181898991,25.7776500415046],[-80.1879634322652,25.7776248688489],[-80.1879040715978,25.7776038163488],[-80.1878493432095,25.7775745015582],[-80.1877945866442,25.7775493288459],[-80.1877444079221,25.7775241816682],[-80.1876987778047,25.7775032066355],[-80.1876303452935,25.7774696693925],[-80.1875756190422,25.7774403527074],[-80.1874853164759,25.777392188621],[-80.1874032383388,25.7773461419892],[-80.1873257098376,25.7773042656858],[-80.1872208032343,25.7772498042321],[-80.187134242904,25.7772086031075],[-80.1869806463642,25.7772030295318],[-80.1869250225159,25.7771998392737],[-80.1869038737967,25.7771819208615],[-80.1868259041661,25.777158729369],[-80.1867462648552,25.7771407765033],[-80.1866653858419,25.7771281639563],[-80.1865016566892,25.7771191970492],[-80.1864076352365,25.7771265713483],[-80.1863956926168,25.7771255775514],[-80.1863382415396,25.7771320162387],[-80.1861668882561,25.7771275078309],[-80.1859966946522,25.7771089433451],[-80.1858290644074,25.7770764804802],[-80.1857466412048,25.7770551157296],[-80.1856653755472,25.7770303833104],[-80.185585432576,25.7770023355998],[-80.1855051741263,25.7769704164253],[-80.1852503419994,25.7768227164507],[-80.1849255803801,25.7766888202972],[-80.1844607886219,25.7764920057591]]]},"properties":{"FID":95,"M21_ZONE":"CS","Map_Code":"CS","Transect":"CS","Transect_D":"Civic Space Zone","Bldg_Heigh":" ","Intensity":" ","FLR":" ","Enact":"13114","Shape_STAr":1408792.40359,"Shape_STLe":5291.28159541,"Shape__Area":162069.376953125,"Shape__Length":1795.7822589050757}},{"type":"Feature","id":96,"geometry":{"type":"Polygon","coordinates":[[[-80.1828645327117,25.7796874034756],[-80.1833310816123,25.7787658566644],[-80.1840307594561,25.7773305690154],[-80.1840638041387,25.7772654422922],[-80.1844607886219,25.7764920057591],[-80.1849255803801,25.7766888202972],[-80.1852503419994,25.7768227164507],[-80.1855051741263,25.7769704164253],[-80.185585432576,25.7770023355998],[-80.1856653755472,25.7770303833104],[-80.1857466412048,25.7770551157296],[-80.1858290644074,25.7770764804802],[-80.1859966946522,25.7771089433451],[-80.1861668882561,25.7771275078309],[-80.1863382415396,25.7771320162387],[-80.1863956926168,25.7771255775514],[-80.1864076352365,25.7771265713483],[-80.1865016566892,25.7771191970492],[-80.1866653858419,25.7771281639563],[-80.1867462648552,25.7771407765033],[-80.1868259041661,25.777158729369],[-80.1869038737967,25.7771819208615],[-80.1869250225159,25.7771998392737],[-80.1869806463642,25.7772030295318],[-80.187134242904,25.7772086031075],[-80.1872208032343,25.7772498042321],[-80.1873257098376,25.7773042656858],[-80.1874032383388,25.7773461419892],[-80.1874853164759,25.777392188621],[-80.1875756190422,25.7774403527074],[-80.1876303452935,25.7774696693925],[-80.1876987778047,25.7775032066355],[-80.1877444079221,25.7775241816682],[-80.1877945866442,25.7775493288459],[-80.1878493432095,25.7775745015582],[-80.1879040715978,25.7776038163488],[-80.1879634322652,25.7776248688489],[-80.1880181898991,25.7776500415046],[-80.1880821294333,25.7776711195089],[-80.1881552498633,25.7776881037467],[-80.1882243478098,25.7777008113222],[-80.1882880505554,25.7779506606735],[-80.1882965451957,25.7779839751869],[-80.1883270386937,25.7781035720614],[-80.1883429319301,25.7781547353011],[-80.1884313832028,25.7785244996268],[-80.1886747184159,25.7792261587331],[-80.1889379406871,25.7798288968789],[-80.1889928510348,25.7799484961214],[-80.1890613129959,25.7800976152778],[-80.188738374815,25.7800671531755],[-80.1885678123347,25.7800533266639],[-80.1883783426641,25.7800308093924],[-80.1882220025341,25.7800170618129],[-80.1880655688156,25.7800161889238],[-80.1879138815013,25.7800153423587],[-80.1877669013987,25.7800188131049],[-80.1876199212857,25.7800222846051],[-80.1874468421365,25.7800299022968],[-80.1872429487752,25.7800373476534],[-80.187043827061,25.7800405272918],[-80.1868257426863,25.7800436006765],[-80.186645551371,25.7800511767606],[-80.1865104237523,25.780054713396],[-80.1863634435958,25.7800581836248],[-80.1862212341316,25.7800573882952],[-80.1860742266761,25.7800651501717],[-80.1859414384579,25.7800729914576],[-80.1858181603558,25.7800765937476],[-80.1856948842432,25.780080195944],[-80.185600018327,25.7800882482525],[-80.1854957321771,25.7800876644811],[-80.1853866459893,25.7800956379448],[-80.1852215898718,25.7800935366661],[-80.1852237862387,25.7801403765497],[-80.1852262228541,25.780193641023],[-80.1849473041341,25.7801821054479],[-80.1848043546048,25.7801728801696],[-80.1846616156962,25.7801605580432],[-80.1845187189501,25.7801437667843],[-80.184376224619,25.7801235358446],[-80.1840935880193,25.7800724273678],[-80.1839534455981,25.780041721338],[-80.1838144664563,25.7800074111078],[-80.1836764600207,25.7799696662122],[-80.1835396185205,25.7799286610411],[-80.1834075322862,25.7798859628872],[-80.1832762217563,25.779841377019],[-80.1831456829422,25.779794904319],[-80.1830161060847,25.7797467173606],[-80.1828873009526,25.779696643575],[-80.1828645327117,25.7796874034756]]]},"properties":{"FID":96,"M21_ZONE":"T6-8-O","Map_Code":"T6-8","Transect":"T6","Transect_D":"Urban Core Zone","Bldg_Heigh":"8","Intensity":"O","FLR":" ","Enact":"13114","Shape_STAr":1790158.43626,"Shape_STLe":5636.57852335,"Shape__Area":205954.146484375,"Shape__Length":1910.6694323886093}},{"type":"Feature","id":97,"geometry":{"type":"Polygon","coordinates":[[[-80.1828645327117,25.7796874034756],[-80.1828873009526,25.779696643575],[-80.1830161060847,25.7797467173606],[-80.1831456829422,25.779794904319],[-80.1832762217563,25.779841377019],[-80.1834075322862,25.7798859628872],[-80.1835396185205,25.7799286610411],[-80.1836764600207,25.7799696662122],[-80.1838144664563,25.7800074111078],[-80.1839534455981,25.780041721338],[-80.1840935880193,25.7800724273678],[-80.184376224619,25.7801235358446],[-80.1845187189501,25.7801437667843],[-80.1846616156962,25.7801605580432],[-80.1848043546048,25.7801728801696],[-80.1849473041341,25.7801821054479],[-80.1852262228541,25.780193641023],[-80.1852237862387,25.7801403765497],[-80.1852215898718,25.7800935366661],[-80.1853866459893,25.7800956379448],[-80.1854957321771,25.7800876644811],[-80.185600018327,25.7800882482525],[-80.1856948842432,25.780080195944],[-80.1858181603558,25.7800765937476],[-80.1859414384579,25.7800729914576],[-80.1860742266761,25.7800651501717],[-80.1862212341316,25.7800573882952],[-80.1863634435958,25.7800581836248],[-80.1865104237523,25.780054713396],[-80.186645551371,25.7800511767606],[-80.1868257426863,25.7800436006765],[-80.187043827061,25.7800405272918],[-80.1872429487752,25.7800373476534],[-80.1874468421365,25.7800299022968],[-80.1876199212857,25.7800222846051],[-80.1877669013987,25.7800188131049],[-80.1879138815013,25.7800153423587],[-80.1880655688156,25.7800161889238],[-80.1882220025341,25.7800170618129],[-80.1883783426641,25.7800308093924],[-80.1885678123347,25.7800533266639],[-80.188738374815,25.7800671531755],[-80.1890613129959,25.7800976152778],[-80.1891308970973,25.7802491714892],[-80.1891860118229,25.7803895038343],[-80.1892266941606,25.7804932165131],[-80.1892744373921,25.7806149330405],[-80.1892912462385,25.7806577842697],[-80.1893567558282,25.7808353708186],[-80.1894226651973,25.7810254549305],[-80.1895375582083,25.7818654815099],[-80.1895733920292,25.7821274862225],[-80.1895783619809,25.7830926834711],[-80.1896295081038,25.783893852208],[-80.1896326317619,25.7848009445084],[-80.189531132572,25.7854041893495],[-80.1893761989995,25.7856252412392],[-80.1864799308981,25.7864546521446],[-80.1853980999746,25.7864778303712],[-80.1853026433415,25.783102340453],[-80.1889951966265,25.7829952089988],[-80.1890457271707,25.7829937711291],[-80.1894176801713,25.7829829469485],[-80.1893750122199,25.7820790867562],[-80.188797345301,25.7820937502459],[-80.1852504234336,25.7821834656642],[-80.1852433531756,25.7811611546153],[-80.1852388878563,25.7805082153351],[-80.18523109131,25.7804041929237],[-80.1849703035935,25.7803747799708],[-80.1838205975762,25.7801720722521],[-80.1827959333881,25.7798614287262],[-80.1828393636401,25.7797371162672],[-80.1828645327117,25.7796874034756]]]},"properties":{"FID":97,"M21_ZONE":"CS","Map_Code":"CS","Transect":"CS","Transect_D":"Civic Space Zone","Bldg_Heigh":" ","Intensity":" ","FLR":" ","Enact":"13114","Shape_STAr":2665113.91567,"Shape_STLe":11323.697049,"Shape__Area":306638.923828125,"Shape__Length":3838.7940023236761}},{"type":"Feature","id":98,"geometry":{"type":"Polygon","coordinates":[[[-80.1930243358733,25.7780180155988],[-80.1927003594751,25.7780196367745],[-80.1920758807417,25.7780414619721],[-80.1920806252788,25.77819953591],[-80.192115698873,25.7790173721062],[-80.1915948703727,25.7790329799863],[-80.1915903837216,25.7789366811984],[-80.1915903403479,25.7789357259545],[-80.1915900693235,25.7789298202199],[-80.1915893933372,25.7789151177238],[-80.1915882432371,25.7788902009224],[-80.1915862857707,25.7788477547],[-80.1915841542725,25.7788015669318],[-80.1915837292451,25.7787923476187],[-80.191582030249,25.7787554532221],[-80.1915796787048,25.7787045171982],[-80.1915774434668,25.7786561318044],[-80.1915761038466,25.7786269642764],[-80.1915750012887,25.7786031236962],[-80.1915731055191,25.7785620191517],[-80.1915719770985,25.7785374346445],[-80.1915715159521,25.7785275137719],[-80.1915552744214,25.7785282602867],[-80.1914934238168,25.7785310957469],[-80.1914378210757,25.778533648168],[-80.1913688349741,25.778536815814],[-80.1912774491995,25.7785410125137],[-80.1912372761977,25.7785428571895],[-80.1911877717584,25.7785451283872],[-80.1911572094455,25.7785465309098],[-80.1911185423247,25.7785483053934],[-80.1910811427246,25.7785500228255],[-80.1910414513905,25.778551846656],[-80.1910140763438,25.7785531034895],[-80.1909562028139,25.7785557586397],[-80.1909633782098,25.7787725128734],[-80.1909655809289,25.7788394719026],[-80.1909694711663,25.7789571890552],[-80.1909724813879,25.7790475239643],[-80.1909726465608,25.7790525688862],[-80.1904285812004,25.7790680930237],[-80.1904202658231,25.7790683437277],[-80.1900421738514,25.779078281722],[-80.1900287340108,25.7785824729555],[-80.1900241795426,25.7784437898717],[-80.1900160029949,25.7781935516877],[-80.1900143971697,25.7781484409826],[-80.1900130995828,25.778111965832],[-80.1903861573558,25.7781022480728],[-80.1903555108118,25.7771377385568],[-80.1936209799433,25.7770412399065],[-80.1937609118814,25.7770364459683],[-80.1937646355715,25.7771535465945],[-80.1937940491592,25.7779912646998],[-80.1930243358733,25.7780180155988]]]},"properties":{"FID":98,"M21_ZONE":"CI","Map_Code":"CI","Transect":"CI","Transect_D":"Civic Institution Zone","Bldg_Heigh":" ","Intensity":" ","FLR":" ","Enact":"13114","Shape_STAr":593207.864839,"Shape_STLe":4259.30882263,"Shape__Area":68246.921875,"Shape__Length":1444.0373267886418}},{"type":"Feature","id":100,"geometry":{"type":"Polygon","coordinates":[[[-80.2005691640171,25.7868610266716],[-80.2005687867743,25.7867721569472],[-80.1998688719135,25.786789459731],[-80.1998356793665,25.7858627525905],[-80.2014678432254,25.7858200633223],[-80.201632227949,25.7858157690184],[-80.2018647709833,25.7858096947719],[-80.2019460423682,25.7859674192529],[-80.2020657093871,25.7861968008382],[-80.2021907741523,25.7864696338978],[-80.2023172810166,25.7867290785327],[-80.2023197234642,25.7868057205732],[-80.2023324787084,25.7869843725502],[-80.202309959789,25.7871639449659],[-80.2022792357878,25.7875291067986],[-80.2021668368531,25.7877685599733],[-80.2019847016455,25.7880354014057],[-80.2016961856307,25.7882726963919],[-80.201558805925,25.7883410772108],[-80.2013467563481,25.7884243677111],[-80.2011414407778,25.7884945243209],[-80.2010279543971,25.788526643728],[-80.2007662229278,25.7885108014137],[-80.2005399380153,25.788484315338],[-80.2001604917009,25.7883678745733],[-80.1999333900084,25.7882576849169],[-80.1999333552041,25.7882576711857],[-80.1999072454989,25.7874369742196],[-80.1999820029405,25.787435222633],[-80.2001309373982,25.7874317414269],[-80.2001310002212,25.7874317399671],[-80.200292218985,25.7874279840382],[-80.2005934257286,25.7874212025599],[-80.2005691640171,25.7868610266716]]]},"properties":{"FID":100,"M21_ZONE":"CS","Map_Code":"CS","Transect":"CS","Transect_D":"Civic Space Zone","Bldg_Heigh":" ","Intensity":" ","FLR":" ","Enact":"13114","Shape_STAr":640479.246227,"Shape_STLe":3607.30443268,"Shape__Area":73696.701171875,"Shape__Length":1223.5618223435017}},{"type":"Feature","id":101,"geometry":{"type":"Polygon","coordinates":[[[-80.1998011432609,25.7848853668048],[-80.1998636576324,25.7848824475754],[-80.2003156935875,25.7848700899468],[-80.2004619465563,25.7848665051423],[-80.2007054541317,25.7848593556379],[-80.2009332230738,25.7848532123868],[-80.2012719309653,25.7848438958193],[-80.2013670130556,25.7848409272816],[-80.201401135863,25.7849086571863],[-80.2015724724804,25.7852374536202],[-80.2018647709833,25.7858096947719],[-80.201632227949,25.7858157690184],[-80.2014678432254,25.7858200633223],[-80.1998356793665,25.7858627525905],[-80.1998011432609,25.7848853668048]]]},"properties":{"FID":101,"M21_ZONE":"CI","Map_Code":"CI","Transect":"CI","Transect_D":"Civic Institution Zone","Bldg_Heigh":" ","Intensity":" ","FLR":" ","Enact":"13114","Shape_STAr":210898.820397,"Shape_STLe":1927.32667094,"Shape__Area":24266.3125,"Shape__Length":653.23313480331853}},{"type":"Feature","id":102,"geometry":{"type":"Polygon","coordinates":[[[-80.1907321610998,25.7929693519442],[-80.1907246737305,25.7922864854631],[-80.1907130665442,25.7910328780865],[-80.1908034531057,25.7910317345363],[-80.1914620733144,25.791016729514],[-80.1915477243492,25.7910138901811],[-80.1915367441482,25.7906356883272],[-80.1915164377099,25.7894991228211],[-80.1919003002279,25.7894891143812],[-80.192305867285,25.7894785484628],[-80.1922775260179,25.788343629703],[-80.1906529770923,25.7883953940945],[-80.1906693321962,25.7860595951696],[-80.1918694642106,25.7860237009586],[-80.1923387414659,25.7860029258459],[-80.1937104744731,25.7863433851426],[-80.1939176454593,25.7862760962508],[-80.1950500322466,25.7866519859645],[-80.1951351399459,25.7882623868011],[-80.1950880147377,25.7882663856422],[-80.1950967729454,25.7885419323807],[-80.1951229780083,25.7893661945751],[-80.1946568527128,25.78938913967],[-80.1946650679745,25.7896929597327],[-80.19468739842,25.7905157561378],[-80.1943068049645,25.7905296072843],[-80.1943118730603,25.7906483606757],[-80.1943152653612,25.7907869919274],[-80.1943085348889,25.790787922285],[-80.1940025874143,25.7907989943142],[-80.1939167729184,25.7908019993758],[-80.1939102371719,25.7905405652806],[-80.1931334006135,25.7905658342208],[-80.1931508237043,25.7912806764436],[-80.1930555819483,25.7912839238603],[-80.1927752332881,25.7912955135077],[-80.1927265602307,25.7912948209336],[-80.1926776290777,25.7912967572266],[-80.1924563029235,25.7913055136798],[-80.1923469691053,25.7913073636232],[-80.1923475412373,25.7915007645142],[-80.1923523537808,25.7917031594603],[-80.192507206472,25.7916984670557],[-80.1931605269774,25.7916790336009],[-80.1939380213839,25.7916519214802],[-80.1939265742166,25.7911940548082],[-80.1940119880394,25.7911935767459],[-80.1943158179184,25.7911876453018],[-80.194316329855,25.7912091185259],[-80.1946139883627,25.7912037146244],[-80.1947060172679,25.7912018285461],[-80.1947074032763,25.7912797464921],[-80.1947167558066,25.7916243778875],[-80.1947506024558,25.7928447044538],[-80.194751064148,25.7928616713763],[-80.1947399252999,25.7928618895268],[-80.194657153765,25.7928635136433],[-80.1943949856562,25.7928703155635],[-80.19423236417,25.7928745733574],[-80.1940680337477,25.7928788214998],[-80.193904273627,25.7928830726169],[-80.193754571125,25.7928870575673],[-80.1935986002155,25.792891007609],[-80.1934352199619,25.7928952584981],[-80.1934291848282,25.7928046082166],[-80.1932865107416,25.7928084583546],[-80.1932892622927,25.7928509459026],[-80.1931323410791,25.7928550625796],[-80.1931356244835,25.792903226221],[-80.1929977005008,25.7929067612239],[-80.1928398300289,25.7929108723166],[-80.1927634582828,25.7929128540183],[-80.1908422721435,25.792962218054],[-80.1907321610998,25.7929693519442]],[[-80.1938779740151,25.7899015615931],[-80.1938622657514,25.7894146330052],[-80.1930854981205,25.7894260889846],[-80.1930944165768,25.7899792595776],[-80.1935006717756,25.7899720050871],[-80.1934992793536,25.7899084148295],[-80.1938779740151,25.7899015615931]],[[-80.1946568227903,25.7893891413097],[-80.1946381969387,25.7885921178551],[-80.1945423706239,25.7885942536954],[-80.194495384328,25.7885950839119],[-80.1942507858857,25.7885994745801],[-80.1942520774569,25.7884952610424],[-80.1942514344973,25.7884450819612],[-80.1942493800807,25.7882763854411],[-80.1942300604818,25.7882771142767],[-80.1941334096743,25.7882807536105],[-80.194036911386,25.788284396433],[-80.1939132966613,25.7882890587596],[-80.1938466823545,25.7882915681446],[-80.1933608246183,25.7883002291262],[-80.1933325277498,25.7875706158655],[-80.1933123077946,25.7875710715019],[-80.193289666623,25.7875715886279],[-80.1931621750933,25.7875744921342],[-80.1929754498742,25.7875786998105],[-80.1929598049782,25.7875790571167],[-80.1929452440564,25.787579385232],[-80.1929310660305,25.7875797082489],[-80.1929149505027,25.7875800701604],[-80.1928996077578,25.7875804201101],[-80.192880865626,25.7875808432668],[-80.1928645526254,25.7875812140061],[-80.1928501741906,25.7875815377084],[-80.1928395920331,25.787581777767],[-80.1928267392912,25.7875820675084],[-80.1928162059865,25.7875823078364],[-80.1928027688942,25.7875826105808],[-80.1927897366377,25.7875829074466],[-80.1927773745039,25.7875831872689],[-80.1927623957543,25.7875835256843],[-80.1927462802261,25.787583887577],[-80.1927292003937,25.7875842748066],[-80.1927133999654,25.7875846312231],[-80.1927011734231,25.7875849117915],[-80.1926854029047,25.787585268371],[-80.1926177347477,25.7875868010044],[-80.192540761836,25.7875885437251],[-80.1924688536504,25.7875901700975],[-80.1924107883716,25.7875914905646],[-80.1923794287193,25.787592214595],[-80.192374391523,25.7883378923343],[-80.1930610065979,25.7883127332908],[-80.193079953517,25.7890361620447],[-80.1931696660354,25.7890334760461],[-80.1934853705157,25.7890227847373],[-80.1934901835651,25.7891878110144],[-80.1937985851277,25.7891762255383],[-80.1938799233,25.7891744594249],[-80.1938756971952,25.7890054187156],[-80.1942557546592,25.7889925585506],[-80.1942585570602,25.7891613720291],[-80.1942609243651,25.7893039828227],[-80.1942609543073,25.7893264020657],[-80.1942610112375,25.7893699073235],[-80.1942610369873,25.7893888161437],[-80.1942610602711,25.7894029264716],[-80.1946568227903,25.7893891413097]],[[-80.1939649553025,25.7873322216871],[-80.1936690970482,25.7873420619094],[-80.1936745229915,25.7874679518772],[-80.1936811402285,25.7876214360917],[-80.1936867960773,25.7877525491505],[-80.193690349106,25.787835022171],[-80.1936926219871,25.7878877079173],[-80.193694576317,25.7879330957901],[-80.193960483297,25.7879242485827],[-80.1939908519224,25.7879232379978],[-80.1941060491001,25.7879196338056],[-80.1940754465897,25.787326305024],[-80.1939649553025,25.7873322216871]]]},"properties":{"FID":102,"M21_ZONE":"T6-24A-O","Map_Code":"T6-24","Transect":"T6","Transect_D":"Urban Core Zone","Bldg_Heigh":"24","Intensity":"O","FLR":"A","Enact":"13114","Shape_STAr":2496403.79911,"Shape_STLe":15522.330465,"Shape__Area":287258.69140625,"Shape__Length":5265.454871975955}},{"type":"Feature","id":103,"geometry":{"type":"Polygon","coordinates":[[[-80.1954928826094,25.7915993485254],[-80.1956942611197,25.7915940967712],[-80.1956973056262,25.7917063389631],[-80.1956548004378,25.7917425582644],[-80.1956122942266,25.791778777547],[-80.1956134586558,25.7918314020605],[-80.1956172471113,25.7920018303597],[-80.1956210448529,25.7921708830706],[-80.1956247018999,25.792332712009],[-80.1956248576852,25.7923377000017],[-80.1956315387272,25.7923609512561],[-80.1956340458383,25.7923834898037],[-80.1956371116351,25.7924077536936],[-80.1956437338262,25.7924678019768],[-80.1956554403864,25.7925063845191],[-80.1956599133018,25.7925471629168],[-80.1956689758494,25.7925834958791],[-80.1956781976674,25.7926243014405],[-80.195687405587,25.7926671676701],[-80.1957035397093,25.7927250335932],[-80.1957417207165,25.7928373608452],[-80.1957490730287,25.7929034401404],[-80.1966833002005,25.7928696564947],[-80.1967128068759,25.7937967200179],[-80.1967246856616,25.794169932237],[-80.1967533605685,25.7950707401982],[-80.1967321930637,25.7950722363196],[-80.1966487979534,25.7950781285254],[-80.1965703385219,25.79507883606],[-80.1964238848602,25.7950801535706],[-80.1962719178793,25.7950813772798],[-80.1962355876442,25.7950889139996],[-80.1961437443655,25.7950921045375],[-80.1958556032221,25.7951021178739],[-80.1956910524407,25.7951104934817],[-80.1955763019179,25.7951138151309],[-80.1954406523581,25.7951177061856],[-80.1953430019225,25.7951206050313],[-80.1952960993191,25.7951181096648],[-80.1951308751456,25.7951253489913],[-80.1949197020668,25.7951345976198],[-80.1948229660902,25.7951371807379],[-80.1948432826315,25.7942839381308],[-80.194883152245,25.7942340555723],[-80.1949233320974,25.7940604406532],[-80.1951109313614,25.7932498134395],[-80.1954426242024,25.7918165338309],[-80.1954494251626,25.7917871442162],[-80.1954928826094,25.7915993485254]]]},"properties":{"FID":103,"M21_ZONE":"D2","Map_Code":"D2","Transect":"D2","Transect_D":"Industrial District Zone","Bldg_Heigh":" ","Intensity":" ","FLR":" ","Enact":"13114","Shape_STAr":514541.779473,"Shape_STLe":3614.10108673,"Shape__Area":59212.287109375,"Shape__Length":1227.3475761829829}},{"type":"Feature","id":104,"geometry":{"type":"Polygon","coordinates":[[[-80.199705015365,25.7831132064472],[-80.2000889015845,25.7831089025384],[-80.2000890632472,25.783112150259],[-80.2000957651487,25.7832465041217],[-80.2001027891503,25.783388578312],[-80.2001091711876,25.7835153291965],[-80.2001122389975,25.7835875607609],[-80.2005920833805,25.7835719349344],[-80.2006324341702,25.7836537210024],[-80.2007485617581,25.7838682726245],[-80.200829420732,25.7840178002956],[-80.2008476193307,25.7840510879945],[-80.2008305228311,25.7840515094919],[-80.2007547280275,25.7840535004732],[-80.2005991485434,25.7840574603934],[-80.2004412888251,25.7840615800208],[-80.2003554264615,25.7840636869656],[-80.2002796306524,25.7840656776936],[-80.2001289912894,25.7840694927631],[-80.2001331034617,25.7841926349991],[-80.2001376891759,25.784330052535],[-80.2001422747427,25.7844676415709],[-80.2001478064703,25.7846197982547],[-80.2001511326484,25.7847166871063],[-80.1997780721927,25.7847264277178],[-80.1997718550428,25.7845709951552],[-80.1997330081025,25.783599906744],[-80.1993447332819,25.783612261539],[-80.1990511019834,25.7836186607778],[-80.1989688292639,25.7836204526919],[-80.1988940379007,25.7836222668006],[-80.1988873573487,25.7834125119932],[-80.1989624988272,25.783410504841],[-80.1992869530912,25.7834021451663],[-80.1992856995014,25.7833340450759],[-80.1992844789335,25.783261472537],[-80.1992832735265,25.7831864936166],[-80.199282152481,25.783127162594],[-80.199282010074,25.7831185261595],[-80.1993211493197,25.783117920159],[-80.1996360777182,25.7831139780884],[-80.199705015365,25.7831132064472]]]},"properties":{"FID":104,"M21_ZONE":"T6-8-O","Map_Code":"T6-8","Transect":"T6","Transect_D":"Urban Core Zone","Bldg_Heigh":"8","Intensity":"O","FLR":" ","Enact":"13114","Shape_STAr":142955.401387,"Shape_STLe":2382.72970728,"Shape__Area":16448.224609375,"Shape__Length":808.16457177108828}},{"type":"Feature","id":105,"geometry":{"type":"Polygon","coordinates":[[[-80.1976256696586,25.7844991052134],[-80.1976240859578,25.7844241982413],[-80.1976226159806,25.7843603944835],[-80.1976210203689,25.7842869614708],[-80.1976195978332,25.7842161073788],[-80.1976181452098,25.7841497248456],[-80.1976178892412,25.7841413883688],[-80.1976879156069,25.7841399647655],[-80.1979920113116,25.7841373422011],[-80.1979919630034,25.7841356305113],[-80.198060888621,25.7841336211591],[-80.1980611943906,25.7841450828827],[-80.198062267346,25.7841853812659],[-80.1980682242025,25.7844091330704],[-80.198070308569,25.7844874665523],[-80.1976963702129,25.7844923470597],[-80.1976256696586,25.7844991052134]]]},"properties":{"FID":105,"M21_ZONE":"CS","Map_Code":"CS","Transect":"CS","Transect_D":"Civic Space Zone","Bldg_Heigh":" ","Intensity":" ","FLR":" ","Enact":"13114","Shape_STAr":18720.7805925,"Shape_STLe":551.598034595,"Shape__Area":2153.998046875,"Shape__Length":187.0748934903767}},{"type":"Feature","id":106,"geometry":{"type":"Polygon","coordinates":[[[-80.1976256696586,25.7844991052134],[-80.1976963702129,25.7844923470597],[-80.198070308569,25.7844874665523],[-80.1980682242025,25.7844091330704],[-80.198062267346,25.7841853812659],[-80.1980611943906,25.7841450828827],[-80.198060888621,25.7841336211591],[-80.1979919630034,25.7841356305113],[-80.1979920113116,25.7841373422011],[-80.1976879156069,25.7841399647655],[-80.1976178892412,25.7841413883688],[-80.1976120125579,25.7838757685023],[-80.1976105936503,25.7838042275103],[-80.1976091479784,25.7837368123807],[-80.1976070038485,25.7836715543412],[-80.1977915372357,25.7836675316113],[-80.1978424501419,25.7836662029206],[-80.1978876462226,25.7836650241249],[-80.1980527010885,25.7836607149425],[-80.1980277630085,25.7829471936311],[-80.1980190067252,25.7826967467354],[-80.1979956754667,25.7820292666203],[-80.1979844768986,25.7817088075451],[-80.199672948377,25.7816649728294],[-80.1996843970369,25.7818285039211],[-80.1997002813323,25.7819354298555],[-80.1997293550689,25.7820646055451],[-80.19979050257,25.7822211923988],[-80.1999030810181,25.7823834337477],[-80.1999255421114,25.782545882619],[-80.1999783785775,25.7826343404119],[-80.1997089141399,25.7826429247357],[-80.1996780236415,25.7826439083956],[-80.1989459903767,25.7826672253837],[-80.198482383411,25.7826819902267],[-80.1984828305421,25.7827470394356],[-80.1984845067485,25.7828082645698],[-80.1984864944469,25.7828798096086],[-80.1984881818885,25.7829396600681],[-80.1984901577327,25.7830132657896],[-80.1984921317278,25.7830867018021],[-80.1984939476636,25.7831553222096],[-80.1984957883969,25.7832208466647],[-80.1984977784191,25.7832920469003],[-80.1984995847949,25.7833623868009],[-80.1985014223663,25.7834280854482],[-80.1985032299149,25.7834982511426],[-80.1985052108515,25.7835706554601],[-80.1985091138317,25.7836392295917],[-80.1984238097406,25.7836410911508],[-80.1984238822362,25.7837182608711],[-80.1984391274055,25.7839929570521],[-80.1984460536486,25.784121101949],[-80.1985283128058,25.7841181160572],[-80.1985592825519,25.7846673214526],[-80.1985673903117,25.7848021551585],[-80.1986403515615,25.7847995016155],[-80.1986495827028,25.7849237055854],[-80.1986557540759,25.7849857398656],[-80.1985780611361,25.7849877625724],[-80.19857734017,25.7849877811668],[-80.1985531862736,25.784988409938],[-80.1983672016515,25.7849932533294],[-80.1982255859278,25.7849969410142],[-80.1980839702054,25.7850006276584],[-80.1976439916685,25.7850120808095],[-80.1976302703222,25.7846341678404],[-80.1976270004536,25.784555589521],[-80.1976256701576,25.7844991792334],[-80.1976256696586,25.7844991052134]]]},"properties":{"FID":106,"M21_ZONE":"T6-8-O","Map_Code":"T6-8","Transect":"T6","Transect_D":"Urban Core Zone","Bldg_Heigh":"8","Intensity":"O","FLR":" ","Enact":"13114","Shape_STAr":388708.956402,"Shape_STLe":4308.5319878,"Shape__Area":44723.703125,"Shape__Length":1461.8623277767997}},{"type":"Feature","id":107,"geometry":{"type":"Polygon","coordinates":[[[-80.199576715663,25.7871755746787],[-80.1995740939034,25.7871086775463],[-80.1995122901885,25.7871101192921],[-80.199500974064,25.7868864455002],[-80.1994752989105,25.7867497721731],[-80.199457037686,25.7863581312514],[-80.1993033501615,25.7863624422445],[-80.199148906889,25.786366752525],[-80.1991317438986,25.785952932291],[-80.199129408183,25.7858958855274],[-80.1994300548986,25.7858880390811],[-80.1994280971854,25.7858311000094],[-80.1994082200246,25.7854253489546],[-80.1993878500424,25.7850080737459],[-80.1993861291763,25.7849654592147],[-80.1993861640765,25.7849654585041],[-80.1997059235588,25.7849588936827],[-80.1997041155343,25.7848904764334],[-80.1998011432609,25.7848853668048],[-80.1998356793665,25.7858627525905],[-80.1998688719135,25.786789459731],[-80.2004199032081,25.7867776879112],[-80.2005687050028,25.7867721592057],[-80.2005691619145,25.7868604480617],[-80.2005934257286,25.7874212025599],[-80.2004430497055,25.7874245156449],[-80.200292218985,25.7874279840382],[-80.2001310002212,25.7874317399671],[-80.2001309373982,25.7874317414269],[-80.1999820029405,25.787435222633],[-80.1999072454989,25.7874369742196],[-80.1999333552041,25.7882576711857],[-80.1993796958071,25.788037529671],[-80.1993757002343,25.7879489550831],[-80.1993707826167,25.7878275361374],[-80.199601196369,25.7878246672973],[-80.1996001058939,25.7877938818595],[-80.1995976868764,25.7877299014054],[-80.1995952500627,25.7876635225136],[-80.199592357218,25.7875900724653],[-80.1995897985698,25.7875185252346],[-80.1995872064507,25.7874519640539],[-80.1995844458302,25.7873821361602],[-80.1995820418385,25.7873159190201],[-80.1995796137527,25.7872531426462],[-80.199576715663,25.7871755746787]]]},"properties":{"FID":107,"M21_ZONE":"T6-8-O","Map_Code":"T6-8","Transect":"T6","Transect_D":"Urban Core Zone","Bldg_Heigh":"8","Intensity":"O","FLR":" ","Enact":"13114","Shape_STAr":222875.118026,"Shape_STLe":3458.8397914,"Shape__Area":25644.896484375,"Shape__Length":1174.5163791808009}},{"type":"Feature","id":108,"geometry":{"type":"Polygon","coordinates":[[[-80.1969523902017,25.784975047224],[-80.1969476543041,25.7848603268556],[-80.1969419697874,25.7847173997774],[-80.1969378187029,25.7846628505272],[-80.1968373707843,25.7846652287087],[-80.1968118577538,25.7839530311347],[-80.1968240417045,25.7839530974984],[-80.1971545470264,25.783949075337],[-80.1971476382202,25.7836815686466],[-80.1972606760316,25.7836791053516],[-80.1976070038485,25.7836715543412],[-80.1976091479784,25.7837368123807],[-80.1976105936503,25.7838042275103],[-80.1976120125579,25.7838757685023],[-80.1976178892412,25.7841413883688],[-80.1976181452098,25.7841497248456],[-80.1976195978332,25.7842161073788],[-80.1976210203689,25.7842869614708],[-80.1976226159806,25.7843603944835],[-80.1976240859578,25.7844241982413],[-80.1976256696586,25.7844991052134],[-80.1976256701576,25.7844991792334],[-80.1976270004536,25.784555589521],[-80.1976302703222,25.7846341678404],[-80.1976439916685,25.7850120808095],[-80.1971240415222,25.7850256169024],[-80.1970901746311,25.7850267009185],[-80.1969560263858,25.7850309963464],[-80.1969523902017,25.784975047224]]]},"properties":{"FID":108,"M21_ZONE":"T6-8-L","Map_Code":"T6-8","Transect":"T6","Transect_D":"Urban Core Zone","Bldg_Heigh":"8","Intensity":"L","FLR":" ","Enact":"13114","Shape_STAr":112577.501957,"Shape_STLe":1501.17703444,"Shape__Area":12953.109375,"Shape__Length":509.62591633350945}},{"type":"Feature","id":109,"geometry":{"type":"Polygon","coordinates":[[[-80.1979141941002,25.779787761633],[-80.1979844768986,25.7817088075451],[-80.1979956754667,25.7820292666203],[-80.1980190067252,25.7826967467354],[-80.1980277630085,25.7829471936311],[-80.1980527010885,25.7836607149425],[-80.1978876462226,25.7836650241249],[-80.1978424501419,25.7836662029206],[-80.1977915372357,25.7836675316113],[-80.1976070038485,25.7836715543412],[-80.1972606760316,25.7836791053516],[-80.1971476382202,25.7836815686466],[-80.1962886386796,25.783701091561],[-80.1962269905442,25.781754664986],[-80.1962077343763,25.7814812092356],[-80.1962270640644,25.7813752691417],[-80.1962274012256,25.7813162187652],[-80.1962275262845,25.7808072740025],[-80.1962277684952,25.7798319514869],[-80.1964528414472,25.7798260475094],[-80.1968497538791,25.7798153049598],[-80.1979141941002,25.779787761633]]]},"properties":{"FID":109,"M21_ZONE":"T6-24A-O","Map_Code":"T6-24","Transect":"T6","Transect_D":"Urban Core Zone","Bldg_Heigh":"24","Intensity":"O","FLR":"A","Enact":"13114","Shape_STAr":807387.926403,"Shape_STLe":3951.70891862,"Shape__Area":92893.5703125,"Shape__Length":1341.959605821583}},{"type":"Feature","id":110,"geometry":{"type":"Polygon","coordinates":[[[-80.1955528167863,25.7798455178371],[-80.1955355628596,25.7797994541018],[-80.1954241862914,25.7799006986527],[-80.1954236228241,25.7799011685252],[-80.1954236406045,25.7799011929951],[-80.1954445192941,25.7799251167375],[-80.1953479014391,25.7800380743791],[-80.1949188524044,25.7802426541012],[-80.1948589760998,25.7802544778484],[-80.1945570637541,25.7803140885876],[-80.1940960983538,25.7803315639889],[-80.1938490461585,25.7803368713367],[-80.1921675690265,25.7803809520001],[-80.1904726588575,25.7804451541869],[-80.1904586147633,25.7800031490582],[-80.1938357538691,25.779915125014],[-80.1937985119732,25.7789692597275],[-80.1961878959314,25.7788866252466],[-80.1962277684952,25.7798319514869],[-80.1962275262845,25.7808072740025],[-80.1962274012256,25.7813162187652],[-80.1959505725761,25.7813179079934],[-80.1958833390193,25.781178031022],[-80.1957285171311,25.7808222742047],[-80.1956309317521,25.7806586521249],[-80.1955622299448,25.7805099705687],[-80.1955496882907,25.7804709040543],[-80.1955001076044,25.7803164663829],[-80.195494166868,25.7800221616288],[-80.1955595832918,25.7799213363],[-80.1955528167863,25.7798455178371]]]},"properties":{"FID":110,"M21_ZONE":"T6-60A-O","Map_Code":"T6-60","Transect":"T6","Transect_D":"Urban Core Zone","Bldg_Heigh":"60","Intensity":"O","FLR":"A","Enact":"13114","Shape_STAr":613295.865892,"Shape_STLe":5708.21520899,"Shape__Area":70560.451171875,"Shape__Length":1934.6353803993377}},{"type":"Feature","id":111,"geometry":{"type":"Polygon","coordinates":[[[-80.1892744373921,25.7806149330405],[-80.19047707669,25.7805842164852],[-80.190477629772,25.7806015838192],[-80.1904781808664,25.7806189502394],[-80.1904902151019,25.7809976531211],[-80.1894226651973,25.7810254549305],[-80.1893567558282,25.7808353708186],[-80.1892912462385,25.7806577842697],[-80.1892744373921,25.7806149330405]]]},"properties":{"FID":111,"M21_ZONE":"T6-80-O","Map_Code":"T6-80","Transect":"T6","Transect_D":"Urban Core Zone","Bldg_Heigh":"80","Intensity":"O","FLR":" ","Enact":"13114","Shape_STAr":56140.3794745,"Shape_STLe":1054.71854615,"Shape__Area":6459.083984375,"Shape__Length":357.32124399294793}},{"type":"Feature","id":113,"geometry":{"type":"Polygon","coordinates":[[[-80.2001098873564,25.7788001694572],[-80.2000962722229,25.7782808449247],[-80.2001099418818,25.778280344182],[-80.2002198825907,25.7782763052955],[-80.2003610281711,25.7782710630844],[-80.2005164233669,25.7782652103106],[-80.2006625088326,25.7782598225429],[-80.2008131523653,25.7782542881603],[-80.2009675974651,25.7782484296852],[-80.2011176717364,25.7782428918606],[-80.2011997994961,25.7782416466775],[-80.2012002944935,25.7782572020658],[-80.2012699062014,25.7782552499568],[-80.2014361259381,25.7782494547168],[-80.2015892388251,25.7782439321794],[-80.2017376020557,25.7782387282356],[-80.2018924236473,25.7782332147529],[-80.2020409764316,25.7782278391326],[-80.2021874424945,25.778222624325],[-80.2023464433022,25.7782169617697],[-80.2024917667256,25.7782119118948],[-80.202641270537,25.7782065408731],[-80.2027966623116,25.7782010295511],[-80.2028799092586,25.7781883529637],[-80.2028965779847,25.7787115963503],[-80.2028460299173,25.7787134009357],[-80.2028456968597,25.7787134117481],[-80.2027806983671,25.7787157319878],[-80.2026743340326,25.7787195270225],[-80.2012367331781,25.7787708297848],[-80.2012556039361,25.7793085195624],[-80.2011621753587,25.7793113220737],[-80.2008496804313,25.7793219867904],[-80.2008462143077,25.7792156978085],[-80.2007396551844,25.7792176931721],[-80.2006893179858,25.7792187922891],[-80.2006061213764,25.7792203986778],[-80.2005474279158,25.779221451835],[-80.200394900138,25.7792245690982],[-80.2003757284381,25.7788545882737],[-80.2003742760796,25.7787932876169],[-80.2001098873564,25.7788001694572]]]},"properties":{"FID":113,"M21_ZONE":"T6-8-O","Map_Code":"T6-8","Transect":"T6","Transect_D":"Urban Core Zone","Bldg_Heigh":"8","Intensity":"O","FLR":" ","Enact":"13114","Shape_STAr":222637.448018,"Shape_STLe":2608.74121912,"Shape__Area":25614.1015625,"Shape__Length":883.88515541887944}},{"type":"Feature","id":114,"geometry":{"type":"Polygon","coordinates":[[[-80.1871288699272,25.79624217204],[-80.1871185033562,25.7958747396636],[-80.1869331493985,25.7958787520258],[-80.1869352668355,25.7958079241634],[-80.186949853319,25.7953198986731],[-80.1869862257374,25.7952723547106],[-80.1869873860421,25.7952709395285],[-80.1870970662302,25.7952692743447],[-80.1871155771436,25.7952655045532],[-80.1869401784745,25.7951306146519],[-80.1868606325554,25.7950513300623],[-80.1867471771215,25.7949148193829],[-80.1866113462966,25.7946801037019],[-80.1864828143219,25.794270869497],[-80.1864052259612,25.79384868736],[-80.1864116007732,25.7936451364688],[-80.1864149969869,25.7934885182751],[-80.1864194166126,25.7932846540492],[-80.1864558322475,25.7930164015631],[-80.1865617370486,25.7930320301981],[-80.1872428139414,25.7931483012266],[-80.1873521242641,25.7931669631609],[-80.1873978539526,25.7931737520222],[-80.187670196864,25.7932320850676],[-80.1877622048378,25.7932517928086],[-80.1878591380651,25.7932794559427],[-80.1878859203748,25.7931767651139],[-80.1881246180481,25.7928102735812],[-80.1881290046164,25.7927462381066],[-80.1877049275045,25.7923962861907],[-80.1880795151986,25.7923709805806],[-80.188185766193,25.7923682293564],[-80.1881948022328,25.7926572983724],[-80.1881948018701,25.7926573516266],[-80.1882204994288,25.7935684545829],[-80.188229847046,25.7938999226199],[-80.1882567908072,25.7948554480237],[-80.1882908950237,25.794854923474],[-80.1882901117666,25.795815143023],[-80.1880731154658,25.7958234555527],[-80.187993646348,25.795825653011],[-80.1878265049818,25.7958297492455],[-80.1878354704756,25.7961587481228],[-80.187835349316,25.7962237894538],[-80.1871288699272,25.79624217204]]]},"properties":{"FID":114,"M21_ZONE":"T6-36B-L","Map_Code":"T6-36","Transect":"T6","Transect_D":"Urban Core Zone","Bldg_Heigh":"36","Intensity":"L","FLR":"B","Enact":"13114","Shape_STAr":574811.815715,"Shape_STLe":4176.99056063,"Shape__Area":66148.39453125,"Shape__Length":1418.2749176671327}},{"type":"Feature","id":115,"geometry":{"type":"Polygon","coordinates":[[[-80.1882901117666,25.795815143023],[-80.1882908950237,25.794854923474],[-80.1882567908072,25.7948554480237],[-80.188229847046,25.7938999226199],[-80.1882204994288,25.7935684545829],[-80.1881948018701,25.7926573516266],[-80.1881948022328,25.7926572983724],[-80.188185766193,25.7923682293564],[-80.1907246737305,25.7922864854631],[-80.1907321610998,25.7929693519442],[-80.1907559212435,25.7939579299449],[-80.190773786252,25.7947569795824],[-80.190778231817,25.7952764922098],[-80.1907872551653,25.7957586868605],[-80.1890374467526,25.7957851985141],[-80.1890524230072,25.7961940835461],[-80.1880652996937,25.7962228050897],[-80.1880633700568,25.7961521468709],[-80.1880551076831,25.7958242026021],[-80.1882901117666,25.795815143023]]]},"properties":{"FID":115,"M21_ZONE":"T6-36B-O","Map_Code":"T6-36","Transect":"T6","Transect_D":"Urban Core Zone","Bldg_Heigh":"36","Intensity":"O","FLR":"B","Enact":"13424","Shape_STAr":1086984.16902,"Shape_STLe":4634.62411807,"Shape__Area":125087.87890625,"Shape__Length":1573.1270312621232}},{"type":"Feature","id":116,"geometry":{"type":"Polygon","coordinates":[[[-80.1811815326749,25.7792924172792],[-80.1800959233617,25.7813390974175],[-80.1736928425436,25.7785352656682],[-80.1674872164684,25.7758108681569],[-80.1598949285079,25.7725774808428],[-80.1594467142989,25.7734436057998],[-80.1573415643085,25.7724991808652],[-80.1442679507419,25.7669126277253],[-80.1443260571949,25.7668071316354],[-80.1447158552313,25.7661013156291],[-80.144850406553,25.7658219931789],[-80.1574067768056,25.765873040561],[-80.1594873677323,25.7658662418375],[-80.1604562765346,25.7662657811078],[-80.1626733217023,25.7671920604531],[-80.1624840686338,25.767559556438],[-80.1737201790349,25.7724774580393],[-80.1792160405773,25.7748196336139],[-80.1817815697836,25.7781189349683],[-80.1814254994716,25.7788339848593],[-80.1811815326749,25.7792924172792]]]},"properties":{"FID":116,"M21_ZONE":"CI","Map_Code":"CI","Transect":"CI","Transect_D":"Civic Institution Zone","Bldg_Heigh":" ","Intensity":" ","FLR":" ","Enact":"13114","Shape_STAr":23532949.6795,"Shape_STLe":28677.9485779,"Shape__Area":2707098.138671875,"Shape__Length":9712.240909331711}},{"type":"Feature","id":117,"geometry":{"type":"Polygon","coordinates":[[[-80.1788776364446,25.7869614518682],[-80.1786222782971,25.7862066145194],[-80.1785588127363,25.7862539655394],[-80.1781882784203,25.7851800693347],[-80.1784409070026,25.7849909962917],[-80.1791176323711,25.7869654384942],[-80.1788776364446,25.7869614518682]]]},"properties":{"FID":117,"M21_ZONE":"CI","Map_Code":"CI","Transect":"CI","Transect_D":"Civic Institution Zone","Bldg_Heigh":" ","Intensity":" ","FLR":" ","Enact":"13114","Shape_STAr":64096.0736026,"Shape_STLe":1661.20999422,"Shape__Area":7375.01953125,"Shape__Length":564.50424318386627}},{"type":"Feature","id":118,"geometry":{"type":"Polygon","coordinates":[[[-80.1767296236405,25.7859931911985],[-80.1767289136548,25.7859921960748],[-80.1767270740303,25.7859896149271],[-80.1767267738401,25.7859891944003],[-80.1767259068553,25.7859879781424],[-80.1767240820423,25.7859854178393],[-80.1767234540207,25.7859845369129],[-80.1767219422278,25.7859824161648],[-80.1767214080095,25.7859816675556],[-80.1767207308806,25.7859806789364],[-80.176716070949,25.7859738727876],[-80.1767150789435,25.7859724247446],[-80.1767131314716,25.7859695794137],[-80.1767124563119,25.7859685944161],[-80.1767083698678,25.7859626255579],[-80.1767070432579,25.7859606872896],[-80.1767057729026,25.785958832383],[-80.1767046328835,25.7859571614513],[-80.1767034903471,25.7859554219043],[-80.1766998486247,25.7859498789038],[-80.1766963894244,25.7859446149514],[-80.1766958171718,25.7859437433669],[-80.1766953317372,25.7859430049629],[-80.1766917413226,25.7859375398802],[-80.1766885731904,25.7859327180663],[-80.1766797919723,25.7859187811545],[-80.1766758037345,25.7859124517927],[-80.1766742218563,25.7859099407042],[-80.1766733668054,25.7859085846034],[-80.1766723394396,25.7859069152117],[-80.1766706755168,25.7859041572364],[-80.1766665452611,25.7858973143674],[-80.1766654136305,25.7858954394848],[-80.1766649700445,25.7858947049281],[-80.1766634342709,25.7858921588972],[-80.1766627215761,25.7858909787154],[-80.1766619931104,25.7858897722676],[-80.1766607688235,25.7858877434107],[-80.1766595622828,25.7858857435389],[-80.1766582049058,25.7858834963909],[-80.1766572539089,25.7858818852007],[-80.1766542499266,25.7858766824957],[-80.1766430605925,25.7858573061453],[-80.1766289055116,25.7858316666956],[-80.1766007943671,25.7857792913007],[-80.1765852474995,25.7857503267439],[-80.1765728476228,25.7857272237307],[-80.1765563410388,25.7856964692067],[-80.176551894721,25.7856881857273],[-80.17655036701,25.7856853391597],[-80.1766379938275,25.7856285884129],[-80.1767413460183,25.7855616526841],[-80.1768383776659,25.7854988116243],[-80.1769479248537,25.7854278642337],[-80.1770549010914,25.785358581136],[-80.1772630465682,25.7852237756772],[-80.1775018220043,25.7850691332223],[-80.1777637230819,25.7848995098633],[-80.1779219682048,25.7847970204591],[-80.1779319510008,25.7847905498332],[-80.1782916543673,25.7845574046542],[-80.1783928128808,25.784842871153],[-80.1784409070026,25.7849909962917],[-80.1781882784203,25.7851800693347],[-80.1785588127363,25.7862539655394],[-80.1786222782971,25.7862066145194],[-80.1788776364446,25.7869614518682],[-80.1786920763107,25.7869704814623],[-80.1786873515729,25.7869669823055],[-80.1786849685887,25.7869652583361],[-80.1786814445702,25.7869627290821],[-80.1786790850662,25.7869610702357],[-80.1786767304228,25.7869594294697],[-80.1786743716112,25.7869578148568],[-80.1786715800464,25.7869559170774],[-80.1786690819675,25.7869542565458],[-80.1786675495811,25.7869532369297],[-80.1786666345112,25.7869526287952],[-80.1786652329626,25.7869517209434],[-80.1786627315882,25.7869501046227],[-80.1786609051068,25.7869489362146],[-80.178657136705,25.7869465680567],[-80.1786538445074,25.7869445437877],[-80.1786515808374,25.7869431571786],[-80.1786489376237,25.7869415788706],[-80.1786465952042,25.7869401900114],[-80.1786453102248,25.7869394389754],[-80.1786408542353,25.7869368737684],[-80.1786389096931,25.7869357651707],[-80.1786357046176,25.7869339751787],[-80.1786321258748,25.786932008866],[-80.1786294250062,25.7869305502842],[-80.1786267339148,25.7869291197395],[-80.178624334738,25.7869278650538],[-80.1786216801746,25.7869264870688],[-80.1786190750753,25.7869251653272],[-80.1786167948034,25.786924017825],[-80.1786142848678,25.7869227760535],[-80.1786124922767,25.7869218984884],[-80.1786117589432,25.7869215396075],[-80.1786098400579,25.7869206143916],[-80.1786084667222,25.7869199531209],[-80.1786074450767,25.7869194743654],[-80.1786050409796,25.7869183550487],[-80.1786029718042,25.7869173919755],[-80.1786012037648,25.7869165687077],[-80.178599258641,25.7869156893784],[-80.1785987388018,25.7869154562682],[-80.1785971415232,25.7869147386716],[-80.1785956635163,25.7869140750045],[-80.17859448763,25.7869135529535],[-80.1785937351361,25.7869132255571],[-80.1785918394762,25.7869124024711],[-80.1785914627308,25.78691223877],[-80.178589013328,25.7869111832851],[-80.1785861790485,25.7869099866191],[-80.1785856392323,25.786909758812],[-80.1785826506498,25.7869085278769],[-80.1785816971997,25.7869081361603],[-80.1785807069356,25.7869077334041],[-80.1785785761733,25.7869068819111],[-80.1785778205082,25.7869065806733],[-80.1785750274868,25.7869054736022],[-80.1785744984696,25.7869052702274],[-80.1785724012941,25.7869044640562],[-80.1785701579344,25.7869036029007],[-80.1785689587009,25.7869031411951],[-80.1785680616812,25.7869028075665],[-80.1785673685217,25.7869025509113],[-80.1785627779106,25.7869008578008],[-80.1785592441502,25.7868995985126],[-80.1785585698154,25.786899359114],[-80.1785571565032,25.7868988564829],[-80.1785553044148,25.786898221393],[-80.1785541774454,25.7868978350149],[-80.1785519364427,25.7868970659424],[-80.1785511943562,25.7868968198427],[-80.1785492008697,25.7868961586801],[-80.1785483911373,25.7868958905348],[-80.1785472949192,25.7868955268965],[-80.1785440040593,25.7868944666591],[-80.1785426341918,25.7868940256532],[-80.1785408393878,25.7868934694168],[-80.1785380278014,25.7868925969282],[-80.1785351374157,25.7868917294105],[-80.1785309067054,25.7868904743096],[-80.1783874684661,25.7868503955015],[-80.1782182739008,25.7868031204816],[-80.1782128157225,25.7868015957673],[-80.177722852903,25.7866647416108],[-80.1777190318414,25.7866636521811],[-80.1777166397063,25.7866629688957],[-80.1777131878356,25.7866619817465],[-80.1777101917067,25.7866611244466],[-80.1777084135293,25.7866606161344],[-80.1777047825499,25.7866595774244],[-80.177701416252,25.7866586151302],[-80.1776981862799,25.7866576915176],[-80.1776950130239,25.7866567844732],[-80.1776932666941,25.7866562844646],[-80.1776882336699,25.7866548451776],[-80.1776850405118,25.7866539326046],[-80.1776812853577,25.7866528282016],[-80.1776773583789,25.7866516280493],[-80.1776732622674,25.7866503754899],[-80.1776721409803,25.7866500333669],[-80.1776683831406,25.7866488847187],[-80.1776655426293,25.7866480156605],[-80.177661436567,25.7866467603367],[-80.1776580766938,25.7866457339899],[-80.1776529538164,25.7866441678232],[-80.1776492381617,25.7866429742807],[-80.1776459881253,25.786641924183],[-80.1776450848358,25.7866416329378],[-80.1776421979086,25.7866406995289],[-80.177637840649,25.7866392920423],[-80.1776344045873,25.7866381813182],[-80.1776304183942,25.7866368932732],[-80.1776270857888,25.7866358165316],[-80.1776228329827,25.7866344430331],[-80.1776196797789,25.7866333754294],[-80.1776167086499,25.7866323630138],[-80.177613177513,25.7866311596817],[-80.1776090356342,25.7866297488987],[-80.1776050479333,25.7866283904381],[-80.1776019833058,25.7866273459009],[-80.1775971093393,25.786625685459],[-80.1775940735561,25.7866246510139],[-80.1775912030546,25.7866236490957],[-80.1775888668261,25.7866228108691],[-80.1775872287756,25.7866222239147],[-80.1775865604326,25.7866219836428],[-80.1775853122541,25.7866215360948],[-80.1775833062155,25.7866208170788],[-80.1775825602944,25.786620549289],[-80.1775809620299,25.7866199760991],[-80.1775788505663,25.7866192194785],[-80.1775771051029,25.7866185940056],[-80.177575900686,25.7866181620499],[-80.1775734510754,25.7866172834656],[-80.1775730263961,25.7866171312253],[-80.1775711148472,25.7866164452386],[-80.1775687149614,25.7866155849883],[-80.1775679203064,25.7866152997725],[-80.1775663538647,25.7866147384969],[-80.1775654895888,25.786614428516],[-80.1775646859795,25.7866141405418],[-80.1775628549873,25.7866134838951],[-80.1775337139371,25.7866025027266],[-80.1775323656052,25.7866019760816],[-80.1775305847926,25.786601271878],[-80.1775275173304,25.7866000603337],[-80.177525050441,25.7865990850677],[-80.1775224135217,25.7865980429472],[-80.1775213406574,25.786597618956],[-80.1775184034581,25.7865964577935],[-80.1775155368518,25.7865953250122],[-80.1775118837471,25.7865938808842],[-80.177505616592,25.786591403791],[-80.1775041350628,25.7865908186232],[-80.1775027272981,25.7865902356779],[-80.1774982922376,25.786588399893],[-80.1774949865707,25.786587031746],[-80.1774919612691,25.7865857789176],[-80.1774889657899,25.7865845388948],[-80.1774852723949,25.7865830096896],[-80.1774825373912,25.7865818776517],[-80.1774793828429,25.7865805717388],[-80.1774751227607,25.7865788082516],[-80.1774506769738,25.7865682227974],[-80.1774412788695,25.7865640544913],[-80.1774169448115,25.7865530273665],[-80.1774032077096,25.7865465399953],[-80.1773905965686,25.7865405843301],[-80.1773773451507,25.7865340780395],[-80.1773615948496,25.7865263209908],[-80.1773174775691,25.7865033437665],[-80.1773064701179,25.7864974648621],[-80.1772959043006,25.7864915929677],[-80.1772863316944,25.7864862736935],[-80.1772793483989,25.7864823934387],[-80.1772525336695,25.7864669031134],[-80.1772260348838,25.7864509966451],[-80.1771740089413,25.7864179543699],[-80.177146917054,25.786399721121],[-80.1771439740415,25.786397669909],[-80.1771233401618,25.7863832958927],[-80.1771045214773,25.7863697002939],[-80.1770985323107,25.7863653743311],[-80.17708712454,25.7863568285339],[-80.1770839752781,25.7863544692542],[-80.1770817365684,25.7863527930128],[-80.177078658722,25.7863504873932],[-80.17707690307,25.7863491722349],[-80.1770744223426,25.786347314095],[-80.1770686446006,25.7863428358771],[-80.1770611363937,25.7863370047319],[-80.1770557970516,25.7863328575568],[-80.1770538255468,25.7863313254447],[-80.1770501026776,25.7863284348712],[-80.1770488969812,25.7863274667321],[-80.1770341303782,25.7863155801909],[-80.1770277202399,25.7863104214091],[-80.1770263281578,25.7863093005707],[-80.1770258741376,25.7863089215986],[-80.1770110708809,25.7862965681797],[-80.1770030263894,25.7862898548201],[-80.1770005159165,25.786287684195],[-80.1769999182748,25.7862871681108],[-80.1769979469645,25.7862854635936],[-80.1769966397012,25.7862843324031],[-80.1769934285175,25.7862815557485],[-80.1769915870395,25.786279963894],[-80.1769904700631,25.7862789980615],[-80.1769874125023,25.7862763540624],[-80.1769862122716,25.7862753164499],[-80.1769851676389,25.786274414212],[-80.1769824569662,25.7862720700486],[-80.1769816660657,25.7862713858813],[-80.1769805173729,25.78627039279],[-80.176979474865,25.7862694716085],[-80.1769752972752,25.7862657263624],[-80.1769576089034,25.7862498696925],[-80.176943377947,25.7862366502563],[-80.1769393607801,25.7862329194566],[-80.1769370039819,25.7862307298418],[-80.1769361272417,25.7862299152075],[-80.1769352971105,25.7862291369428],[-80.1769345929106,25.7862284586817],[-80.176932757634,25.7862266908454],[-80.1769307916158,25.7862247977042],[-80.1769274815843,25.7862216088823],[-80.1769207585087,25.7862151331696],[-80.1769138274384,25.7862084576975],[-80.176892570916,25.7861872326515],[-80.1768789928412,25.7861731729292],[-80.176875564664,25.7861696232817],[-80.1768749944591,25.7861690324325],[-80.1768729254795,25.7861668895776],[-80.1768721919254,25.7861661308146],[-80.1768716682671,25.7861655853611],[-80.176868134105,25.7861617904966],[-80.1768648790356,25.7861582950846],[-80.176858300604,25.7861512316621],[-80.1768533224962,25.7861458860042],[-80.1768517152505,25.7861441600764],[-80.1768489121509,25.7861410517488],[-80.1768448724025,25.7861365490561],[-80.1768411937796,25.7861324500844],[-80.1768367929003,25.786127544573],[-80.1768348536605,25.7861253834962],[-80.1768342431967,25.786124703057],[-80.1768330262196,25.7861233476171],[-80.1768317904495,25.7861219704072],[-80.1768310128856,25.7861210877324],[-80.1768283818224,25.7861180444658],[-80.1768119099721,25.7860989938786],[-80.1767998799602,25.7860845484528],[-80.1767949932002,25.7860786806777],[-80.1767928711845,25.786076133136],[-80.176792307735,25.7860754303966],[-80.1767892305193,25.7860715911785],[-80.1767742971779,25.7860529599975],[-80.176762212766,25.7860372974936],[-80.1767615823137,25.7860364797389],[-80.1767561888496,25.7860294889109],[-80.1767551358278,25.7860280694076],[-80.176753921794,25.786026432358],[-80.1767533854006,25.7860257099133],[-80.1767529833502,25.7860251687582],[-80.1767524558548,25.7860244571957],[-80.1767516596674,25.7860233839567],[-80.1767507271618,25.7860221267091],[-80.176750093968,25.7860212728329],[-80.1767495714015,25.7860205694221],[-80.1767491851594,25.7860200491173],[-80.1767482526539,25.7860187918696],[-80.1767473201484,25.786017534622],[-80.1767464172781,25.7860163172585],[-80.1767459095355,25.7860156328871],[-80.176745604298,25.7860152213583],[-80.1767440435276,25.7860131183861],[-80.1767436484062,25.7860125844914],[-80.1767435565346,25.7860124612115],[-80.1767427840568,25.7860114196993],[-80.1767419977459,25.7860103600559],[-80.176740414257,25.7860082262651],[-80.1767385571474,25.7860057226462],[-80.1767381394508,25.7860051371728],[-80.1767373099957,25.7860039725782],[-80.1767364647261,25.7860027880359],[-80.1767363284641,25.7860025959037],[-80.1767361566473,25.7860023548275],[-80.1767357517805,25.7860017883822],[-80.176734978605,25.786000703539],[-80.1767345619053,25.7860001180713],[-80.1767340316374,25.7859993749004],[-80.1767331409555,25.7859981251105],[-80.1767324181337,25.7859971118613],[-80.1767323253149,25.7859969813549],[-80.1767319165039,25.7859964085689],[-80.1767316706366,25.7859960623665],[-80.1767311907285,25.785995389887],[-80.1767309280683,25.7859950210235],[-80.1767306723184,25.7859946621282],[-80.1767303948407,25.7859942733226],[-80.1767296236405,25.7859931911985]]]},"properties":{"FID":118,"M21_ZONE":"T6-36A-O","Map_Code":"T6-36","Transect":"T6","Transect_D":"Urban Core Zone","Bldg_Heigh":"36","Intensity":"O","FLR":"A","Enact":"13114","Shape_STAr":330389.595152,"Shape_STLe":2643.7960437,"Shape__Area":38015.091796875,"Shape__Length":896.88891854429789}},{"type":"Feature","id":119,"geometry":{"type":"Polygon","coordinates":[[[-80.1900671338565,25.7696298232617],[-80.1898635972259,25.7696490280255],[-80.1896607808797,25.7696483285658],[-80.1894395453964,25.7696474404888],[-80.1893531230402,25.7696497104175],[-80.1892668480246,25.7696581714897],[-80.1892243535862,25.7696655441032],[-80.1891818591429,25.7696729167041],[-80.1890983485466,25.7696936871702],[-80.1890170762165,25.7697205755848],[-80.1889382318987,25.7697532372938],[-80.188859783778,25.7697839225587],[-80.1887772227915,25.7698044426803],[-80.1886924568927,25.7698143732109],[-80.1886068146389,25.7698134670069],[-80.1885221944897,25.7698018167934],[-80.1884403078418,25.7697796099381],[-80.1883626650557,25.7697472773091],[-80.1882898305169,25.7697061182663],[-80.1882555568834,25.7696814625863],[-80.1882363482073,25.7696676460006],[-80.1882314947786,25.7696642168421],[-80.1886617794914,25.7691311967368],[-80.1900012136688,25.7691286398944],[-80.1900671338565,25.7696298232617]]]},"properties":{"FID":119,"M21_ZONE":"CS","Map_Code":"CS","Transect":"CS","Transect_D":"Civic Space Zone","Bldg_Heigh":" ","Intensity":" ","FLR":" ","Enact":"13114","Shape_STAr":110773.812088,"Shape_STLe":1491.99740588,"Shape__Area":12742.37890625,"Shape__Length":505.3569819685689}},{"type":"Feature","id":120,"geometry":{"type":"Polygon","coordinates":[[[-80.1870955123128,25.791978052837],[-80.187088660752,25.7917622024674],[-80.1869496498621,25.791772224739],[-80.1862811984757,25.7917807707143],[-80.186201021172,25.7917817943535],[-80.1862050927076,25.7918810351814],[-80.1854142317731,25.7919003377765],[-80.1853971341332,25.7919007592363],[-80.1848243101703,25.7919304261224],[-80.1847723790541,25.7919324277831],[-80.184728851644,25.7919321838077],[-80.1846584526469,25.7919267731793],[-80.1846007345571,25.7919185686075],[-80.1845627966707,25.7919111907087],[-80.1844893193407,25.7918928675299],[-80.1844166728979,25.7918688162644],[-80.1843417005779,25.7918375876134],[-80.1842707345422,25.7917992161839],[-80.1842163645274,25.7917645204088],[-80.1841903659976,25.7917471791686],[-80.1841392194442,25.7917039037361],[-80.1841022498326,25.791670738022],[-80.1840756888421,25.7916430763555],[-80.1840411324249,25.7916041923572],[-80.1840207126798,25.7915811505777],[-80.183982302081,25.7915271996293],[-80.1839525877555,25.7914747299621],[-80.1839416500232,25.7914538905721],[-80.1839283933199,25.7914251571624],[-80.1839112421895,25.7913870874899],[-80.1838866987487,25.7913190283268],[-80.1838760453524,25.7912104938903],[-80.1838678553504,25.7911352177514],[-80.183869105354,25.7908833114172],[-80.1838691407045,25.7906468741373],[-80.1838827543978,25.7905079537546],[-80.1839022380836,25.7904364154862],[-80.183924868657,25.7903677607732],[-80.183957805059,25.7902962970686],[-80.183997826846,25.7902304631959],[-80.1840425610808,25.7901698134703],[-80.1841007882334,25.7901035076084],[-80.1841437920165,25.790064341969],[-80.1842090436782,25.7900124058825],[-80.1842790087607,25.7899655104019],[-80.1843497065963,25.7899272167069],[-80.1844092412327,25.7899010416035],[-80.1844965062687,25.7898704356],[-80.1845829139681,25.7898494252898],[-80.1846542268641,25.7898369289304],[-80.1848007009944,25.7898277187922],[-80.1850524533631,25.7898155166827],[-80.1853822604747,25.789800168691],[-80.1853865580881,25.789662232182],[-80.1853481646959,25.7872830814041],[-80.1864356478676,25.7871398326305],[-80.1879716693514,25.7870136651732],[-80.187962407978,25.7866290846175],[-80.1890473658216,25.7861080889831],[-80.1906693321962,25.7860595951696],[-80.1906529770923,25.7883953940945],[-80.1922775290395,25.7883436252065],[-80.192305867285,25.7894785484628],[-80.1919003002279,25.7894891143812],[-80.1915164377099,25.7894991228211],[-80.1915367441482,25.7906356883272],[-80.1907096394079,25.7906628014542],[-80.1907246737305,25.7922864854631],[-80.188185766193,25.7923682293564],[-80.1880795151986,25.7923709805806],[-80.1877049275045,25.7923962861907],[-80.1881290046164,25.7927462381066],[-80.1881246180481,25.7928102735812],[-80.1878859203748,25.7931767651139],[-80.1878591380651,25.7932794559427],[-80.1877622048378,25.7932517928086],[-80.187670196864,25.7932320850676],[-80.1873978539526,25.7931737520222],[-80.1873521242641,25.7931669631609],[-80.1872428139414,25.7931483012266],[-80.1865617370486,25.7930320301981],[-80.1864558322475,25.7930164015631],[-80.1865775243507,25.7925706727815],[-80.1866576456177,25.7923647378535],[-80.1870955123128,25.791978052837]]]},"properties":{"FID":120,"M21_ZONE":"T6-36B-O","Map_Code":"T6-36","Transect":"T6","Transect_D":"Urban Core Zone","Bldg_Heigh":"36","Intensity":"O","FLR":"B","Enact":"13114","Shape_STAr":4325632.8561,"Shape_STLe":10697.9438641,"Shape__Area":497746.8046875,"Shape__Length":3627.9117354797}},{"type":"Feature","id":163,"geometry":{"type":"Polygon","coordinates":[[[-80.2062137177756,25.766999050553],[-80.206629252134,25.7669880625321],[-80.2074765158468,25.766963521824],[-80.2074903961036,25.7672972269302],[-80.2073736857774,25.7672990411922],[-80.2070944360669,25.7673056810617],[-80.2067217858487,25.7673145698696],[-80.2066519872944,25.7673172530323],[-80.2066557877163,25.7674677477623],[-80.2065658009298,25.7674685651793],[-80.2064746499894,25.7674681549044],[-80.2062178830797,25.7674706235454],[-80.2059066122039,25.7674735679464],[-80.2057485417301,25.7674840544889],[-80.205601709118,25.7674892720329],[-80.2054286653221,25.7674954638219],[-80.2052738587257,25.7675009823158],[-80.2051351964338,25.7675058982844],[-80.2051340499103,25.7674783791746],[-80.2048301323872,25.7674891856218],[-80.2048312778437,25.7675167047269],[-80.2046768490219,25.7675222228432],[-80.204527929405,25.7675275136496],[-80.2043736909534,25.7675330333868],[-80.2042285704,25.7675381722472],[-80.2040703321404,25.7675453884435],[-80.2039472506192,25.7675488422384],[-80.2037945404817,25.7675529940775],[-80.2036492369577,25.7675570138748],[-80.2034936777071,25.7675613222156],[-80.2033291900972,25.7675658387751],[-80.2031783789132,25.7675699985557],[-80.2030269995165,25.7675741568737],[-80.2028792238182,25.7675781623641],[-80.2027153083638,25.7675826813624],[-80.2025715439439,25.7675867030973],[-80.2024013927131,25.7675833688038],[-80.2022587402274,25.767588519222],[-80.2020978530682,25.7675942564548],[-80.2019428558965,25.7675997703549],[-80.201788045135,25.7676052833067],[-80.2016602826071,25.7676098730113],[-80.2016385556064,25.7676106537781],[-80.2016316067542,25.7676109036075],[-80.2014865963408,25.767616096298],[-80.2013407160525,25.7676212290086],[-80.2011995832464,25.7676263018765],[-80.2010500926916,25.7676316708342],[-80.2008932796306,25.7676372621064],[-80.2007278868076,25.7676367059719],[-80.2007968857454,25.7671558251626],[-80.200796400073,25.7671432025189],[-80.2008063033654,25.7671428398723],[-80.20101919932,25.767139792427],[-80.2011487294215,25.7671379389867],[-80.2013264875025,25.7671353932722],[-80.2013272156024,25.7670596683728],[-80.2013101526709,25.7666568520128],[-80.2013764681016,25.766654729993],[-80.2014582938889,25.7666521315899],[-80.2016072074393,25.7666474450401],[-80.2017520276897,25.766642934472],[-80.2017574537306,25.7666427665494],[-80.2019135860078,25.7666378602141],[-80.2020632601069,25.7666331782698],[-80.2022180635773,25.7666282679331],[-80.2023624194476,25.766623728937],[-80.202419258577,25.766623413973],[-80.202526122056,25.7666228197548],[-80.2026818776957,25.7666171351521],[-80.2027864400621,25.7666133110845],[-80.2028391559887,25.7666113819964],[-80.2029897873458,25.7666057565557],[-80.2031434559992,25.7666001502953],[-80.2032918064423,25.7665946853631],[-80.2034563119922,25.7665886244809],[-80.2034774523622,25.7669971172527],[-80.2034788165089,25.767069936266],[-80.2034791695014,25.7670826159497],[-80.2037792941949,25.7670740174992],[-80.2037784556024,25.7670600073575],[-80.2037750482131,25.7669881574465],[-80.2037636185022,25.7667720640253],[-80.2037620654609,25.7667420224784],[-80.2037528921146,25.7665769611143],[-80.2039048511704,25.7665713437933],[-80.2040305966637,25.7665667880028],[-80.2041010963719,25.7665638400314],[-80.2041087793236,25.7665635191768],[-80.204193999292,25.766562870372],[-80.2043391497994,25.7665590414364],[-80.2044989218421,25.7665548255989],[-80.2045116308739,25.7669663755241],[-80.2045151483133,25.7670472056144],[-80.2054155463681,25.767023283243],[-80.2054152206669,25.7670039285931],[-80.2054143986342,25.7669396426026],[-80.205401774786,25.7665310006077],[-80.2055687085029,25.7665265934177],[-80.2057001297757,25.7665231259731],[-80.2057885046216,25.7665202557744],[-80.2057926071908,25.7665201824793],[-80.2057940484923,25.7665664919147],[-80.2058088517824,25.767009743564],[-80.2062137177756,25.766999050553]]]},"properties":{"FID":163,"M21_ZONE":"T5-L","Map_Code":"T5","Transect":"T5","Transect_D":"Urban Center Zone","Bldg_Heigh":" ","Intensity":"L","FLR":" ","Enact":"13114","Shape_STAr":561294.472874,"Shape_STLe":5876.0105772,"Shape__Area":64563.85546875,"Shape__Length":1990.1360611434259}},{"type":"Feature","id":175,"geometry":{"type":"Polygon","coordinates":[[[-80.19958655049,25.7898976170525],[-80.1999995272586,25.7898872880027],[-80.2000002418008,25.7898868938643],[-80.2000572956666,25.7916778962218],[-80.2000884557627,25.7920335135593],[-80.1999672726684,25.7920363114108],[-80.1998169996364,25.7920406433972],[-80.1996555166046,25.7920452574533],[-80.199648646467,25.7918803147445],[-80.1996429516789,25.7917384213184],[-80.1996411050546,25.791669225834],[-80.1996393099028,25.7916018684253],[-80.1996301142992,25.7913306467701],[-80.1996209175863,25.7910595938945],[-80.1996071510298,25.7909033824488],[-80.1995982961884,25.7906096352342],[-80.1995898985332,25.7903327411749],[-80.1995945987299,25.7901702694626],[-80.1995865520841,25.7898976766361],[-80.19958655049,25.7898976170525]]]},"properties":{"FID":175,"M21_ZONE":"T5-O","Map_Code":"T5","Transect":"T5","Transect_D":"Urban Center Zone","Bldg_Heigh":" ","Intensity":"O","FLR":" ","Enact":"13114","Shape_STAr":107937.394055,"Shape_STLe":1840.77107036,"Shape__Area":12420.603515625,"Shape__Length":625.6164571023437}},{"type":"Feature","id":176,"geometry":{"type":"Polygon","coordinates":[[[-80.1984747411753,25.7950264917867],[-80.1984735183275,25.794971840528],[-80.1984539289122,25.794119508911],[-80.1984536813812,25.7941087227044],[-80.1984127890527,25.7928245332088],[-80.1976368881328,25.792844779882],[-80.1976661628702,25.7937642977361],[-80.1975877262004,25.7937654545775],[-80.1974998443388,25.7937680603652],[-80.1971985066416,25.7937804976267],[-80.1971594014042,25.7937770150851],[-80.1969274066221,25.7937875986843],[-80.1967980165977,25.7937930745415],[-80.1967128068759,25.7937967200179],[-80.1966833002005,25.7928696564947],[-80.1966453737963,25.7915639458328],[-80.1971137045285,25.7915496432336],[-80.197110563776,25.7914471996654],[-80.1971062915328,25.791307572466],[-80.1967320121186,25.7913230489192],[-80.1966384777398,25.7913265346777],[-80.1965806548301,25.7893357831712],[-80.1987526252494,25.7892738564273],[-80.1987518299214,25.7892752926741],[-80.198794640241,25.7909947343025],[-80.1988105648028,25.7916922183621],[-80.1996411050546,25.791669225834],[-80.1996429516789,25.7917384213184],[-80.199648646467,25.7918803147445],[-80.1996555166046,25.7920452574533],[-80.1998169996364,25.7920406433972],[-80.1999672726684,25.7920363114108],[-80.2000884557627,25.7920335135593],[-80.2003259420687,25.7935770688897],[-80.200391657228,25.7952161173831],[-80.2003916770539,25.7952165805508],[-80.2003960788321,25.7954267981824],[-80.1984846633016,25.7954468384344],[-80.1984747411753,25.7950264917867]]]},"properties":{"FID":176,"M21_ZONE":"T3-O","Map_Code":"T3","Transect":"T3","Transect_D":"Sub-Urban Zone","Bldg_Heigh":" ","Intensity":"O","FLR":" ","Enact":"13114","Shape_STAr":1756279.5558,"Shape_STLe":7804.50703362,"Shape__Area":202103.591796875,"Shape__Length":2649.8251082785669}},{"type":"Feature","id":177,"geometry":{"type":"Polygon","coordinates":[[[-80.1987321541764,25.7885276004418],[-80.1987509787173,25.7891966248343],[-80.198750882986,25.789196627015],[-80.1987510537501,25.7891992573721],[-80.1987555542323,25.7892685676933],[-80.1987558912066,25.7892737642943],[-80.1987526252494,25.7892738564273],[-80.1965806548301,25.7893357831712],[-80.196559473204,25.7886065868815],[-80.196647420089,25.7886026451276],[-80.196867849528,25.7885949495907],[-80.1969800872157,25.7885910316261],[-80.1970216836915,25.7885895796186],[-80.1970391373031,25.7885892300566],[-80.1970387465588,25.7885769284067],[-80.1970571009578,25.788576362666],[-80.1974416144014,25.7885647282892],[-80.1976052141812,25.788554969643],[-80.197897275538,25.7885359458613],[-80.1979095327345,25.7885358654148],[-80.197910576501,25.7885686382298],[-80.1979215594948,25.788568407235],[-80.19821759269,25.7885518120753],[-80.1982910441937,25.7885501372168],[-80.1982905396233,25.7885342821141],[-80.1983635915583,25.7885330139164],[-80.19867568017,25.788529746358],[-80.1987321541764,25.7885276004418]]]},"properties":{"FID":177,"M21_ZONE":"T4-R","Map_Code":"T4","Transect":"T4","Transect_D":"General Urban Zone","Bldg_Heigh":" ","Intensity":"R","FLR":" ","Enact":"13114","Shape_STAr":193185.253255,"Shape_STLe":1990.48788682,"Shape__Area":22229.404296875,"Shape__Length":674.40638572309069}},{"type":"Feature","id":178,"geometry":{"type":"Polygon","coordinates":[[[-80.2133704006307,25.7828354346807],[-80.2127467926119,25.7826224396314],[-80.2126350528254,25.7825778081062],[-80.2125336864337,25.7825373180457],[-80.2119680246127,25.782311376991],[-80.211218312122,25.7819929188961],[-80.2107013258779,25.7818539843992],[-80.2103375807933,25.7817744006008],[-80.2100966589904,25.781555607021],[-80.2098897002389,25.7813401432372],[-80.2098849217438,25.7813351689514],[-80.2096158059944,25.7810549937275],[-80.2095504155804,25.7809864476755],[-80.2092997962299,25.7807237366758],[-80.2090076276929,25.7804174684948],[-80.2088856071397,25.7802979051127],[-80.2087650933487,25.7802255160713],[-80.208045218709,25.7798918166832],[-80.2079003884649,25.7798200636381],[-80.2078968115753,25.7797434668319],[-80.2078968421181,25.779711546537],[-80.2078968782462,25.7796762332056],[-80.2078967325062,25.7796409829723],[-80.2079781178454,25.7794833970284],[-80.2081054852117,25.7792363025411],[-80.2082107020221,25.7790512990321],[-80.2089713838629,25.7794161424549],[-80.2093922185792,25.7796164507917],[-80.2096122807233,25.7798537268101],[-80.2099749434584,25.7802137521912],[-80.2101472421003,25.780382162928],[-80.210428319533,25.7806568977344],[-80.2108303577392,25.7809777872255],[-80.2113930079465,25.7813270907014],[-80.212099252074,25.7816496271363],[-80.2133965166973,25.78215998163],[-80.2133825694909,25.7828395912943],[-80.2133704006307,25.7828354346807]]]},"properties":{"FID":178,"M21_ZONE":"T4-R","Map_Code":"T4","Transect":"T4","Transect_D":"General Urban Zone","Bldg_Heigh":" ","Intensity":"R","FLR":" ","Enact":"13114","Shape_STAr":583184.231764,"Shape_STLe":4789.54941922,"Shape__Area":67097.48046875,"Shape__Length":1623.4769422233476}},{"type":"Feature","id":180,"geometry":{"type":"Polygon","coordinates":[[[-80.2086978735103,25.7833325184155],[-80.2081745272853,25.7833543169036],[-80.2076511809167,25.783376114407],[-80.2072317028851,25.7833866892483],[-80.2072316689823,25.7833866899662],[-80.2072293766208,25.7833214907372],[-80.2072251695776,25.7831828720889],[-80.2072211335417,25.7830471753482],[-80.2072167759454,25.7829027103071],[-80.207212909745,25.7827701123848],[-80.2072082157675,25.7826191094099],[-80.2072043337286,25.7824887454575],[-80.2072098703285,25.7824885517704],[-80.2072075967085,25.7824367326313],[-80.2071932861737,25.7823646998266],[-80.2071858111099,25.7820784997715],[-80.2071655616553,25.7818825791432],[-80.207019540087,25.781704380813],[-80.2070787773718,25.7816625047334],[-80.2073641363476,25.7814776595058],[-80.2074529347085,25.7813870720747],[-80.2076309833059,25.7816049534516],[-80.2077470639588,25.781759164475],[-80.2078493196583,25.781915626267],[-80.2079825530106,25.782063098332],[-80.2081322384323,25.7821818354667],[-80.2082569267933,25.7822792114799],[-80.2085034217893,25.7824925944825],[-80.2086498376864,25.7826177076899],[-80.2088851302048,25.7828065365896],[-80.2090599761551,25.7829516632152],[-80.2092599595722,25.7831225480193],[-80.2094641796469,25.7833172214789],[-80.2095505600664,25.7834312028292],[-80.209469274951,25.7835123409665],[-80.2092764802148,25.7837150603879],[-80.2092033900821,25.7837772583507],[-80.2086978735103,25.7833325184155]]]},"properties":{"FID":180,"M21_ZONE":"T5-R","Map_Code":"T5","Transect":"T5","Transect_D":"Urban Center Zone","Bldg_Heigh":" ","Intensity":"R","FLR":" ","Enact":"13114","Shape_STAr":306079.341767,"Shape_STLe":2718.83546848,"Shape__Area":35216.515625,"Shape__Length":922.35371611097708}},{"type":"Feature","id":181,"geometry":{"type":"Polygon","coordinates":[[[-80.2037158610983,25.7868147019228],[-80.2033250609276,25.7862456312315],[-80.2032994833469,25.7856844102276],[-80.2031761275189,25.7854302506145],[-80.2028875632265,25.7850551964829],[-80.2028283052208,25.7849437059077],[-80.2030317176652,25.7849467466669],[-80.2030988567425,25.7849470241969],[-80.2048457305987,25.7849543506102],[-80.2048541017411,25.7849069232759],[-80.205157336428,25.7849277436483],[-80.2051594289448,25.7848613660475],[-80.205159521405,25.7848614053666],[-80.2052343392666,25.7848920781921],[-80.2052616150161,25.7849032323158],[-80.2053019489251,25.7849216780687],[-80.2053208730387,25.7849315842282],[-80.2053702773438,25.7849571310151],[-80.205436303801,25.7849960095525],[-80.2054625544241,25.7850134838142],[-80.2054996505785,25.785038141923],[-80.2055605071226,25.7850835264566],[-80.2056183034538,25.7851318170369],[-80.2056733794346,25.7851830317708],[-80.2057315126253,25.785244378277],[-80.2057360341704,25.7852499055208],[-80.2057852133704,25.7853089825988],[-80.2058345269234,25.7853764866357],[-80.2058788841544,25.7854467148791],[-80.2059182843627,25.7855193225172],[-80.2059525442354,25.785594137952],[-80.2059814726455,25.7856708153316],[-80.2060048845738,25.7857488400408],[-80.2060229694613,25.7858282095055],[-80.2060455231885,25.7865201084885],[-80.2060543255451,25.7866085106506],[-80.2068749252494,25.7865870367136],[-80.2069130658371,25.7878630145527],[-80.2069292784317,25.7883710260405],[-80.2069348692856,25.7884938693035],[-80.2069360261979,25.7885611176344],[-80.206710157519,25.7885373062206],[-80.2062631064065,25.788489557174],[-80.2056161360878,25.7883493813783],[-80.2051932779361,25.7881778706635],[-80.2048688211168,25.7880037861169],[-80.204673210717,25.7878618121854],[-80.2040382751939,25.7872271279436],[-80.2037158610983,25.7868147019228]]]},"properties":{"FID":181,"M21_ZONE":"CI","Map_Code":"CI","Transect":"CI","Transect_D":"Civic Institution Zone","Bldg_Heigh":" ","Intensity":" ","FLR":" ","Enact":"13114","Shape_STAr":1081044.53037,"Shape_STLe":4604.95977232,"Shape__Area":124389.458984375,"Shape__Length":1562.1122564997443}},{"type":"Feature","id":182,"geometry":{"type":"Polygon","coordinates":[[[-80.2030688883178,25.7835854550441],[-80.2030650803168,25.7835021267856],[-80.2047002531468,25.7834548307376],[-80.2046984831813,25.7833919370116],[-80.2046937009534,25.7832543451243],[-80.2046857633276,25.7830206145333],[-80.2046849983364,25.7829982345467],[-80.2046700315228,25.7825602056204],[-80.2031124632207,25.7826125527334],[-80.2030416175976,25.7826146677138],[-80.2030650803168,25.7835021267856],[-80.2015616304195,25.7835379750342],[-80.2012817408285,25.7830338295758],[-80.2012085801813,25.7829318635179],[-80.201068322394,25.782660009482],[-80.2009490824336,25.7824024992233],[-80.2007712138621,25.7819826988763],[-80.2007207995278,25.781820194025],[-80.2006655662225,25.7816354764409],[-80.2013228368779,25.7816208110102],[-80.2026110057257,25.7815920614497],[-80.2026191580287,25.7816561879927],[-80.2026283014188,25.7819645518952],[-80.2030184060895,25.7819572828822],[-80.203005217685,25.7815837588594],[-80.2030314570808,25.7815830550078],[-80.2046522499291,25.7815395020625],[-80.2046522898251,25.7815394995727],[-80.2046802289053,25.7815385212827],[-80.2062192226981,25.7814845654913],[-80.2067230902075,25.7814665996344],[-80.2067277424745,25.7818540039955],[-80.2067305427859,25.7820874086969],[-80.2067306424553,25.7820956567621],[-80.2067454722099,25.7824542561262],[-80.2067544021394,25.7826548251013],[-80.2067617839209,25.7831696769179],[-80.2067643917347,25.7834005485939],[-80.2067598325508,25.7834006826017],[-80.2067875934633,25.7841680365532],[-80.2067949119683,25.7843503757903],[-80.2067851295554,25.7843506383803],[-80.2066657612276,25.7843538354823],[-80.2063689097995,25.7843657805013],[-80.2030955651443,25.7844705928423],[-80.203093168743,25.7843910147137],[-80.2030688883178,25.7835854550441]],[[-80.2023345256104,25.7825625640007],[-80.2023302632593,25.7824785273578],[-80.2023188103453,25.7820953779624],[-80.2021635669639,25.7820988106888],[-80.2020118674222,25.7821021624927],[-80.2018570408318,25.7821055863458],[-80.2017036501103,25.7821089790986],[-80.2017153641352,25.782500933486],[-80.2017163260318,25.7825797527641],[-80.2023345256104,25.7825625640007]]]},"properties":{"FID":182,"M21_ZONE":"T5-R","Map_Code":"T5","Transect":"T5","Transect_D":"Urban Center Zone","Bldg_Heigh":" ","Intensity":"R","FLR":" ","Enact":"13114","Shape_STAr":1505211.9621,"Shape_STLe":8603.54569552,"Shape__Area":173184.740234375,"Shape__Length":2916.4820589453934}},{"type":"Feature","id":183,"geometry":{"type":"Polygon","coordinates":[[[-80.2072316689823,25.7833866899662],[-80.2067643887438,25.7834005485776],[-80.2067617839209,25.7831696769179],[-80.2067544021394,25.7826548251013],[-80.2067454722099,25.7824542561262],[-80.2067306424553,25.7820956567621],[-80.2067305427859,25.7820874086969],[-80.2067277424745,25.7818540039955],[-80.2067230902075,25.7814665996344],[-80.2068131441304,25.7814649215492],[-80.207019540087,25.781704380813],[-80.2071655616553,25.7818825791432],[-80.2071858111099,25.7820784997715],[-80.2071932861737,25.7823646998266],[-80.2072075967085,25.7824367326313],[-80.2072098703285,25.7824885517704],[-80.2072043337286,25.7824887454575],[-80.2072082157675,25.7826191094099],[-80.207212909745,25.7827701123848],[-80.2072167759454,25.7829027103071],[-80.2072211335417,25.7830471753482],[-80.2072251695776,25.7831828720889],[-80.2072293766208,25.7833214907372],[-80.2072316689823,25.7833866899662]]]},"properties":{"FID":183,"M21_ZONE":"T5-O","Map_Code":"T5","Transect":"T5","Transect_D":"Urban Center Zone","Bldg_Heigh":" ","Intensity":"O","FLR":" ","Enact":"13114","Shape_STAr":95874.639235,"Shape_STLe":1627.02448254,"Shape__Area":11030.984375,"Shape__Length":552.91554182240986}},{"type":"Feature","id":184,"geometry":{"type":"Polygon","coordinates":[[[-80.2028283052208,25.7849437059077],[-80.2025863137318,25.7848156683526],[-80.2025827203114,25.7847029843891],[-80.2025802064467,25.7846049428122],[-80.2025790488068,25.7845685813323],[-80.2025764577307,25.7844873042506],[-80.2030955651443,25.7844705928423],[-80.2031012047152,25.7846474574125],[-80.2031025415554,25.7846894018609],[-80.2030988567425,25.7849470241969],[-80.2030317176652,25.7849467466669],[-80.2028283052208,25.7849437059077]]]},"properties":{"FID":184,"M21_ZONE":"T5-R","Map_Code":"T5","Transect":"T5","Transect_D":"Urban Center Zone","Bldg_Heigh":" ","Intensity":"R","FLR":" ","Enact":"13114","Shape_STAr":26969.8604895,"Shape_STLe":644.814053831,"Shape__Area":3103.1640625,"Shape__Length":218.713787816502}},{"type":"Feature","id":191,"geometry":{"type":"Polygon","coordinates":[[[-80.1716151641369,25.7903112669406],[-80.1749258486727,25.7901679311122],[-80.1781704553418,25.7900131576165],[-80.1781757401224,25.7901356034246],[-80.1781880718761,25.7904682331527],[-80.1781943128284,25.7905273339549],[-80.1786418640767,25.7905196313236],[-80.1786534777167,25.7909843176813],[-80.1784496118545,25.7909929690682],[-80.1782246558584,25.7910025282258],[-80.1779890610089,25.7910125477367],[-80.177694756267,25.791025155924],[-80.17739266136,25.7910380642678],[-80.1771604864023,25.7910479275643],[-80.1769245105746,25.7910579413865],[-80.1766163353247,25.7910711576148],[-80.1763927101243,25.7910807241741],[-80.176091564181,25.7910936351829],[-80.1755555849813,25.7911163912322],[-80.1752481692457,25.7911296088602],[-80.1750277726332,25.7911388477153],[-80.1747952173337,25.7911488774759],[-80.1744773532903,25.7911623781009],[-80.1741820988526,25.7911749737746],[-80.1740753198625,25.7911795279047],[-80.1739768961609,25.7911848136118],[-80.1737369107819,25.7911975525483],[-80.17343023403,25.7912138638882],[-80.1731243159415,25.7912301797953],[-80.1728885131509,25.7912427659927],[-80.172659360035,25.7912548769286],[-80.1723545813814,25.7912711976935],[-80.172296438436,25.7912739620049],[-80.1722094762358,25.7912698574315],[-80.1721239115506,25.7912556132256],[-80.1720412660335,25.791231069257],[-80.1719628711429,25.7911967476186],[-80.171890042963,25.7911535169337],[-80.1718244928064,25.7911019014624],[-80.1717667820115,25.7910427637288],[-80.1717184226669,25.7909773164811],[-80.1716799758719,25.7909065982575],[-80.1716521938091,25.790831984467],[-80.1716387321187,25.7907737864911],[-80.171631544665,25.7907147649284],[-80.1716281291123,25.7906322076171],[-80.1716214906412,25.7904669216836],[-80.1716205051812,25.7904447344722],[-80.171617917928,25.7903797202684],[-80.1716151641369,25.7903112669406]]]},"properties":{"FID":191,"M21_ZONE":"T3-R","Map_Code":"T3","Transect":"T3","Transect_D":"Sub-Urban Zone","Bldg_Heigh":" ","Intensity":"R","FLR":" ","Enact":"13114","Shape_STAr":785812.951374,"Shape_STLe":5233.96952953,"Shape__Area":90424.44140625,"Shape__Length":1771.877058200517}},{"type":"Feature","id":192,"geometry":{"type":"Polygon","coordinates":[[[-80.1781704553418,25.7900131576165],[-80.179469356876,25.7899511755647],[-80.1794764893447,25.7900736489247],[-80.1794778549436,25.7900960106611],[-80.1795124766497,25.7906954673287],[-80.1795112552911,25.7907350098788],[-80.179503198914,25.7907739984615],[-80.1794883177997,25.7908112281011],[-80.1794673755871,25.7908458446869],[-80.1794405696215,25.7908769891077],[-80.1794086631853,25.790904149353],[-80.1793726115357,25.7909263008897],[-80.1793329883488,25.7909431012382],[-80.1792909357822,25.7909540405268],[-80.1792475976035,25.7909589546074],[-80.1791332182165,25.7909638134795],[-80.178902374496,25.790973686173],[-80.1786534777167,25.7909843176813],[-80.1786418640767,25.7905196313236],[-80.1781943128284,25.7905273339549],[-80.1781880718761,25.7904682331527],[-80.1781757401224,25.7901356034246],[-80.1781704553418,25.7900131576165]]]},"properties":{"FID":192,"M21_ZONE":"T5-R","Map_Code":"T5","Transect":"T5","Transect_D":"Urban Center Zone","Bldg_Heigh":" ","Intensity":"R","FLR":" ","Enact":"13114","Shape_STAr":128663.458853,"Shape_STLe":1541.76136506,"Shape__Area":14805.34375,"Shape__Length":522.87395360977166}},{"type":"Feature","id":207,"geometry":{"type":"Polygon","coordinates":[[[-80.2001187946391,25.7633402464438],[-80.2001059517657,25.7632671648373],[-80.2000221719869,25.7629811575853],[-80.2000126733612,25.7628599188885],[-80.1999823140087,25.7624471983757],[-80.1999822719556,25.7624466312789],[-80.1999814042771,25.7623550822101],[-80.1999800987731,25.7623166608559],[-80.1999755597467,25.7621137232524],[-80.2003231856457,25.7623461554466],[-80.2006244575912,25.7625465670393],[-80.2006483308042,25.7633267884315],[-80.2001187946391,25.7633402464438]]]},"properties":{"FID":207,"M21_ZONE":"T5-O","Map_Code":"T5","Transect":"T5","Transect_D":"Urban Center Zone","Bldg_Heigh":" ","Intensity":"O","FLR":" ","Enact":"14406","Shape_STAr":73054.7163102,"Shape_STLe":1173.52278466,"Shape__Area":8402.623046875,"Shape__Length":398.42260923222369}},{"type":"Feature","id":208,"geometry":{"type":"Polygon","coordinates":[[[-80.200279224976,25.7616146931963],[-80.2003038374399,25.7616448957648],[-80.2009192417937,25.7624001044928],[-80.2007046191302,25.7625461605352],[-80.2006244575912,25.7625465670393],[-80.2003231856457,25.7623461554466],[-80.1999755597467,25.7621137232524],[-80.1998768065225,25.7620476930485],[-80.1998838248334,25.7618985845543],[-80.1997657759495,25.761819088059],[-80.1998567611392,25.7617311427011],[-80.1998955314365,25.7616936682555],[-80.1999318112676,25.7617032471202],[-80.1999386254326,25.7617050456465],[-80.1999924280208,25.7616670815103],[-80.2001051924401,25.7615873136593],[-80.2001085774657,25.761591355382],[-80.2002044336021,25.7615229103876],[-80.200279224976,25.7616146931963]]]},"properties":{"FID":208,"M21_ZONE":"T4-O","Map_Code":"T4","Transect":"T4","Transect_D":"General Urban Zone","Bldg_Heigh":" ","Intensity":"O","FLR":" ","Enact":"13114","Shape_STAr":62938.0005678,"Shape_STLe":1108.13632959,"Shape__Area":7238.9296875,"Shape__Length":375.80008256892819}},{"type":"Feature","id":209,"geometry":{"type":"Polygon","coordinates":[[[-80.2074019654498,25.7650237821542],[-80.2073695899631,25.7640734749358],[-80.2073695107081,25.7640711492696],[-80.2073422976464,25.763272365962],[-80.2073422173953,25.76327004029],[-80.2073390824887,25.7631780076416],[-80.2073390051681,25.7631756910122],[-80.2073381294936,25.7630963556526],[-80.2073381040843,25.7630940275712],[-80.207371926753,25.7630886008534],[-80.2076155493453,25.7630860792141],[-80.2077499331952,25.7630778337871],[-80.2080449243762,25.7630708276963],[-80.2080468266286,25.7630707829837],[-80.208558047764,25.7630586443626],[-80.2113446508363,25.7629742798959],[-80.2112941742753,25.7613943195005],[-80.2112878472144,25.7611962736013],[-80.2112815440263,25.7609989914716],[-80.2112651849557,25.7608513486723],[-80.2114840078779,25.7608737880128],[-80.211677323129,25.7609098534702],[-80.2125826293604,25.7608929098293],[-80.2142665100438,25.760875886414],[-80.2142815359924,25.7608754376577],[-80.2142815798625,25.7608754360892],[-80.2143867345996,25.7608722928009],[-80.2143877036889,25.7608722646325],[-80.2144908215332,25.7608691815862],[-80.2145821078385,25.7608664534637],[-80.21459731924,25.7608659975514],[-80.2147631809528,25.7608610395071],[-80.214763146421,25.7608587122772],[-80.2161238280385,25.7608185523787],[-80.2162930489515,25.7608222445704],[-80.217348680984,25.760787987655],[-80.2178288240586,25.7607941545142],[-80.2181969362755,25.7607838738676],[-80.2181982323667,25.7607838384034],[-80.2182793339984,25.7608019822236],[-80.2183078308956,25.7612117664426],[-80.2183267718932,25.76168343229],[-80.218340804361,25.7621218007916],[-80.2183601701582,25.7627268162643],[-80.2183806054265,25.7632451022326],[-80.218385501795,25.7633436036511],[-80.2184056503347,25.7637489054492],[-80.2189344017992,25.7637397744153],[-80.2189421028801,25.7638748140862],[-80.2189462158152,25.7640007944134],[-80.2189507862794,25.7641441442716],[-80.218955366701,25.7642855164639],[-80.2189597933545,25.7644219015636],[-80.21896424533,25.7645538087266],[-80.2194299919062,25.7645379416599],[-80.2194767778688,25.764536876475],[-80.2195994281691,25.7645340787428],[-80.2197604759203,25.7645296128228],[-80.2199120110186,25.7645254125756],[-80.2200563635378,25.7645214101801],[-80.2202180014874,25.7645169306677],[-80.2203905090469,25.7645121445208],[-80.2205705474303,25.7645031361581],[-80.220762664371,25.764496296323],[-80.2209187110199,25.7644907399215],[-80.2210673154757,25.7644854477218],[-80.2212004243236,25.7644807097376],[-80.2213516121772,25.7644753272639],[-80.221501400128,25.7644699940131],[-80.221659519642,25.7644643648581],[-80.2218084879719,25.7644590612088],[-80.2219581891431,25.7644537315364],[-80.2220919669974,25.7644489665238],[-80.2221071514859,25.7644484257437],[-80.2222731020088,25.7644425164256],[-80.2223108236996,25.7644412845523],[-80.2226048233689,25.7644468005335],[-80.2227486720092,25.7644419325425],[-80.2229099623133,25.7644364733123],[-80.2230623866893,25.7644313159081],[-80.2232107340681,25.7644262945516],[-80.22336484349,25.7644210763181],[-80.2235234277186,25.764415708482],[-80.2238218264011,25.7644056069656],[-80.2239760593982,25.7644003878402],[-80.2241314968685,25.7643951235198],[-80.2242905546424,25.7643897411228],[-80.2244562877928,25.7643841269323],[-80.2246396169457,25.7643805542142],[-80.2248184009922,25.7643761347406],[-80.2249630844328,25.7643725607033],[-80.2251060390644,25.76436902877],[-80.2252584612608,25.7643652618485],[-80.2254079891472,25.76436156602],[-80.2255592298781,25.7643578286022],[-80.2257136351088,25.764354011276],[-80.2258696564577,25.764350157248],[-80.2260101604305,25.7643466836047],[-80.226170429033,25.7643427209529],[-80.2263282619463,25.7643388182935],[-80.226498562393,25.7643346089186],[-80.2265761869432,25.7643299638127],[-80.2265534183763,25.7636882928425],[-80.2275763269203,25.7636582473914],[-80.2278086074759,25.7636507132015],[-80.2278127657864,25.763753716579],[-80.2278283419327,25.7641346812254],[-80.2278360315482,25.7643255940373],[-80.2278424316552,25.7644806988641],[-80.2278505434591,25.7645673761035],[-80.2278566541593,25.7645832429092],[-80.2268584133755,25.764602870974],[-80.2266110376196,25.7646091815493],[-80.2266103131563,25.764720981544],[-80.2250192925804,25.7647649536872],[-80.2249738829529,25.7647662085128],[-80.223222163664,25.764814601132],[-80.2230780001371,25.7648195365044],[-80.2229313424615,25.764821260311],[-80.2224909996336,25.7648337710656],[-80.221767681094,25.7648557774986],[-80.2217551332544,25.7648561599326],[-80.2204923262376,25.7648945760355],[-80.219495446076,25.7649089209001],[-80.2194843658168,25.7646871794004],[-80.2194376358057,25.7646892829398],[-80.2189690518566,25.7647046554858],[-80.2185187010891,25.7647194293693],[-80.2183643386058,25.7647154195812],[-80.2180064849086,25.7647281141796],[-80.217974008242,25.7647286275217],[-80.2175906971598,25.7647428172234],[-80.2174341078799,25.7647019950598],[-80.2170135942407,25.7647134909954],[-80.2169724156691,25.7647090558906],[-80.2165951258694,25.7647174252572],[-80.216278181211,25.7647174404521],[-80.2158825499046,25.7647284623088],[-80.2158475943901,25.7647305974321],[-80.2154650215783,25.7647477073992],[-80.2152990156831,25.7647530029602],[-80.2149214722335,25.7647706603428],[-80.2148739097792,25.7647698838739],[-80.2145500886519,25.7647761334627],[-80.2144001023638,25.7647795619992],[-80.2144046163176,25.7648782681176],[-80.2138704757005,25.7648887823907],[-80.2127094744532,25.7649116270058],[-80.2114045264835,25.7649434637051],[-80.2100676731779,25.7649371607701],[-80.2098865672198,25.7649431246229],[-80.2088200589737,25.7649782433443],[-80.2083459437873,25.7649942114124],[-80.2080960758008,25.7650026252415],[-80.2074020446995,25.7650261087228],[-80.2074019654498,25.7650237821542]]]},"properties":{"FID":209,"M21_ZONE":"T3-O","Map_Code":"T3","Transect":"T3","Transect_D":"Sub-Urban Zone","Bldg_Heigh":" ","Intensity":"O","FLR":" ","Enact":"13114","Shape_STAr":4797347.69281,"Shape_STLe":17034.6063177,"Shape__Area":551789.708984375,"Shape__Length":5768.14902989137}},{"type":"Feature","id":210,"geometry":{"type":"Polygon","coordinates":[[[-80.2003187782943,25.7595274241499],[-80.2002849952815,25.7594889480394],[-80.200040418178,25.7596430564373],[-80.2000525215529,25.7595292298298],[-80.2000664769605,25.759345486689],[-80.200073412533,25.7591039252592],[-80.2000789110447,25.7589915842203],[-80.2000835139241,25.7588996977877],[-80.2000927079182,25.7587190155372],[-80.2000944482194,25.7586848145551],[-80.2001056275889,25.7584617618471],[-80.2001281731664,25.758271014343],[-80.2001510108364,25.7580652230143],[-80.2001734325654,25.7578640726368],[-80.2001908100337,25.7577077735428],[-80.2002106160101,25.757529394448],[-80.2002314299048,25.7573419031834],[-80.2002766771023,25.7571637468684],[-80.2003210264569,25.7569828523674],[-80.2011948760357,25.7563482912156],[-80.204324189306,25.7541704083117],[-80.2048974716294,25.7537685832426],[-80.2068024405051,25.752450299439],[-80.2076952167428,25.7518006722559],[-80.2077843947706,25.7517357826995],[-80.2078412249729,25.7516944280452],[-80.2082106104742,25.7521038169892],[-80.2090730144311,25.7515469867382],[-80.2099514438798,25.7510229900815],[-80.2107770237561,25.7506553086068],[-80.2107866365953,25.7506510270593],[-80.2109810194866,25.7505644560958],[-80.2114301125357,25.7511697236186],[-80.2128671005604,25.7511073396922],[-80.2131091905227,25.7514141916407],[-80.2131126590737,25.7514185918748],[-80.2129992651542,25.7514977385926],[-80.2129147787224,25.7515538567715],[-80.2128611890064,25.7515894187587],[-80.2127990165559,25.7516306959756],[-80.2127351267748,25.751673168925],[-80.2126781029636,25.7517110330025],[-80.2126168847802,25.751751627475],[-80.2125478461498,25.7517975116139],[-80.2124948266057,25.7518327326329],[-80.2124280765622,25.7518770801336],[-80.2123676205324,25.7519172489557],[-80.2123020147308,25.7519608290102],[-80.2122299238732,25.7520086723937],[-80.2121733488968,25.7520499173332],[-80.2121697863832,25.7520525103426],[-80.2121802977658,25.7520652386907],[-80.2121839525292,25.7520696634229],[-80.2121194924776,25.7521119371298],[-80.2120649334049,25.7521506772326],[-80.2120065541452,25.7521922327833],[-80.2119416905467,25.7522383937662],[-80.2118873218714,25.752276962423],[-80.2118237920271,25.7523221863928],[-80.2117778142813,25.7523549530262],[-80.2117257322119,25.7523919841393],[-80.2116648729386,25.7524353332371],[-80.2115950510903,25.7524849938885],[-80.211538008352,25.7525256114003],[-80.2114765791322,25.7525692127813],[-80.2114233519456,25.7526070996162],[-80.2113337190611,25.7526680064399],[-80.2112955021403,25.752625101139],[-80.2112162923401,25.7526782834598],[-80.2111453306203,25.7527276822617],[-80.2110915369825,25.7527651353358],[-80.2110255341805,25.7528110333686],[-80.2109643012463,25.7528536905095],[-80.2109049741016,25.7528949823055],[-80.2108786503856,25.7529133251172],[-80.2108507998515,25.7529326922864],[-80.2107909028025,25.752974238202],[-80.2107233743852,25.7530212462127],[-80.210666909184,25.7530606614565],[-80.2105974733974,25.7531089498632],[-80.21054520581,25.7531452917087],[-80.2103622457266,25.7532759328694],[-80.2102918564211,25.7533247304667],[-80.210231960685,25.7533660188935],[-80.2101709199777,25.7534081604112],[-80.2101165564632,25.7534457824264],[-80.2100496007573,25.7534920205464],[-80.2100286174469,25.7535064358355],[-80.2099975254858,25.7535280193192],[-80.2099359106464,25.7535705881858],[-80.2098742983302,25.7536130703841],[-80.2098081063564,25.7536587953118],[-80.2097533591695,25.7536966723604],[-80.2096886944955,25.7537412880343],[-80.2095303301192,25.7538563274315],[-80.2094506310511,25.7539059351954],[-80.2093899985856,25.7539436925899],[-80.2093798941434,25.7539499138811],[-80.2093240284881,25.7539846055386],[-80.2092561504949,25.7540268819353],[-80.2092006651049,25.7540614871488],[-80.2090637112811,25.7541551455821],[-80.2089231285924,25.7542512791026],[-80.2087957088503,25.754338542315],[-80.2087982297791,25.7543415320662],[-80.2087123777066,25.7544012743791],[-80.2086879098671,25.7543724532338],[-80.2083183676405,25.7539371683603],[-80.2082872151325,25.7539004721499],[-80.2079978580442,25.7535596330438],[-80.2071359571538,25.754161429403],[-80.207790495888,25.7549380074244],[-80.2077939731537,25.7549421307141],[-80.2077102692709,25.7550069660469],[-80.2073892102359,25.7552305662471],[-80.2073527735402,25.755256075479],[-80.2070294130861,25.7554827584285],[-80.2069128751584,25.7555562487284],[-80.2067690525392,25.7556585411083],[-80.206483868492,25.7558535418198],[-80.2064414739111,25.7558847195059],[-80.2061502430713,25.75608606022],[-80.2060415218917,25.7561581752502],[-80.2060401958602,25.7561565748346],[-80.2059562538012,25.7562146866551],[-80.2056686100817,25.7564092336019],[-80.2056142460971,25.7564465090537],[-80.2053278827107,25.7566484559246],[-80.2052352418535,25.7567124403385],[-80.2052321555932,25.7567145718069],[-80.2052600868442,25.7567579198759],[-80.205263185727,25.7567627271758],[-80.2051700624297,25.7568232490395],[-80.205039199379,25.7569134976779],[-80.2050335245846,25.7569174085808],[-80.2049096716513,25.7570027235586],[-80.2048448138698,25.757047508348],[-80.2047767102825,25.7570944236941],[-80.2046481356434,25.7571829676191],[-80.2045277644129,25.757265965212],[-80.2044566971091,25.7573140818888],[-80.2044172808941,25.7573407682854],[-80.2044170928061,25.7573420688841],[-80.2044169444772,25.7573430871695],[-80.2041267925119,25.757537201115],[-80.2040175083066,25.757611902111],[-80.203945784643,25.757660775877],[-80.2038221770758,25.7577447896082],[-80.2036962788928,25.7578304208935],[-80.2035095628228,25.757952606279],[-80.2033859546633,25.7580366178168],[-80.2032575769871,25.7581238707485],[-80.2031940559939,25.7581671140385],[-80.2031280550895,25.7582119775282],[-80.2029918546512,25.7583046899722],[-80.2028627150031,25.7583923680335],[-80.2026860771158,25.758512115279],[-80.2025569330126,25.7586003932984],[-80.2024274062215,25.7586889290663],[-80.2023709402348,25.7587276531377],[-80.2022978786788,25.758777548657],[-80.2021637730513,25.7588692418467],[-80.2020397780736,25.7589540236501],[-80.2019518984162,25.7590178514564],[-80.2019005075159,25.7589555294812],[-80.2018111089244,25.7590170823121],[-80.2016273944673,25.7591441812527],[-80.2014991939402,25.7592328958448],[-80.2013803427231,25.7593151264007],[-80.2012595823077,25.7593987220236],[-80.2011384408034,25.7594824878578],[-80.2010186351461,25.7595653149385],[-80.2009007362228,25.759646948244],[-80.2007816771139,25.7597316702774],[-80.2006681504572,25.7598124680649],[-80.2006074424698,25.75985617876],[-80.200603617001,25.7598518223121],[-80.2003187782943,25.7595274241499]]]},"properties":{"FID":210,"M21_ZONE":"T3-R","Map_Code":"T3","Transect":"T3","Transect_D":"Sub-Urban Zone","Bldg_Heigh":" ","Intensity":"R","FLR":" ","Enact":"13114","Shape_STAr":4007304.1665,"Shape_STLe":12468.640733,"Shape__Area":460854.099609375,"Shape__Length":4226.7921169627471}},{"type":"Feature","id":212,"geometry":{"type":"Polygon","coordinates":[[[-80.2107770237561,25.7506553086068],[-80.2099514438798,25.7510229900815],[-80.2090730144311,25.7515469867382],[-80.2082106104742,25.7521038169892],[-80.2078412249729,25.7516944280452],[-80.2079702614227,25.7516248673299],[-80.2086554406183,25.751153983914],[-80.2093595744119,25.7507073081777],[-80.2099551223229,25.7504199442926],[-80.2103431480217,25.7502658914698],[-80.2107851004512,25.750090429136],[-80.2118023577709,25.7497689609762],[-80.2119094728738,25.7497300784297],[-80.21191380241,25.7497385705759],[-80.2121510097427,25.7501840482599],[-80.2120466299515,25.7502228347504],[-80.2109810194866,25.7505644560958],[-80.2107866365953,25.7506510270593],[-80.2107770237561,25.7506553086068]]]},"properties":{"FID":212,"M21_ZONE":"T4-R","Map_Code":"T4","Transect":"T4","Transect_D":"General Urban Zone","Bldg_Heigh":" ","Intensity":"R","FLR":" ","Enact":"13114","Shape_STAr":287401.130776,"Shape_STLe":3385.68565678,"Shape__Area":33049.888671875,"Shape__Length":1146.7670891686075}},{"type":"Feature","id":224,"geometry":{"type":"Polygon","coordinates":[[[-80.2082872151325,25.7539004721499],[-80.2083183676405,25.7539371683603],[-80.2086879098671,25.7543724532338],[-80.2087123777066,25.7544012743791],[-80.2090442106284,25.754786994469],[-80.2081857084653,25.7553811761793],[-80.2077939731537,25.7549421307141],[-80.207790495888,25.7549380074244],[-80.2071359571538,25.754161429403],[-80.2079978580442,25.7535596330438],[-80.2082872151325,25.7539004721499]]]},"properties":{"FID":224,"M21_ZONE":"CI","Map_Code":"CI","Transect":"CI","Transect_D":"Civic Institution Zone","Bldg_Heigh":" ","Intensity":" ","FLR":" ","Enact":"13114","Shape_STAr":201693.138543,"Shape_STLe":1839.62682406,"Shape__Area":23195.234375,"Shape__Length":623.94760403404121}},{"type":"Feature","id":225,"geometry":{"type":"Polygon","coordinates":[[[-80.2070894322671,25.7561399097534],[-80.2069918881048,25.756207420554],[-80.2065240611668,25.7565311991422],[-80.2064156079916,25.75660960289],[-80.2060415218917,25.7561581752502],[-80.2061502430713,25.75608606022],[-80.2064414739111,25.7558847195059],[-80.206483868492,25.7558535418198],[-80.2067690525392,25.7556585411083],[-80.2069128751584,25.7555562487284],[-80.2072848897428,25.7560046363124],[-80.2070894322671,25.7561399097534]]]},"properties":{"FID":225,"M21_ZONE":"CI","Map_Code":"CI","Transect":"CI","Transect_D":"Civic Institution Zone","Bldg_Heigh":" ","Intensity":" ","FLR":" ","Enact":"13114","Shape_STAr":73403.6731337,"Shape_STLe":1130.61264506,"Shape__Area":8441.833984375,"Shape__Length":383.35303895369685}},{"type":"Feature","id":226,"geometry":{"type":"Polygon","coordinates":[[[-80.2033070787539,25.75133237582],[-80.2032609236646,25.7512774504184],[-80.2030025640517,25.7509700078716],[-80.2030036004731,25.7509692878104],[-80.2034601085105,25.7506612130842],[-80.2035959072627,25.7505724956009],[-80.2040411204254,25.7511136936156],[-80.2042225046127,25.7513341798497],[-80.2041494539523,25.7513768146497],[-80.2040022633052,25.7514675780539],[-80.203875663368,25.7515457264598],[-80.2037519234459,25.7516219993306],[-80.2036262520562,25.7517068863901],[-80.2034150629022,25.7514608754118],[-80.2033070787539,25.75133237582]]]},"properties":{"FID":226,"M21_ZONE":"T5-L","Map_Code":"T5","Transect":"T5","Transect_D":"Urban Center Zone","Bldg_Heigh":" ","Intensity":"L","FLR":" ","Enact":"13114","Shape_STAr":82053.1589129,"Shape_STLe":1164.18031665,"Shape__Area":9435.7890625,"Shape__Length":394.81730263004187}},{"type":"Feature","id":227,"geometry":{"type":"Polygon","coordinates":[[[-80.2052484322898,25.7511497011157],[-80.2048972726343,25.7513673673959],[-80.2048225986822,25.7512864807605],[-80.2044206403376,25.7508510606662],[-80.2039782595432,25.7503718491978],[-80.2064471121341,25.7501532907739],[-80.2065316179038,25.7501791664218],[-80.2067207444662,25.7502370686236],[-80.2066552040687,25.7502776947978],[-80.2052927163695,25.751122251176],[-80.2052484322898,25.7511497011157]]]},"properties":{"FID":227,"M21_ZONE":"T5-O","Map_Code":"T5","Transect":"T5","Transect_D":"Urban Center Zone","Bldg_Heigh":" ","Intensity":"O","FLR":" ","Enact":"13114","Shape_STAr":186684.325388,"Shape_STLe":2110.61448589,"Shape__Area":21467.875,"Shape__Length":714.7562965928438}},{"type":"Feature","id":228,"geometry":{"type":"Polygon","coordinates":[[[-80.2030192403152,25.7492047383526],[-80.2021199107333,25.748110241995],[-80.2021432897397,25.7481024438784],[-80.2022101972207,25.7481484648971],[-80.2023111329195,25.7481033633712],[-80.2024318414088,25.7480349452812],[-80.2025664810513,25.748151291002],[-80.2025741274741,25.748149695458],[-80.202613919681,25.7481333198532],[-80.2026487635951,25.7481189797091],[-80.2028858855854,25.7480092802261],[-80.2029114067296,25.7479975563311],[-80.2031667139939,25.7478947474904],[-80.2034490505021,25.7477811684327],[-80.2037458577814,25.747661732985],[-80.2040297181377,25.7475475590389],[-80.2043131976697,25.7474334672966],[-80.2045833948306,25.747324735523],[-80.2046895492986,25.7473003478639],[-80.205031843957,25.7471654230715],[-80.2051329284242,25.7470975364465],[-80.2053352883814,25.7469617631176],[-80.2054023506415,25.7469849129611],[-80.2055031699035,25.7469854630273],[-80.2056251216821,25.7469204411863],[-80.2056897158504,25.7469148603665],[-80.2057335316972,25.7468943175176],[-80.2057337326525,25.7469041169347],[-80.2067841121891,25.7482173966037],[-80.2068706128855,25.7483360605014],[-80.2066868243335,25.7484626226042],[-80.2066815284942,25.7484662720731],[-80.2051400911486,25.7495277426153],[-80.2039782595432,25.7503718491978],[-80.2039535162089,25.7503417367802],[-80.2030623895785,25.7492572499294],[-80.2030192403152,25.7492047383526]]]},"properties":{"FID":228,"M21_ZONE":"T1","Map_Code":"T1","Transect":"T1","Transect_D":"Natural Zone","Bldg_Heigh":" ","Intensity":" ","FLR":" ","Enact":"13114","Shape_STAr":975595.775266,"Shape_STLe":4209.41647118,"Shape__Area":112184.701171875,"Shape__Length":1426.8897851196582}},{"type":"Feature","id":229,"geometry":{"type":"Polygon","coordinates":[[[-80.2066815284942,25.7484662720731],[-80.2066868243335,25.7484626226042],[-80.2068706128855,25.7483360605014],[-80.2067841121891,25.7482173966037],[-80.2057337326525,25.7469041169347],[-80.2057335316972,25.7468943175176],[-80.2058083717388,25.7468592287656],[-80.2059114587381,25.7468459333529],[-80.206026783214,25.7468062387372],[-80.2061238414129,25.7467728063679],[-80.206205404169,25.7467279403882],[-80.2063288916559,25.7466600026144],[-80.2065272297937,25.7465285916661],[-80.2065495252487,25.7465166762337],[-80.2067475553104,25.7464107217854],[-80.2067895280787,25.7463910540763],[-80.2069332663314,25.7463275218093],[-80.2071025646857,25.7462674286699],[-80.2072156117236,25.7462272919312],[-80.2074006722898,25.7461510030481],[-80.2077479433453,25.7460079333962],[-80.2079401182856,25.7459180145054],[-80.2083995088887,25.7457029858209],[-80.2084682649326,25.7456708612205],[-80.2086464839258,25.7454807862838],[-80.2087868364384,25.7453311736474],[-80.2088875328557,25.74517790724],[-80.2088815193699,25.7451685013969],[-80.208877029892,25.7451583311589],[-80.2088744414436,25.7451476558311],[-80.2088737543078,25.7451367335747],[-80.2088749662186,25.7451259064839],[-80.2088780740224,25.7451153496567],[-80.2088828876788,25.7451053148043],[-80.2092202484784,25.744536682963],[-80.2092136731792,25.7445263271964],[-80.2092090017187,25.7445150402969],[-80.2092064216467,25.7445032475313],[-80.2092059312478,25.7444912079527],[-80.2092077190322,25.7444793522488],[-80.2092115924969,25.7444678526841],[-80.2092175508024,25.7444571371128],[-80.209225398462,25.7444473768806],[-80.2092347574415,25.7444389174569],[-80.2092456240626,25.7444320133706],[-80.2092576214628,25.7444268331771],[-80.209260109537,25.74442617511],[-80.2092779096562,25.7444277602329],[-80.2092942079551,25.7444223930684],[-80.2092967628043,25.7444224881782],[-80.2093096573554,25.7444249655677],[-80.2093314362532,25.7444101304083],[-80.2093513593916,25.7444035688441],[-80.2093600675109,25.7443942086388],[-80.2093849069285,25.7443869426077],[-80.2094165238339,25.7443719821153],[-80.2094203843879,25.7443693573872],[-80.2094798279575,25.7444070391767],[-80.2095070404877,25.7444655878161],[-80.2095398139036,25.7445053995135],[-80.209605975647,25.7446355009365],[-80.2096358057484,25.7447473484377],[-80.209645066323,25.744753761515],[-80.2096529924053,25.74476137059],[-80.209659579144,25.7447700050347],[-80.2096648332481,25.744779404018],[-80.2096681847452,25.7447893974557],[-80.2096700151059,25.7447997229399],[-80.209670137063,25.7448102133658],[-80.209675207138,25.7448471270093],[-80.2096867430287,25.7448827831367],[-80.2097045590458,25.744916325021],[-80.2097277095175,25.7449469730499],[-80.2097403547674,25.7449582183513],[-80.209754725901,25.7449674104479],[-80.209770629289,25.7449742892261],[-80.2097876863373,25.7449786820294],[-80.2098051441782,25.7449804945068],[-80.2098195650807,25.7449818626459],[-80.2098335920454,25.7449853778698],[-80.2098468459184,25.7449909523694],[-80.2098587581827,25.7449984973081],[-80.209869139196,25.7450077525951],[-80.2098776129252,25.7450184598364],[-80.2098839902888,25.7450302740946],[-80.2098880836369,25.7450429352896],[-80.2098897054513,25.7450560127402],[-80.209889049374,25.7450691617797],[-80.2098859262868,25.7450820428861],[-80.2098803390607,25.7450942218974],[-80.2098726691191,25.7451054436257],[-80.2098745748357,25.7451333108278],[-80.2098370414292,25.7451814263607],[-80.2097875840467,25.7452240612498],[-80.2096936582372,25.7452724737256],[-80.2095745245121,25.7453142140996],[-80.2094525670252,25.7453525017332],[-80.2093286939314,25.7453641225354],[-80.2092572214664,25.7453762010653],[-80.209189288695,25.7453990467026],[-80.209126603283,25.745432153309],[-80.209110008128,25.7454434962255],[-80.2090790568363,25.7454727339532],[-80.2090338672642,25.7455014619723],[-80.2090188145851,25.7455095501551],[-80.2090024452089,25.745515391696],[-80.20898533572,25.7455189111952],[-80.2089678604726,25.7455200186151],[-80.2089504017167,25.7455186356953],[-80.2089333386451,25.745514844832],[-80.2088262746549,25.7454827948558],[-80.2088207973162,25.7454815239481],[-80.2088164166473,25.7454805063257],[-80.2088063591748,25.7454795914559],[-80.2087962947236,25.7454798806902],[-80.2087864110982,25.7454814598984],[-80.2087671632472,25.7455205612733],[-80.2087615818737,25.7455321372963],[-80.2087590720172,25.7455384873827],[-80.2087578895649,25.7455450152827],[-80.2087578457095,25.7455516360238],[-80.2087591309628,25.745558177331],[-80.2087615586619,25.7455643809334],[-80.208765317748,25.7455701612024],[-80.2087698402639,25.7455753444503],[-80.2087753172831,25.7455796735556],[-80.2087815604447,25.7455831465923],[-80.2088843786521,25.7456255766452],[-80.2089592449207,25.7456532462236],[-80.2090040827709,25.7456698179004],[-80.2090897780288,25.7456887679017],[-80.2091475837562,25.7456758416672],[-80.2091559663193,25.7456429592099],[-80.2091423491026,25.7456059991403],[-80.2091609992497,25.74559965365],[-80.2091767602519,25.7455133298087],[-80.2091829798378,25.7454916104814],[-80.2091931790445,25.7454711169061],[-80.209206972597,25.7454525348136],[-80.2092241682867,25.7454362928233],[-80.2092440012675,25.7454229012949],[-80.2092660955081,25.7454127039029],[-80.2092896813136,25.7454060403791],[-80.2093143858067,25.7454030793004],[-80.2093390632663,25.745403901101],[-80.2093914311039,25.7454091680583],[-80.2094646725864,25.7454165332442],[-80.2095521437707,25.7453966332803],[-80.2096774707785,25.7453372985704],[-80.2097791958197,25.7452866076972],[-80.209924381468,25.7451814705409],[-80.2099465304776,25.7451626755433],[-80.2099652801674,25.7451411117095],[-80.2099800576323,25.7451172028891],[-80.2099906710751,25.7450914670702],[-80.209996924032,25.7450646758615],[-80.2099984339421,25.7450372568524],[-80.2099955769728,25.7450099008103],[-80.2099929769054,25.7450011183068],[-80.2099890454801,25.7449927564403],[-80.209983397693,25.7449851597419],[-80.209976608477,25.7449785019322],[-80.2099686707064,25.7449729562824],[-80.2099597751638,25.7449686104822],[-80.2099501115394,25.7449657174015],[-80.2099402472941,25.7449643748972],[-80.2099301835977,25.7449644060552],[-80.209924828739,25.7449652634135],[-80.209920300016,25.7449659871471],[-80.2099155434711,25.7449675518226],[-80.2099107859294,25.7449691164925],[-80.209891092276,25.7449610139263],[-80.2098462485556,25.7449378160949],[-80.2098058072852,25.7449088786787],[-80.2097707178202,25.7448747267625],[-80.2097415435655,25.7448362218329],[-80.2097192266361,25.7447942292366],[-80.2097039546844,25.744749610226],[-80.2096797031603,25.7446555040218],[-80.2096244065874,25.7445474737632],[-80.2096099437125,25.7445238368566],[-80.2095757573505,25.7444678518414],[-80.2103988742308,25.7454541049949],[-80.2105515435491,25.7456370308456],[-80.2105841343632,25.7456760695532],[-80.2108985351869,25.7460529822245],[-80.2102618729795,25.7464908043375],[-80.2099019321826,25.7467383270619],[-80.2101251718637,25.7470040928933],[-80.2097955867744,25.7472288570092],[-80.2096718445114,25.74731892767],[-80.209662283952,25.7473258876127],[-80.2091691552825,25.7467454080652],[-80.2088239081893,25.7469909173038],[-80.2089281194274,25.7471056693487],[-80.208928716743,25.7471063775673],[-80.209239309398,25.74747502457],[-80.2095494037748,25.7478431943277],[-80.2095499991164,25.7478439007278],[-80.209697886957,25.7480195829565],[-80.2099368941362,25.7483131181765],[-80.2101723239173,25.7486023378732],[-80.2102705419238,25.7487090535312],[-80.2105002153502,25.7489788082229],[-80.2105978124352,25.7490936017737],[-80.210607045826,25.7491044873036],[-80.2107059600459,25.7492207484203],[-80.2107684644156,25.7492941643778],[-80.2109004016716,25.7494491278712],[-80.2101576995474,25.7495822273224],[-80.209110792534,25.7497698333612],[-80.2090209664389,25.74978737871],[-80.2089357106358,25.7496902069147],[-80.2087799678468,25.7495059403311],[-80.2086849139033,25.7495715054052],[-80.2081071332011,25.7496228216904],[-80.2077124848867,25.7496591958097],[-80.2076865317094,25.7496679972034],[-80.207638615687,25.7496813223438],[-80.2074112248884,25.749744557886],[-80.207325474108,25.7496407741402],[-80.2072605445983,25.7495693257708],[-80.2070570481744,25.7497143802079],[-80.2068932780027,25.7498338573598],[-80.2067068526111,25.7499692989177],[-80.2064293171402,25.7499774117035],[-80.2064471121341,25.7501532907739],[-80.2039782595432,25.7503718491978],[-80.2051400911486,25.7495277426153],[-80.2066815284942,25.7484662720731]]]},"properties":{"FID":229,"M21_ZONE":"T3-R","Map_Code":"T3","Transect":"T3","Transect_D":"Sub-Urban Zone","Bldg_Heigh":" ","Intensity":"R","FLR":" ","Enact":"13114","Shape_STAr":2053666.59576,"Shape_STLe":10545.6570459,"Shape__Area":236150.740234375,"Shape__Length":3574.1477929414082}},{"type":"Feature","id":255,"geometry":{"type":"Polygon","coordinates":[[[-80.1770348172256,25.798712414256],[-80.1769746787382,25.7988391563632],[-80.1768528589192,25.799095367672],[-80.1768090690775,25.7992197849556],[-80.1767653620795,25.7993323410374],[-80.1767563576827,25.7993984909251],[-80.1767387244086,25.7994762866247],[-80.17672532458,25.7995461955109],[-80.1766733377917,25.7996198413156],[-80.1766128834384,25.7996819196038],[-80.1765667963854,25.7996990255217],[-80.1765614636247,25.79970105877],[-80.1765399991698,25.7997009372233],[-80.1765185357122,25.7997008156791],[-80.1765142472453,25.7996890985356],[-80.1765488966003,25.7996504322878],[-80.1765578770497,25.7996427456714],[-80.1766308688591,25.7995807392978],[-80.1766439430578,25.7995302589066],[-80.176658796894,25.7992500583018],[-80.1766724392752,25.7991448989067],[-80.1766733801672,25.7990087168119],[-80.176648543154,25.7988644788894],[-80.1766070164493,25.7986891938716],[-80.1765562680235,25.7985836707781],[-80.1765099411897,25.7984706067374],[-80.1764716238397,25.7984079700597],[-80.1764597862387,25.7983614745868],[-80.1764509144901,25.7983261751644],[-80.1764513981205,25.798256192244],[-80.1764634924385,25.798237689722],[-80.1765076441845,25.7981707053502],[-80.1766110510772,25.7981052606082],[-80.1767872606958,25.7980321456486],[-80.1770062630139,25.7979788762949],[-80.177126738286,25.7979173107548],[-80.1772258551605,25.7978401475229],[-80.1774369010252,25.7977011994672],[-80.1776522885117,25.7975660559216],[-80.1777553960427,25.7975160863006],[-80.177823966995,25.7975164739893],[-80.1778924573408,25.7975557209626],[-80.1779085730088,25.7975876248882],[-80.1779261904491,25.7976221152557],[-80.1779130062353,25.7976609032059],[-80.1778232995193,25.7977506732055],[-80.1778111897434,25.7977627823247],[-80.1770348172256,25.798712414256]]]},"properties":{"FID":255,"M21_ZONE":"T1","Map_Code":"T1","Transect":"T1","Transect_D":"Natural Zone","Bldg_Heigh":" ","Intensity":" ","FLR":" ","Enact":"13114","Shape_STAr":113454.380546,"Shape_STLe":2054.82039607,"Shape__Area":13056.921875,"Shape__Length":697.64577450067532}},{"type":"Feature","id":259,"geometry":{"type":"Polygon","coordinates":[[[-80.1992448922889,25.7720276866154],[-80.1992252292353,25.7719173394405],[-80.1992721227461,25.771660789595],[-80.1993326518812,25.7714498110717],[-80.1995595124051,25.7708365719263],[-80.1998478488399,25.7713467076646],[-80.200117066027,25.7720822769105],[-80.2003171318969,25.7726872149014],[-80.2005185657807,25.7730484289564],[-80.2005185358078,25.7730484387209],[-80.2002599602086,25.7730853129017],[-80.2001824274803,25.7731022185975],[-80.2000031914132,25.7731299855291],[-80.1992448922889,25.7720276866154]]]},"properties":{"FID":259,"M21_ZONE":"D3","Map_Code":"D3","Transect":"D3","Transect_D":"Waterfront Industrial District Zone","Bldg_Heigh":" ","Intensity":" ","FLR":" ","Enact":"13114","Shape_STAr":157579.790999,"Shape_STLe":1960.2694397,"Shape__Area":18127.3515625,"Shape__Length":665.84534638395633}},{"type":"Feature","id":260,"geometry":{"type":"Polygon","coordinates":[[[-80.1968132111403,25.778870582999],[-80.1978771988974,25.778840575761],[-80.1979141941002,25.779787761633],[-80.1968497538791,25.7798153049598],[-80.196833650591,25.779399614395],[-80.1968223875348,25.7791586376635],[-80.1968134569972,25.7788783399247],[-80.1968132939241,25.7788741308703],[-80.1968131582911,25.7788705845125],[-80.1968132111403,25.778870582999]]]},"properties":{"FID":260,"M21_ZONE":"T6-36A-O","Map_Code":"T6-36","Transect":"T6","Transect_D":"Urban Core Zone","Bldg_Heigh":"36","Intensity":"O","FLR":"A","Enact":"13114","Shape_STAr":120605.549205,"Shape_STLe":1388.85838099,"Shape__Area":13875.646484375,"Shape__Length":471.07634779998438}},{"type":"Feature","id":287,"geometry":{"type":"Polygon","coordinates":[[[-80.207117383075,25.7980070638174],[-80.2111757806033,25.7978855761333],[-80.2112024785104,25.7985026332037],[-80.2112113548403,25.7988235236161],[-80.2104187769898,25.7988442772121],[-80.2103109873133,25.7988470985126],[-80.2091779942324,25.7988767568387],[-80.2071502474689,25.7989298116672],[-80.207117383075,25.7980070638174]]]},"properties":{"FID":287,"M21_ZONE":"CI","Map_Code":"CI","Transect":"CI","Transect_D":"Civic Institution Zone","Bldg_Heigh":" ","Intensity":" ","FLR":" ","Enact":"13114","Shape_STAr":452360.477392,"Shape_STLe":3349.5804798,"Shape__Area":52061.244140625,"Shape__Length":1134.4902913626961}},{"type":"Feature","id":288,"geometry":{"type":"Polygon","coordinates":[[[-80.2152048501582,25.7959083802331],[-80.2152059926363,25.7959353657165],[-80.215258601726,25.7968508359727],[-80.2152909380878,25.7977617367271],[-80.2172852535447,25.7977005836822],[-80.2172508509815,25.7967895131053],[-80.2172064330193,25.795870514688],[-80.2172001681423,25.7958471429335],[-80.2227945306477,25.7956701413035],[-80.2228225079543,25.7961512794643],[-80.2228504874031,25.7966324212144],[-80.2233483895061,25.7966107374492],[-80.2234061632072,25.7979199861132],[-80.2234062396638,25.7979217187093],[-80.2153365459282,25.7981776812096],[-80.2153418832265,25.7983113004249],[-80.2153441846114,25.798379295035],[-80.2112024785104,25.7985026332037],[-80.2111757806033,25.7978855761333],[-80.207117383075,25.7980070638174],[-80.2071502474689,25.7989298116672],[-80.2071831778709,25.7998543740879],[-80.2071764034963,25.7998543452774],[-80.2061886127044,25.7998791138974],[-80.206182033853,25.7998105173012],[-80.2061714751878,25.7994294182318],[-80.2062958973919,25.7994252880782],[-80.2064260144777,25.7994209713576],[-80.2065536351922,25.7994167347751],[-80.206543933032,25.7990323168119],[-80.2065429067984,25.798944287603],[-80.2057076868191,25.7989744240031],[-80.2057549666752,25.7976280917434],[-80.2062174788033,25.7976188618317],[-80.2062072804775,25.7973848449603],[-80.2061117966059,25.7952637093781],[-80.2070177244366,25.7952399267469],[-80.2070488610725,25.7961557575405],[-80.2152048501582,25.7959083802331]]]},"properties":{"FID":288,"M21_ZONE":"D2","Map_Code":"D2","Transect":"D2","Transect_D":"Industrial District Zone","Bldg_Heigh":" ","Intensity":" ","FLR":" ","Enact":"13114","Shape_STAr":4379273.88146,"Shape_STLe":17042.8935861,"Shape__Area":503988.0703125,"Shape__Length":5775.4808105746979}},{"type":"Feature","id":289,"geometry":{"type":"Polygon","coordinates":[[[-80.2110650786136,25.7951176707197],[-80.2110669342066,25.7951685875348],[-80.2151696032963,25.7950610363196],[-80.2152048501582,25.7959083802331],[-80.2070488610725,25.7961557575405],[-80.2070177244366,25.7952399267469],[-80.2110650786136,25.7951176707197]]]},"properties":{"FID":289,"M21_ZONE":"D1","Map_Code":"D1","Transect":"D1","Transect_D":"Work Place District Zone","Bldg_Heigh":" ","Intensity":" ","FLR":" ","Enact":"13114","Shape_STAr":864389.548336,"Shape_STLe":6027.93539579,"Shape__Area":99472.142578125,"Shape__Length":2040.5630737050733}},{"type":"Feature","id":290,"geometry":{"type":"Polygon","coordinates":[[[-80.2057195740243,25.795266096409],[-80.2061117966059,25.7952637093781],[-80.2062072804775,25.7973848449603],[-80.2062174788033,25.7976188618317],[-80.2057549666752,25.7976280917434],[-80.205837450798,25.7971391981526],[-80.2057195740243,25.795266096409]]]},"properties":{"FID":290,"M21_ZONE":"D1","Map_Code":"D1","Transect":"D1","Transect_D":"Work Place District Zone","Bldg_Heigh":" ","Intensity":" ","FLR":" ","Enact":"13114","Shape_STAr":107957.988491,"Shape_STLe":1999.71179448,"Shape__Area":12424.134765625,"Shape__Length":679.696728844743}},{"type":"Feature","id":353,"geometry":{"type":"Polygon","coordinates":[[[-80.2093600435102,25.8016810498655],[-80.2104174616514,25.8016452682892],[-80.2104462965893,25.8024248767378],[-80.210448458987,25.8025307303901],[-80.2102318712672,25.8025341973878],[-80.2093063066048,25.8025490011668],[-80.2077089501006,25.8025914647364],[-80.2072783991047,25.8026030270099],[-80.2072294219051,25.8011684008044],[-80.2072165557902,25.8007914522543],[-80.2085795615898,25.8007486860131],[-80.2086623819562,25.8007460875969],[-80.2092472399225,25.8007277320108],[-80.2092677180296,25.8013684930704],[-80.209279806357,25.8016833133896],[-80.2093600435102,25.8016810498655]]]},"properties":{"FID":353,"M21_ZONE":"CI","Map_Code":"CI","Transect":"CI","Transect_D":"Civic Institution Zone","Bldg_Heigh":" ","Intensity":" ","FLR":" ","Enact":"13114","Shape_STAr":560842.878221,"Shape_STLe":3414.77346135,"Shape__Area":64549.2890625,"Shape__Length":1157.7810793661429}},{"type":"Feature","id":366,"geometry":{"type":"Polygon","coordinates":[[[-80.2071831778709,25.7998543740879],[-80.2071502474689,25.7989298116672],[-80.2091779942324,25.7988767568387],[-80.2092226989178,25.8000717445812],[-80.2092236535185,25.800097237875],[-80.2092472399225,25.8007277320108],[-80.2086623819562,25.8007460875969],[-80.2085795615898,25.8007486860131],[-80.2072165557902,25.8007914522543],[-80.2071831778709,25.7998543740879]]]},"properties":{"FID":366,"M21_ZONE":"D1","Map_Code":"D1","Transect":"D1","Transect_D":"Work Place District Zone","Bldg_Heigh":" ","Intensity":" ","FLR":" ","Enact":"13114","Shape_STAr":450965.705921,"Shape_STLe":2686.20317263,"Shape__Area":51901.53125,"Shape__Length":911.30709198045474}},{"type":"Feature","id":452,"geometry":{"type":"Polygon","coordinates":[[[-80.1981498867625,25.769304366828],[-80.1978634028349,25.7690497100074],[-80.1978505603911,25.7686996785955],[-80.1978468666514,25.7686908266967],[-80.1978448356128,25.7686815434678],[-80.1978445253802,25.7686720828743],[-80.1978459411595,25.7686627085192],[-80.1978490463558,25.7686536738456],[-80.1978537545929,25.768645222996],[-80.1978599346676,25.7686375953522],[-80.1978674217387,25.7686309921996],[-80.1978760072197,25.768625597432],[-80.1978854598274,25.768621560517],[-80.1978955166591,25.7686189892267],[-80.1979059050923,25.7686179542705],[-80.1980585936193,25.7686860585442],[-80.1981956866198,25.7686802118767],[-80.1983381024739,25.768674137143],[-80.1984875465139,25.7686678825332],[-80.198501940295,25.7690779749629],[-80.1985041817986,25.7691489889632],[-80.1985126476854,25.7691487855507],[-80.1986026476798,25.7691466273578],[-80.1986833452638,25.7691446932006],[-80.1991864476711,25.7691326254434],[-80.1992104855644,25.7698882534982],[-80.1992309908252,25.770023982474],[-80.199114794369,25.7703073758799],[-80.1981655519832,25.7693206548236],[-80.1981498867625,25.769304366828]]]},"properties":{"FID":452,"M21_ZONE":"D3","Map_Code":"D3","Transect":"D3","Transect_D":"Waterfront Industrial District Zone","Bldg_Heigh":" ","Intensity":" ","FLR":" ","Enact":"13114","Shape_STAr":125402.862665,"Shape_STLe":1815.54139534,"Shape__Area":14425.166015625,"Shape__Length":616.11719507645364}},{"type":"Feature","id":504,"geometry":{"type":"Polygon","coordinates":[[[-80.200154259577,25.7801953295382],[-80.2012804846219,25.7801641873769],[-80.2012948075633,25.7806567448452],[-80.2001702781275,25.7806989745783],[-80.200154259577,25.7801953295382]]]},"properties":{"FID":504,"M21_ZONE":"T6-8-L","Map_Code":"T6-8","Transect":"T6","Transect_D":"Urban Core Zone","Bldg_Heigh":"8","Intensity":"L","FLR":" ","Enact":"13114","Shape_STAr":67116.1109343,"Shape_STLe":1103.41042534,"Shape__Area":7721.849609375,"Shape__Length":373.92181661453327}},{"type":"Feature","id":507,"geometry":{"type":"Polygon","coordinates":[[[-80.200394900138,25.7792245690982],[-80.2001235589538,25.7792300623725],[-80.2001098873564,25.7788001694572],[-80.2003742760796,25.7787932876169],[-80.2003757284381,25.7788545882737],[-80.200394900138,25.7792245690982]]]},"properties":{"FID":507,"M21_ZONE":"T6-8-L","Map_Code":"T6-8","Transect":"T6","Transect_D":"Urban Core Zone","Bldg_Heigh":"8","Intensity":"L","FLR":" ","Enact":"13114","Shape_STAr":13770.8272068,"Shape_STLe":489.592531491,"Shape__Area":1584.32421875,"Shape__Length":166.19104097232963}},{"type":"Feature","id":508,"geometry":{"type":"Polygon","coordinates":[[[-80.2012585284318,25.7794090981073],[-80.2011656577838,25.7794122421761],[-80.2008523436034,25.7794229782182],[-80.2008508109398,25.7793548783618],[-80.2008496804313,25.7793219867904],[-80.2011621753587,25.7793113220737],[-80.2012556039361,25.7793085195624],[-80.2012585284318,25.7794090981073]]]},"properties":{"FID":508,"M21_ZONE":"T6-8-L","Map_Code":"T6-8","Transect":"T6","Transect_D":"Urban Core Zone","Bldg_Heigh":"8","Intensity":"L","FLR":" ","Enact":"13114","Shape_STAr":4904.60031276,"Shape_STLe":340.728597253,"Shape__Area":564.2734375,"Shape__Length":115.39340150481445}},{"type":"Feature","id":547,"geometry":{"type":"Polygon","coordinates":[[[-80.2068749252494,25.7865870367136],[-80.2060543255451,25.7866085106506],[-80.2060455231885,25.7865201084885],[-80.2060229694613,25.7858282095055],[-80.2060048845738,25.7857488400408],[-80.2059814726455,25.7856708153316],[-80.2059525442354,25.785594137952],[-80.2059182843627,25.7855193225172],[-80.2058788841544,25.7854467148791],[-80.2058345269234,25.7853764866357],[-80.2057852133704,25.7853089825988],[-80.2057360341704,25.7852499055208],[-80.2057315126253,25.785244378277],[-80.2056733794346,25.7851830317708],[-80.2068228771713,25.7851712940447],[-80.2068355531753,25.7856477902461],[-80.2068443865256,25.7859269144776],[-80.2068749252494,25.7865870367136]]]},"properties":{"FID":547,"M21_ZONE":"T6-12-O","Map_Code":"T6-12","Transect":"T6","Transect_D":"Urban Core Zone","Bldg_Heigh":"12","Intensity":"O","FLR":" ","Enact":"13923","Shape_STAr":149141.962896,"Shape_STLe":1711.90673425,"Shape__Area":17160.693359375,"Shape__Length":580.97568216149239}},{"type":"Feature","id":553,"geometry":{"type":"Polygon","coordinates":[[[-80.2004518013934,25.7935774927543],[-80.2022858810245,25.7935717647617],[-80.2022987831295,25.7935737301864],[-80.2023117295234,25.7935762293183],[-80.2023236814124,25.7935811736866],[-80.2023345086408,25.7935878982281],[-80.2023438875058,25.7935962016822],[-80.2023515365062,25.7936058342771],[-80.20235722922,25.7936165104367],[-80.2023607942924,25.7936279105864],[-80.2023621243363,25.7936396920335],[-80.2023687319354,25.7941217220312],[-80.2023830617758,25.7951680437218],[-80.2023821294925,25.7951798136619],[-80.2023789718234,25.7951912644966],[-80.2023736817539,25.7952020600477],[-80.2023664169818,25.7952118789342],[-80.2023573898203,25.7952204334727],[-80.2023468682067,25.7952274678774],[-80.2023351636174,25.7952327762473],[-80.2023226241063,25.7952361998195],[-80.2023096162787,25.7952376386054],[-80.2005290113112,25.7952912444146],[-80.200393310469,25.7952945837757],[-80.2003930062008,25.7952800413386],[-80.2003916770539,25.7952165805508],[-80.200391657228,25.7952161173831],[-80.2003259420687,25.7935770688897],[-80.2004518013934,25.7935774927543]]]},"properties":{"FID":553,"M21_ZONE":"T3-R","Map_Code":"T3","Transect":"T3","Transect_D":"Sub-Urban Zone","Bldg_Heigh":" ","Intensity":"R","FLR":" ","Enact":"13114","Shape_STAr":406783.071439,"Shape_STLe":2533.58903555,"Shape__Area":46812.158203125,"Shape__Length":859.39173324008379}},{"type":"Feature","id":570,"geometry":{"type":"Polygon","coordinates":[[[-80.2004856514031,25.7975875131431],[-80.2004581086641,25.7967833413273],[-80.2004388622843,25.7963618540015],[-80.2003960788321,25.7954267981824],[-80.200393310469,25.7952945837757],[-80.2005290113112,25.7952912444146],[-80.2016112191439,25.7952586670685],[-80.2016121675811,25.7952586379744],[-80.2023096162787,25.7952376386054],[-80.2023226241063,25.7952361998195],[-80.2024626722582,25.795232855416],[-80.2024641919549,25.7953435528589],[-80.2024827594575,25.7957908160255],[-80.2025527414147,25.7964715278779],[-80.2024328956901,25.796474510149],[-80.2024344231509,25.7965175875015],[-80.2024411722982,25.7966407051645],[-80.2019639473168,25.796669330574],[-80.201526171781,25.7966955912448],[-80.201547534079,25.7972368625122],[-80.2019765609876,25.7972202690129],[-80.2019796048149,25.797179671951],[-80.2025796788328,25.7971524955728],[-80.2030188152242,25.7971326064989],[-80.2030210302339,25.7972090350633],[-80.2030211620764,25.7973144182038],[-80.2030205568434,25.7973162048391],[-80.2030205130936,25.7973163354834],[-80.2030203614018,25.7973168022241],[-80.2030202962365,25.7973170040602],[-80.2030201689515,25.7973173996254],[-80.2030200813615,25.7973176744532],[-80.2030199794803,25.7973179988483],[-80.2030198704687,25.7973183457706],[-80.2030197930065,25.7973185971851],[-80.2030196625551,25.7973190189097],[-80.2030196095118,25.7973191973434],[-80.2030194606301,25.7973196911789],[-80.203019426996,25.7973198002151],[-80.2030192606811,25.797320366167],[-80.2030192514779,25.7973204004172],[-80.2030190769389,25.7973210033325],[-80.2030190647144,25.7973210420794],[-80.2030189044,25.7973216053562],[-80.203018872736,25.7973217180138],[-80.2030187348342,25.7973222101042],[-80.2030186847398,25.7973223948726],[-80.2030185682657,25.7973228139659],[-80.2030184987319,25.797323072645],[-80.2030184076737,25.797323418763],[-80.2030183187063,25.7973237504501],[-80.2030182470696,25.7973240253653],[-80.203018142645,25.7973244318875],[-80.2030180894628,25.7973246310814],[-80.2030179685959,25.7973251106281],[-80.2030179368233,25.7973252395327],[-80.2030177975321,25.7973257902876],[-80.2030177851989,25.7973258452816],[-80.2030176364813,25.7973264636835],[-80.2030174938669,25.7973270640659],[-80.2030174723125,25.7973271560179],[-80.2030173522013,25.7973276716747],[-80.2030173151957,25.7973278375592],[-80.2030172125117,25.7973282820023],[-80.2030171590458,25.797328523619],[-80.2030170777955,25.7973288941624],[-80.2030170088844,25.7973292088091],[-80.2030169450855,25.7973295045281],[-80.2030168627174,25.7973298931183],[-80.2030168143697,25.7973301149049],[-80.2030167215238,25.7973305792601],[-80.2030166886212,25.7973307280168],[-80.2030165833153,25.7973312663209],[-80.2030165658699,25.7973313402424],[-80.2030164461039,25.7973319533871],[-80.2030179332031,25.797497547002],[-80.2030178951252,25.7974981714261],[-80.2030178896267,25.7974982481211],[-80.203017853053,25.797498796731],[-80.203017842062,25.7974989492184],[-80.2030178079955,25.7974994211169],[-80.2030177915121,25.7974996493967],[-80.2030177589618,25.7975000436757],[-80.2030177349857,25.7975003486395],[-80.203017708925,25.7975006671316],[-80.2030176784593,25.7975010478824],[-80.2030176558908,25.7975012914738],[-80.2030176139503,25.7975017479841],[-80.2030175998775,25.7975019139943],[-80.203017547453,25.7975024471723],[-80.2030175388848,25.7975025355849],[-80.2030174759282,25.7975031526515],[-80.2030174108928,25.7975037823438],[-80.2030174044938,25.7975038445915],[-80.2030173399293,25.7975044038798],[-80.2030173240435,25.7975045428006],[-80.2030172689658,25.7975050254157],[-80.2030172435992,25.7975052401071],[-80.2030171930168,25.7975056469244],[-80.2030171551722,25.7975059382724],[-80.2030171150738,25.7975062684221],[-80.2030170677543,25.7975066346381],[-80.2030170331544,25.7975068880927],[-80.2030169723538,25.7975073318626],[-80.2030169472347,25.7975075095467],[-80.2030168759743,25.7975080263738],[-80.2030168603238,25.7975081300926],[-80.203016773005,25.7975087370965],[-80.2030166775405,25.79750936933],[-80.2030166692319,25.7975094189301],[-80.203016580671,25.797509988016],[-80.2030165588993,25.7975101124622],[-80.2030164818012,25.7975106075937],[-80.2030164475574,25.7975108077941],[-80.2030163779581,25.7975112253389],[-80.2030163322333,25.7975115022015],[-80.2030162731179,25.7975118430786],[-80.2030162119359,25.7975121947763],[-80.2030161623013,25.7975124598829],[-80.203016086653,25.7975128873238],[-80.2030160514786,25.7975130775899],[-80.203015958385,25.7975135789523],[-80.2030159376707,25.7975136943778],[-80.2030158261285,25.7975142705589],[-80.2030158208715,25.7975143111493],[-80.203015699093,25.7975149269909],[-80.203015691884,25.797514961252],[-80.2030155743353,25.7975155410108],[-80.203015551663,25.7975156510097],[-80.2030154475773,25.7975161559224],[-80.2030154094478,25.7975163407564],[-80.2030153168431,25.797516769007],[-80.2030152602591,25.7975170295623],[-80.2030151841027,25.7975173838859],[-80.2030151100673,25.7975177192654],[-80.2030150473981,25.7975179951324],[-80.2030149559052,25.7975184062387],[-80.2030149086813,25.7975186090759],[-80.2030147967577,25.7975190931848],[-80.2030147669912,25.797519220295],[-80.2030146356282,25.7975197783146],[-80.2030146233131,25.7975198306007],[-80.2030144715738,25.7975204534993],[-80.2030143219916,25.7975210520382],[-80.2030142994038,25.7975211494005],[-80.2030141703367,25.7975216623001],[-80.2030141263213,25.7975218326595],[-80.2030140127055,25.7975222716267],[-80.2030139472624,25.7975225149832],[-80.203013852095,25.7975228791316],[-80.2030137661972,25.7975231991011],[-80.2030136884933,25.7975234866202],[-80.2030135821649,25.7975238795922],[-80.2030135219003,25.7975240940923],[-80.2030133941442,25.7975245600614],[-80.2030133523342,25.7975246988402],[-80.2030132011321,25.797525241406],[-80.2030131827561,25.7975253053933],[-80.2030130051771,25.7975259155132],[-80.2030128286616,25.7975265157098],[-80.2030128041883,25.797526596814],[-80.2030126491427,25.7975271176952],[-80.2030126012295,25.7975272744935],[-80.2030124646325,25.7975277205559],[-80.2030123942884,25.7975279512484],[-80.2030122761338,25.7975283233947],[-80.20301218238,25.7975286252682],[-80.2030120866562,25.7975289235203],[-80.2030119674683,25.7975293010768],[-80.2030118941814,25.797529524532],[-80.2030117485985,25.7975299723505],[-80.2030117007154,25.7975301246357],[-80.2030115277223,25.7975306454185],[-80.203011500288,25.7975307219933],[-80.2030112988635,25.7975313193454],[-80.2030110944478,25.7975319166811],[-80.2030110710441,25.7975319869594],[-80.2030108880379,25.7975325140059],[-80.203010837236,25.7975326554433],[-80.2030106776577,25.797533108601],[-80.2030106004368,25.7975333239108],[-80.2030104642683,25.7975337058875],[-80.2030103596552,25.7975339914538],[-80.2030102459235,25.7975342986337],[-80.2030101148974,25.7975346571697],[-80.2030100275848,25.7975348904772],[-80.2030098671604,25.797535321064],[-80.2030098052397,25.7975354850067],[-80.2030096144319,25.7975359858336],[-80.2030095819277,25.7975360750176],[-80.2030093566818,25.7975366559915],[-80.2030091223475,25.7975372540659],[-80.2030091010406,25.7975373090107],[-80.2030088890707,25.7975378431196],[-80.2030088373804,25.7975379683045],[-80.2030086528207,25.7975384294491],[-80.20300857172,25.79753862849],[-80.2030084135734,25.7975390166648],[-80.2030083020894,25.7975392859457],[-80.2030081703439,25.797539602956],[-80.2030080284705,25.7975399433797],[-80.2030079261293,25.7975401874365],[-80.2030077508813,25.7975405980838],[-80.2030076769414,25.7975407700845],[-80.2030074713101,25.7975412509719],[-80.2030074267624,25.7975413518244],[-80.2030071857443,25.7975419056324],[-80.203007172589,25.797541934445],[-80.2030069144394,25.7975425152386],[-80.2030068962142,25.7975425566606],[-80.2030066553048,25.7975430942215],[-80.2030066056932,25.7975432067806],[-80.2030063931789,25.7975436731879],[-80.2030063111958,25.7975438550736],[-80.2030039057844,25.7975488290242],[-80.2030038199095,25.7975489964462],[-80.2030036158126,25.7975493970063],[-80.203003492593,25.7975496319223],[-80.2030033208735,25.7975499622532],[-80.2030031632822,25.7975502673874],[-80.2030030269315,25.7975505275055],[-80.2030028300072,25.7975508992202],[-80.203002727025,25.7975510900173],[-80.2030024897467,25.7975515319173],[-80.2030024251184,25.7975516534207],[-80.2030021505073,25.7975521610095],[-80.2030021222268,25.7975522150134],[-80.203001809322,25.7975527828698],[-80.2030015045087,25.7975533336202],[-80.2030014560873,25.7975534173011],[-80.2030011916764,25.7975538906452],[-80.2030011069013,25.7975540427282],[-80.203000876862,25.797554445854],[-80.2030007487475,25.7975546672034],[-80.2030005580533,25.7975550019436],[-80.2030003936031,25.7975552889872],[-80.2030002372684,25.7975555553144],[-80.203000029491,25.7975559098192],[-80.2029999125013,25.7975561077607],[-80.2029996653909,25.797556528846],[-80.2029995867371,25.7975566602017],[-80.2029992963175,25.7975571460402],[-80.2029992590029,25.7975572090211],[-80.2029989252801,25.7975577587104],[-80.2029985925725,25.7975583056973],[-80.2029985492271,25.7975583758664],[-80.2029982558947,25.7975588499546],[-80.2029981712101,25.7975589884983],[-80.2029979152286,25.7975593941899],[-80.2029977882319,25.7975595974925],[-80.2029975735714,25.7975599375172],[-80.2029974032594,25.7975602064757],[-80.2029972269348,25.7975604799146],[-80.2029970133076,25.7975608145291],[-80.2029968813195,25.7975610187069],[-80.2029966213858,25.7975614189609],[-80.2029965297156,25.7975615583691],[-80.2029962254756,25.797562023371],[-80.2029961781298,25.7975620953234],[-80.202995823583,25.7975626277483],[-80.2029954630113,25.7975631664586],[-80.2029954237388,25.7975632240129],[-80.2029951014788,25.7975636997479],[-80.2029950189091,25.7975638202503],[-80.2029947389674,25.7975642303238],[-80.2029946100731,25.7975644191736],[-80.2029943714645,25.797564761775],[-80.2029941982881,25.7975650117622],[-80.2029940049828,25.7975652896211],[-80.2029937825147,25.7975656043289],[-80.2029936315336,25.7975658156239],[-80.2029933637621,25.797566195074],[-80.2029932580723,25.7975663434318],[-80.2029929420364,25.7975667830949],[-80.2029928806529,25.7975668667048],[-80.2029925082853,25.7975673800764],[-80.2029921198497,25.7975679105102],[-80.2029920876412,25.7975679554661],[-80.2029917364718,25.7975684301399],[-80.2029916559748,25.7975685389193],[-80.2029913501149,25.7975689479481],[-80.2029912213353,25.7975691196482],[-80.2029909607727,25.7975694648372],[-80.2029907827195,25.79756969855],[-80.2029905684513,25.7975699799047],[-80.2029903431307,25.7975702738359],[-80.202990175151,25.7975704922589],[-80.2029898985566,25.7975708490944],[-80.2029897788594,25.7975710045967],[-80.2029894509972,25.797571423434],[-80.2029893785915,25.7975715151074],[-80.2029890004708,25.7975719941467],[-80.2029889763416,25.7975720238019],[-80.2029885721155,25.7975725297776],[-80.2029885449709,25.7975725630269],[-80.2029881649043,25.7975730348344],[-80.2029880884982,25.7975731282911],[-80.2029877547078,25.7975735389721],[-80.202987628031,25.7975736944361],[-80.2029873435324,25.7975740403965],[-80.2029871675941,25.797574256068],[-80.2029869293717,25.797574540902],[-80.2029866991804,25.7975748176561],[-80.202986513229,25.7975750395912],[-80.2029862287968,25.7975753756229],[-80.2029860941131,25.7975755355562],[-80.2029857584192,25.7975759326871],[-80.2029856710089,25.7975760314994],[-80.2029852810861,25.7975764861026],[-80.2029852499109,25.7975765256482],[-80.2029848128083,25.7975770273819],[-80.2029843908067,25.7975775075347],[-80.2029843204797,25.7975775865824],[-80.2029839607712,25.7975779962187],[-80.2029838362033,25.7975781345439],[-80.2029835287596,25.7975784821839],[-80.2029833489416,25.7975786815864],[-80.2029830917626,25.7975789681218],[-80.2029828587189,25.7975792240994],[-80.2029826517985,25.7975794504328],[-80.2029823635228,25.7975797647798],[-80.2029822108433,25.7975799318357],[-80.2029818693298,25.7975803045631],[-80.2029817689092,25.7975804105253],[-80.2029813671964,25.797580838887],[-80.2029813229927,25.7975808882904],[-80.2029808700605,25.797581371433],[-80.2029804252075,25.7975818392749],[-80.2029803609414,25.7975819066213],[-80.2029799703716,25.7975823088673],[-80.2029798508615,25.7975824363884],[-80.2029795185089,25.7975827811839],[-80.2029793398086,25.7975829625396],[-80.2029790606757,25.7975832516626],[-80.2029788257585,25.797583489577],[-80.2029786008845,25.7975837167146],[-80.2029783087533,25.7975840111822],[-80.2029781391053,25.7975841808531],[-80.202977789766,25.7975845309714],[-80.2029776753319,25.7975846449806],[-80.2029772667964,25.7975850498361],[-80.2029772085913,25.7975851054813],[-80.2029767388656,25.7975855650629],[-80.202976163782,25.7975861233585],[-80.2029757172004,25.7975865514743],[-80.2029756680234,25.7975865990452],[-80.202975270637,25.7975869768823],[-80.2029751712859,25.7975870720185],[-80.2029748210823,25.7975874022739],[-80.2029746725662,25.7975875431757],[-80.2029743705425,25.7975878258547],[-80.2029741698642,25.7975880134084],[-80.2029739160266,25.7975882476085],[-80.2029736641951,25.7975884800143],[-80.2029734615287,25.7975886666544],[-80.2029731575411,25.7975889448094],[-80.2029730060518,25.7975890829871],[-80.2029726469107,25.7975894077775],[-80.2029725455775,25.7975895010976],[-80.2029721352893,25.7975898698375],[-80.2029720841302,25.7975899155922],[-80.2029716216979,25.7975903282761],[-80.2029714652232,25.7975904664263],[-80.2029713077454,25.7975906054738],[-80.202971278661,25.7975906305885],[-80.2029711241986,25.7975907660419],[-80.2029709727215,25.7975909024143],[-80.2029707049427,25.79759113383],[-80.2029703308333,25.7975914603437],[-80.2029702054614,25.7975915697797],[-80.2029699547357,25.7975917859439],[-80.20296970401,25.797592002108],[-80.2029695776531,25.7975921097333],[-80.2029691985884,25.7975924317066],[-80.2029690441501,25.7975925635495],[-80.2029688867267,25.7975926944734],[-80.2029688496113,25.797592727668],[-80.2029686971792,25.7975928577166],[-80.2029685437622,25.7975929859545],[-80.2029681697433,25.797593298929],[-80.2029677937242,25.7975936127952],[-80.2029674889205,25.7975938638662],[-80.2029670086554,25.797594259302],[-80.2029665274173,25.7975946511219],[-80.2029660431819,25.797595043828],[-80.2029655569826,25.7975954320101],[-80.2029650688011,25.7975958183761],[-80.2029648131866,25.7975960200711],[-80.2029644172439,25.7975963311201],[-80.2029640203162,25.7975966403584],[-80.2029636203972,25.7975969495803],[-80.2029634680497,25.7975970669923],[-80.2029633177024,25.7975971835126],[-80.2029632565785,25.79759722831],[-80.2029631112528,25.7975973394419],[-80.2029629699276,25.7975974487905],[-80.2029625049024,25.7975978018853],[-80.2029624086934,25.7975978744726],[-80.2029620358949,25.7975981540557],[-80.2029618494835,25.7975982956525],[-80.2029615678905,25.7975985053289],[-80.2029612863035,25.7975987141027],[-80.202961097904,25.797598854786],[-80.2029607211232,25.7975991334446],[-80.2029606249384,25.7975992024214],[-80.2029601529819,25.7975995482571],[-80.20295998566,25.7975996682949],[-80.2029598203383,25.7975997874411],[-80.2029592832997,25.7976001735393],[-80.2029592141629,25.7976002237087],[-80.2029587462793,25.7976005569296],[-80.2029586060236,25.7976006554522],[-80.2029582062796,25.7976009384983],[-80.2029579948869,25.797601088082],[-80.2029576652949,25.7976013182562],[-80.2029573817983,25.7976015143825],[-80.2029571213431,25.7976016943874],[-80.2029567677186,25.7976019397749],[-80.2029565773974,25.7976020696159],[-80.2029561486837,25.7976023606269],[-80.2029560294754,25.7976024430173],[-80.2029555286517,25.7976027814735],[-80.2029554815835,25.7976028119056],[-80.2029549196782,25.7976031888409],[-80.2029543778473,25.7976035460281],[-80.2029542826898,25.7976036104972],[-80.2029538240032,25.7976039103705],[-80.2029536557506,25.7976040204741],[-80.202953269174,25.7976042729023],[-80.2029530268234,25.7976044295375],[-80.2029527113777,25.7976046318072],[-80.2029523959382,25.7976048331742],[-80.2029521515993,25.7976049888959],[-80.2029517620617,25.7976052367946],[-80.2029515908299,25.7976053450766],[-80.2029511262152,25.7976056367935],[-80.2029510290936,25.7976056967387],[-80.2029504748927,25.7976060398669],[-80.2029498966774,25.7976063955006],[-80.2029498486121,25.7976064259272],[-80.2029493290068,25.797606739909],[-80.2029492058524,25.7976068159592],[-80.2029487603452,25.7976070834093],[-80.2029485621137,25.7976072032777],[-80.2029481896955,25.7976074259961],[-80.2029479153899,25.7976075896774],[-80.2029476160786,25.797607764956],[-80.202947266708,25.7976079706503],[-80.2029470404737,25.7976081030023],[-80.202946616038,25.7976083507097],[-80.2029464658899,25.7976084374437],[-80.2029459634161,25.7976087244399],[-80.202945887342,25.7976087682527],[-80.202945307797,25.7976090990563],[-80.2029451386439,25.7976091947126],[-80.2029449684877,25.797609291266],[-80.2029443809841,25.797609619318],[-80.2029443099135,25.7976096604503],[-80.2029437944957,25.7976099446676],[-80.2029436503663,25.7976100260187],[-80.2029432050221,25.7976102690982],[-80.202942986855,25.7976103879548],[-80.2029426135725,25.7976105908101],[-80.2029423233436,25.7976107498908],[-80.2029420211378,25.7976109107112],[-80.2029416558862,25.7976111054866],[-80.2029414267331,25.7976112269909],[-80.2029409884409,25.7976114592773],[-80.2020003851735,25.7976425729303],[-80.2010007247449,25.7976755241885],[-80.2009347399977,25.7976773541709],[-80.2009344238556,25.797677362363],[-80.2004269806467,25.7976914329001],[-80.2004430117887,25.7976814433171],[-80.2004570106231,25.7976692038266],[-80.2004685962031,25.7976550474992],[-80.2004774532539,25.797639359568],[-80.2004833407517,25.7976225669448],[-80.2004860984828,25.7976051266033],[-80.2004856514031,25.7975875131431]]]},"properties":{"FID":570,"M21_ZONE":"T5-O","Map_Code":"T5","Transect":"T5","Transect_D":"Urban Center Zone","Bldg_Heigh":" ","Intensity":"O","FLR":" ","Enact":"14029","Shape_STAr":556176.597845,"Shape_STLe":4119.63306931,"Shape__Area":64006.408203125,"Shape__Length":1396.9883998215198}},{"type":"Feature","id":572,"geometry":{"type":"Polygon","coordinates":[[[-80.2024328956901,25.796474510149],[-80.2025527414147,25.7964715278779],[-80.2025590745355,25.7965885882902],[-80.2025795540398,25.7971490910009],[-80.2025796788328,25.7971524955728],[-80.2025768795775,25.7971526223908],[-80.2025715927598,25.7971528619394],[-80.2025685815556,25.7971529979755],[-80.2025604166891,25.79715336752],[-80.2025521091858,25.7971537444057],[-80.2025251220322,25.7971549666402],[-80.2024781027223,25.7971570962998],[-80.2024772120281,25.7971571365477],[-80.2019796048149,25.797179671951],[-80.2019765609876,25.7972202690129],[-80.201547534079,25.7972368625122],[-80.201526171781,25.7966955912448],[-80.2019639473168,25.796669330574],[-80.2024411722982,25.7966407051645],[-80.2024344231509,25.7965175875015],[-80.2024328956901,25.796474510149]]]},"properties":{"FID":572,"M21_ZONE":"CS","Map_Code":"CS","Transect":"CS","Transect_D":"Civic Space Zone","Bldg_Heigh":" ","Intensity":" ","FLR":" ","Enact":"13114","Shape_STAr":67745.2399174,"Shape_STLe":1199.97123708,"Shape__Area":7796.380859375,"Shape__Length":406.93392820361385}},{"type":"Feature","id":574,"geometry":{"type":"Polygon","coordinates":[[[-80.2004388622843,25.7963618540015],[-80.2004581086641,25.7967833413273],[-80.2004856514031,25.7975875131431],[-80.2004860984947,25.7976051266055],[-80.2004833407711,25.7976225669504],[-80.2004774532763,25.7976393595769],[-80.2004685962243,25.7976550475104],[-80.2004570106395,25.7976692038375],[-80.2004430117977,25.7976814433246],[-80.2004269806467,25.7976914329001],[-80.2004052134477,25.7976920362397],[-80.2003999386973,25.7976921823511],[-80.2003456628107,25.7976936874035],[-80.1998240026777,25.7977079637972],[-80.1995099447324,25.7977165580921],[-80.1995067981849,25.7976629144507],[-80.1995065145944,25.7976580765014],[-80.1994920780379,25.7972947199952],[-80.1994918912893,25.79729001256],[-80.199494457516,25.7972899165628],[-80.1996618827402,25.7972836340287],[-80.1996650692232,25.7972835306102],[-80.199801789914,25.7972790746886],[-80.1997832234989,25.7968781353592],[-80.1997829691765,25.7968726494694],[-80.1997820070948,25.796805655042],[-80.1994743483591,25.7968115251202],[-80.1994727381015,25.7967402594049],[-80.1994726313078,25.7967355244274],[-80.1994614499334,25.7963918391546],[-80.199461295426,25.7963870822507],[-80.1994638165468,25.7963870185007],[-80.1996174613432,25.7963831270752],[-80.1996199435477,25.7963830676216],[-80.1997639352465,25.7963796329109],[-80.1997664204664,25.7963795698608],[-80.1999256101332,25.796375536214],[-80.1999280434811,25.7963754764864],[-80.2000802553446,25.796371743678],[-80.2000826996662,25.7963716831055],[-80.2002227409315,25.7963682289191],[-80.2002251274168,25.7963681689287],[-80.2003598826148,25.7963647721942],[-80.2004388622843,25.7963618540015]]]},"properties":{"FID":574,"M21_ZONE":"T4-L","Map_Code":"T4","Transect":"T4","Transect_D":"General Urban Zone","Bldg_Heigh":" ","Intensity":"L","FLR":" ","Enact":"13114","Shape_STAr":138370.981918,"Shape_STLe":1799.25950086,"Shape__Area":15924.27734375,"Shape__Length":610.49483501914119}},{"type":"Feature","id":578,"geometry":{"type":"Polygon","coordinates":[[[-80.2030210302339,25.7972090350633],[-80.2030188152242,25.7971326064989],[-80.2025796788328,25.7971524955728],[-80.2025795540398,25.7971490910009],[-80.2025590745355,25.7965885882902],[-80.2025527414147,25.7964715278779],[-80.2024827594575,25.7957908160255],[-80.2024641919549,25.7953435528589],[-80.2024635876345,25.7952995318784],[-80.2024626722582,25.795232855416],[-80.2023226241063,25.7952361998195],[-80.2023351636174,25.7952327762473],[-80.2023468682067,25.7952274678774],[-80.2023573898203,25.7952204334727],[-80.2023664169818,25.7952118789342],[-80.2023736817539,25.7952020600477],[-80.2023789718234,25.7951912644966],[-80.2023821294925,25.7951798136619],[-80.2023830617758,25.7951680437218],[-80.2023708404924,25.7942756812638],[-80.2023687319354,25.7941217220312],[-80.2023621243363,25.7936396920335],[-80.2023607942924,25.7936279105864],[-80.20235722922,25.7936165104367],[-80.2023515365062,25.7936058342771],[-80.2023438875058,25.7935962016822],[-80.2023345086408,25.7935878982281],[-80.2023236814124,25.7935811736866],[-80.2023117295234,25.7935762293183],[-80.2022987831295,25.7935737301864],[-80.2022858810245,25.7935717647617],[-80.2004518013934,25.7935774927543],[-80.2003259420687,25.7935770688897],[-80.2000884557627,25.7920335135593],[-80.2000652503017,25.7917686787473],[-80.2000647742715,25.7917632448911],[-80.2000572956666,25.7916778962218],[-80.200147333687,25.7916769155547],[-80.2014696738724,25.7916625096386],[-80.2014720710263,25.7917421120746],[-80.2014716968991,25.7917632816541],[-80.2014644285214,25.7921741934791],[-80.2014538791681,25.792784917493],[-80.2016573006837,25.792786207519],[-80.2020440428613,25.7927836874982],[-80.2023489180896,25.792781575012],[-80.2025118975725,25.7927804079875],[-80.2031277240232,25.792776216411],[-80.2032140277332,25.7927748026945],[-80.2032177821439,25.7927747420237],[-80.2032300531903,25.7935575630956],[-80.2032412629594,25.7942727969435],[-80.2032427360581,25.7943667843123],[-80.2032583054637,25.7951773598844],[-80.2032604867892,25.7952909196467],[-80.2032593458205,25.7972157947033],[-80.203258801306,25.7972158079678],[-80.2031953934481,25.7972174779854],[-80.2031805038758,25.7972178693916],[-80.2031469310224,25.7972187532697],[-80.2031462524284,25.7972188362057],[-80.2031461695983,25.7972188465836],[-80.2031455738223,25.7972189209469],[-80.2031454091591,25.7972189417082],[-80.203144895198,25.797219008396],[-80.2031446486959,25.7972190404433],[-80.2031442155586,25.7972190985474],[-80.2031438882024,25.7972191436914],[-80.2031435398774,25.7972191932338],[-80.2031431276728,25.7972192523552],[-80.203142863193,25.7972192888173],[-80.2031423681402,25.7972193610245],[-80.2031421864785,25.7972193889138],[-80.2031416095685,25.7972194751149],[-80.203141510755,25.7972194899185],[-80.2031408430021,25.7972195918695],[-80.2031401602447,25.7972197009594],[-80.2031400933679,25.7972197114248],[-80.2031394844669,25.7972198100876],[-80.2031393387181,25.7972198354658],[-80.2031388136443,25.7972199237562],[-80.203138581059,25.7972199621983],[-80.2031381368271,25.7972200391972],[-80.2031378263669,25.7972200925576],[-80.2031374659683,25.7972201582815],[-80.2031370716447,25.79722022743],[-80.2031367931093,25.7972202782575],[-80.2031363188986,25.7972203650212],[-80.2031361222263,25.7972204009522],[-80.2031355671254,25.7972205062283],[-80.2031354523103,25.7972205281654],[-80.2031348153341,25.7972206501433],[-80.203134780394,25.7972206562704],[-80.2031341124359,25.7972207889102],[-80.2031340635186,25.7972207976687],[-80.2031334414745,25.7972209233389],[-80.2031333106759,25.7972209497017],[-80.2031327734922,25.7972210595893],[-80.2031325638036,25.7972211035727],[-80.2031321054798,25.7972212003527],[-80.203131814913,25.7972212610433],[-80.2031314404405,25.7972213438403],[-80.2031310659922,25.7972214230269],[-80.2031307724099,25.7972214873116],[-80.2031303200385,25.7972215886374],[-80.2031301103377,25.7972216344261],[-80.2031295730756,25.7972217560476],[-80.203129444241,25.7972217869344],[-80.2031288270797,25.7972219279764],[-80.2031287801324,25.7972219403562],[-80.2031281170148,25.7972220946862],[-80.2031280840569,25.7972221026294],[-80.2031274558612,25.7972222535401],[-80.2031273410039,25.7972222817955],[-80.2031267926894,25.7972224159936],[-80.2031265989238,25.7972224645775],[-80.2031261324966,25.7972225802687],[-80.2031258578348,25.7972226482676],[-80.2031254722858,25.7972227472516],[-80.2031251177127,25.7972228364762],[-80.2031248120569,25.7972229169424],[-80.2031243785635,25.7972230283008],[-80.2031241558102,25.7972230875576],[-80.2031236413904,25.7972232228441],[-80.2031234965361,25.7972232635722],[-80.2031229051721,25.7972234237112],[-80.2031228392501,25.7972234405003],[-80.2031221769486,25.7972236219141],[-80.2031215295972,25.7972238043125],[-80.2031214337024,25.7972238299638],[-80.2031208752421,25.7972239902831],[-80.203120700415,25.7972240398735],[-80.2031202228691,25.7972241780699],[-80.2031199691037,25.7972242525018],[-80.203119571475,25.79722436857],[-80.2031192367832,25.79722446693],[-80.2031189200628,25.7972245617779],[-80.2031185074237,25.7972246858876],[-80.2031182706268,25.7972247577046],[-80.2031177780461,25.7972249075531],[-80.2031176211726,25.7972249563391],[-80.2031170526388,25.7972251319482],[-80.2031169726973,25.797225157687],[-80.2031163252011,25.7972253617481],[-80.2031156796808,25.7972255685281],[-80.2031156017396,25.7972255933751],[-80.2031150341425,25.7972257780158],[-80.2031148772569,25.7972258286071],[-80.2031143905863,25.7972259893198],[-80.2031141537471,25.797226067455],[-80.203113748009,25.797226203337],[-80.2031134362017,25.7972263090436],[-80.2031131074078,25.797226420073],[-80.2031127146439,25.7972265542207],[-80.2031124647823,25.7972266413111],[-80.2031119970502,25.7972268030302],[-80.203111825148,25.7972268625657],[-80.2031112794324,25.7972270554501],[-80.2031111864866,25.7972270874361],[-80.2031105558019,25.7972273123503],[-80.2031099131039,25.7972275444198],[-80.203109851128,25.7972275675491],[-80.2031092763824,25.7972277774247],[-80.2031091384352,25.7972278290225],[-80.203108642634,25.7972280131539],[-80.2031084277124,25.7972280941172],[-80.2031080108677,25.7972282506992],[-80.2031077179626,25.7972283628279],[-80.2031073780801,25.7972284918495],[-80.203107011204,25.797228631555],[-80.2031067492688,25.7972287348269],[-80.203106302403,25.7972289074921],[-80.2031061194423,25.7972289805067],[-80.2031055985752,25.7972291852617],[-80.2031054915979,25.7972292280026],[-80.2031048947234,25.7972294666417],[-80.2031048637354,25.7972294782064],[-80.20310423884,25.797229732037],[-80.2031041938507,25.7972297498435],[-80.2031036139446,25.7972299858676],[-80.2031034919568,25.7972300366501],[-80.2031029900101,25.7972302451194],[-80.203102794021,25.7972303279917],[-80.2031023700518,25.7972305061982],[-80.2031020960732,25.7972306211386],[-80.2031017490904,25.7972307681742],[-80.2031014020834,25.7972309188204],[-80.2031011300869,25.7972310355769],[-80.2031007070906,25.7972312173993],[-80.2031005120805,25.7972313029849],[-80.2031000150468,25.7972315223129],[-80.2030998960441,25.7972315740144],[-80.2030993249971,25.7972318272374],[-80.2030992799957,25.7972318468491],[-80.2030986669143,25.7972321233107],[-80.2030986359083,25.7972321375831],[-80.2030980548119,25.7972324024855],[-80.2030979497986,25.7972324497504],[-80.2030974437006,25.7972326825685],[-80.2030972646679,25.7972327646311],[-80.2030968325651,25.7972329662618],[-80.2030965815073,25.7972330831331],[-80.2030962254119,25.7972332508797],[-80.2030959013076,25.7972334061645],[-80.2030956192317,25.7972335391135],[-80.2030952200989,25.7972337309958],[-80.2030950140364,25.7972338291579],[-80.2030945428664,25.7972340576541],[-80.203094408817,25.7972341228129],[-80.2030938656036,25.7972343888255],[-80.2030938065768,25.7972344182894],[-80.2030931983058,25.7972347209541],[-80.2030926080305,25.7972350164962],[-80.2030925179914,25.7972350611353],[-80.2030920087271,25.7972353201127],[-80.203091848645,25.7972354013765],[-80.2030914114119,25.7972356246427],[-80.2030911792684,25.7972357461308],[-80.2030908180609,25.7972359328051],[-80.2030905138741,25.7972360918096],[-80.2030902247038,25.79723624187],[-80.2030898484677,25.7972364392937],[-80.2030896303135,25.7972365563452],[-80.2030891850132,25.7972367931069],[-80.2030890429027,25.7972368708586],[-80.2030885245379,25.7972371487418],[-80.2030884524825,25.7972371880635],[-80.2030878660326,25.7972375079981],[-80.2030872805676,25.7972378297433],[-80.2030872095094,25.7972378690705],[-80.2030866970787,25.7972381542073],[-80.2030865539651,25.7972382328562],[-80.2030861145688,25.7972384813847],[-80.2030859013819,25.7972386011714],[-80.2030855330439,25.7972388103727],[-80.2030852497837,25.7972389712972],[-80.203084953489,25.7972391429821],[-80.2030846011526,25.79723934505],[-80.2030843759283,25.7972394756025],[-80.2030839545036,25.7972397206189],[-80.2030837993465,25.7972398109361],[-80.2030833108217,25.7972400998146],[-80.2030832257319,25.7972401498967],[-80.2030826591088,25.7972404870902],[-80.2030820824486,25.7972408341578],[-80.2030820273859,25.7972408672541],[-80.2030815137771,25.7972411794639],[-80.20308138962,25.7972412564113],[-80.2030809460785,25.797241528386],[-80.2030807518481,25.7972416464713],[-80.2030803813651,25.797241878227],[-80.2030801200286,25.797242041077],[-80.2030798166336,25.7972422307759],[-80.2030794881969,25.797242437488],[-80.2030792548813,25.7972425851465],[-80.2030788583353,25.7972428375204],[-80.203078695111,25.7972429413331],[-80.2030782304557,25.7972432393689],[-80.2030781353166,25.7972433011303],[-80.2030776065404,25.7972436448497],[-80.2030775794985,25.7972436627545],[-80.2030770246593,25.797244027092],[-80.2030769846011,25.7972440530493],[-80.2030764718143,25.7972443914405],[-80.2030763626436,25.7972444639568],[-80.2030759199301,25.7972447612101],[-80.2030757446504,25.7972448784965],[-80.2030753700401,25.7972451309906],[-80.2030751296302,25.7972452957605],[-80.2030748231172,25.797245504398],[-80.2030745156011,25.7972457139326],[-80.2030742771854,25.7972458787135],[-80.2030739065273,25.7972461366451],[-80.2030737312294,25.7972462566394],[-80.2030732964443,25.7972465611573],[-80.2030731922409,25.7972466364088],[-80.2030726913285,25.7972469884047],[-80.2030726502551,25.7972470170644],[-80.2030721122334,25.7972474013523],[-80.2030720851855,25.7972474201597],[-80.2030715752029,25.7972477865484],[-80.2030714850129,25.7972478537528],[-80.2030710421304,25.7972481762793],[-80.2030708848283,25.797248289151],[-80.2030705080669,25.7972485651022],[-80.2030702886078,25.7972487281816],[-80.2030699779676,25.7972489575573],[-80.2030696933723,25.7972491690229],[-80.20306683595,25.7972513585349],[-80.2030667597675,25.7972514185949],[-80.2030663197072,25.797251766411],[-80.2030661803766,25.7972518757706],[-80.2030658044554,25.7972521751952],[-80.2030656029557,25.7972523365677],[-80.2030652911797,25.7972525866982],[-80.2030650305143,25.7972527982948],[-80.2030647808892,25.7972529991202],[-80.2030644570516,25.7972532636269],[-80.2030642725626,25.7972534160661],[-80.2030638885561,25.7972537316941],[-80.2030637662242,25.7972538339257],[-80.2030633230399,25.7972542015829],[-80.2030632618739,25.7972542526987],[-80.2030627594876,25.7972546759958],[-80.2030625218456,25.7972548741789],[-80.2030620775736,25.7972552553699],[-80.2030616333077,25.7972556356584],[-80.2030611609424,25.7972560428723],[-80.2030606915503,25.7972564528104],[-80.2030604307762,25.7972566806541],[-80.2030599382822,25.7972571157398],[-80.2030598781073,25.7972571677637],[-80.2030594487673,25.7972575526471],[-80.2030593304056,25.7972576576084],[-80.2030589612286,25.7972579922732],[-80.2030587836709,25.7972581519717],[-80.2030584746808,25.7972584328074],[-80.2030582409184,25.7972586472594],[-80.2030579931004,25.7972588760767],[-80.203057700142,25.7972591452659],[-80.2030575105168,25.7972593202432],[-80.2030571623448,25.797259645094],[-80.2030570328885,25.7972597689501],[-80.2030566265236,25.7972601476409],[-80.2030565542751,25.7972602158463],[-80.2030560876448,25.7972606601002],[-80.2030556079498,25.7972611196276],[-80.2030555657948,25.7972611609184],[-80.2030551382499,25.7972615755991],[-80.2030550398901,25.7972616716435],[-80.2030546695409,25.7972620324787],[-80.2030545139914,25.7972621814659],[-80.2030542038171,25.7972624902773],[-80.203053994045,25.7972626958342],[-80.2030537420696,25.797262949903],[-80.2030534760626,25.7972632147266],[-80.2030532802979,25.7972634131391],[-80.2030529620625,25.7972637345434],[-80.2030528215115,25.7972638772942],[-80.2030524500505,25.7972642552737],[-80.2030523647131,25.797264342363],[-80.2030519400085,25.7972647796254],[-80.2030519098848,25.797264811053],[-80.2030514590388,25.7972652806676],[-80.2030514339367,25.7972653067068],[-80.2030510091778,25.7972657520928],[-80.203050929841,25.797265836507],[-80.2030505622959,25.7972662253397],[-80.2030504307246,25.7972663672371],[-80.2030501183872,25.7972667013108],[-80.2030499325933,25.797266899778],[-80.2030496754695,25.79726717819],[-80.203049438414,25.7972674377564],[-80.2030492365401,25.797267655091],[-80.203048946241,25.7972679739404],[-80.2030487985655,25.7972681383158],[-80.2030484570351,25.7972685137513],[-80.2030483636003,25.7972686188492],[-80.2030479728025,25.7972690553948],[-80.2030479306052,25.7972691030039],[-80.2030474945644,25.7972695952658],[-80.2030470745493,25.7972700767837],[-80.2030470112625,25.7972701468435],[-80.2030466465094,25.7972705654789],[-80.2030465339551,25.7972706966488],[-80.2030462244398,25.797271056012],[-80.2030460616271,25.7972712473839],[-80.2030458043403,25.7972715501666],[-80.203045590278,25.7972718008324],[-80.2030453852378,25.7972720443266],[-80.2030451239023,25.7972723561135],[-80.2030449701116,25.7972725403137],[-80.2030446604997,25.7972729141188],[-80.2030445549733,25.797273038106],[-80.2030441980821,25.7972734739347],[-80.2030441457993,25.7972735386389],[-80.2030437386316,25.7972740373776],[-80.2030433324188,25.79727454244],[-80.2030432861667,25.7972745999561],[-80.2030429301942,25.7972750475243],[-80.2030428356839,25.7972751643506],[-80.2030425289547,25.7972755544192],[-80.203042387153,25.7972757350745],[-80.2030421307064,25.7972760613306],[-80.2030419406223,25.7972763049066],[-80.2030417344341,25.7972765709607],[-80.203041499071,25.7972768756688],[-80.2030413421441,25.7972770815153],[-80.2030410604928,25.7972774491551],[-80.2030409518242,25.7972775956913],[-80.2030406268879,25.797278024474],[-80.2030405635044,25.7972781089756],[-80.2030401852037,25.7972786150936],[-80.2030397957963,25.7972791419117],[-80.2030397636121,25.7972791832571],[-80.203039415411,25.797279661558],[-80.2030393389326,25.7972797658461],[-80.2030390380108,25.7972801821233],[-80.2030389152442,25.7972803493432],[-80.2030386616016,25.7972807035967],[-80.203038495532,25.7972809346673],[-80.2030382881717,25.7972812268918],[-80.2030380807811,25.7972815236293],[-80.203037918724,25.7972817511113],[-80.2030376670273,25.7972821125967],[-80.2030375532405,25.7972822789631],[-80.2030372582407,25.7972827042992],[-80.2030371877509,25.7972828077175],[-80.2030368534365,25.7972832969262],[-80.2030368262557,25.7972833355912],[-80.2030364667306,25.7972838670862],[-80.2030364486081,25.7972838931637],[-80.2030361091875,25.7972844003975],[-80.203036047768,25.7972844894231],[-80.2030357556327,25.7972849337305],[-80.2030356538893,25.7972850884285],[-80.2030354040661,25.7972854679772],[-80.2030352609897,25.7972856901473],[-80.2030350574546,25.7972860067642],[-80.2030348710752,25.797286292785],[-80.2030347088672,25.7972865428324],[-80.2030344841459,25.7972868963418],[-80.2030343662259,25.7972870843491],[-80.203034102184,25.7972875026337],[-80.2030340235908,25.7972876249632],[-80.2030337222101,25.7972881098392],[-80.2030336859289,25.7972881674099],[-80.2030333492339,25.7972887143751],[-80.2030330205518,25.7972892559683],[-80.2030329731881,25.7972893306285],[-80.2030326898394,25.7972898029662],[-80.2030326041398,25.7972899442124],[-80.2030323631092,25.7972903508887],[-80.203032240071,25.7972905587263],[-80.2030320383671,25.7972908997247],[-80.2030318769932,25.7972911741481],[-80.2030317176013,25.7972914503878],[-80.2030315178916,25.7972917913971],[-80.2030313978265,25.7972920019589],[-80.2030311637513,25.7972924122839],[-80.2030310810309,25.7972925553517],[-80.203030810608,25.7972930331761],[-80.2030307672325,25.7972931078583],[-80.2030304594107,25.7972936613002],[-80.2030301495524,25.7972942210496],[-80.2030301162503,25.7972942804418],[-80.2030298446855,25.7972947799236],[-80.2030297750419,25.7972949059127],[-80.2030295408097,25.7972953397057],[-80.2030294388007,25.7972955341188],[-80.2030292439013,25.7972959013313],[-80.2030291035566,25.7972961623302],[-80.203028946002,25.7972964620488],[-80.2030287712857,25.797296793266],[-80.2030286530638,25.7972970264041],[-80.2030284449791,25.7972974269424],[-80.2030283611348,25.7972975889596],[-80.2030281206787,25.7972980588245],[-80.2030280741732,25.7972981542504],[-80.2030278003426,25.7972986943388],[-80.2030277862084,25.7972987204382],[-80.203027504214,25.7972992884641],[-80.2030274839887,25.7972993307777],[-80.2030272242138,25.7972998565008],[-80.2030271696229,25.7972999681301],[-80.2030269471866,25.7973004272619],[-80.2030268602305,25.7973006073151],[-80.2030266731508,25.7973009980393],[-80.2030265548082,25.7973012492297],[-80.203026401097,25.7973015706329],[-80.2030262513802,25.7973018911553],[-80.2030261340226,25.7973021441564],[-80.2030259539286,25.7973025340163],[-80.2030258659451,25.7973027185771],[-80.203025657474,25.7973031768827],[-80.203025603838,25.7973032948358],[-80.2030253649776,25.7973038242841],[-80.203025343725,25.7973038711054],[-80.203025083026,25.7973044604602],[-80.2030248324427,25.7973050282069],[-80.2030247919437,25.7973051200551],[-80.2030245812853,25.7973056072335],[-80.2030245113821,25.7973057720351],[-80.2030243341103,25.7973061871846],[-80.2030242348209,25.7973064222318],[-80.2030240899144,25.7973067689573],[-80.2030239612388,25.79730707425],[-80.2030238457125,25.7973073516327],[-80.2030236896328,25.7973077289871],[-80.2030236064839,25.7973079361406],[-80.2030234240093,25.7973083837569],[-80.2030233682524,25.797308520654],[-80.2030231603618,25.7973090412455],[-80.2030231349942,25.7973091069999],[-80.2030229017179,25.7973096960536],[-80.2030226754513,25.7973102806326],[-80.20302264702,25.7973103572019],[-80.2030224501517,25.79731086973],[-80.2030223943283,25.7973110165558],[-80.2030222288464,25.7973114579468],[-80.203022146616,25.7973116768397],[-80.2030220095171,25.7973120488822],[-80.2030219038771,25.7973123389561],[-80.2030217931731,25.7973126407367],[-80.2030216631262,25.7973130019861],[-80.2030215798263,25.797313231705],[-80.2030214253485,25.7973136677404],[-80.2030213694527,25.7973138253975],[-80.2030211915652,25.7973143326138],[-80.2030211620764,25.7973144182038],[-80.2030210302339,25.7972090350633]]]},"properties":{"FID":578,"M21_ZONE":"T4-L","Map_Code":"T4","Transect":"T4","Transect_D":"General Urban Zone","Bldg_Heigh":" ","Intensity":"L","FLR":" ","Enact":"13114","Shape_STAr":803425.765328,"Shape_STLe":6087.42514481,"Shape__Area":92456.578125,"Shape__Length":2066.9888659427338}},{"type":"Feature","id":597,"geometry":{"type":"Polygon","coordinates":[[[-80.1976029781744,25.7704888082749],[-80.1975140519653,25.7687390250653],[-80.1978634028349,25.7690497100074],[-80.1981498867625,25.769304366828],[-80.1981655519832,25.7693206548236],[-80.199114794369,25.7703073758799],[-80.1989874539371,25.7705593073062],[-80.1988005721945,25.7709294406638],[-80.1981485298723,25.7709456600033],[-80.1981423849746,25.7707793767629],[-80.1978833720243,25.7705236753109],[-80.1977574509098,25.7704884746907],[-80.1976719549285,25.7704838024396],[-80.1976029781744,25.7704888082749]]]},"properties":{"FID":597,"M21_ZONE":"T6-36B-O","Map_Code":"T6-36","Transect":"T6","Transect_D":"Urban Core Zone","Bldg_Heigh":"36","Intensity":"O","FLR":"B","Enact":"14073","Shape_STAr":226507.591191,"Shape_STLe":2157.66792887,"Shape__Area":26055.63671875,"Shape__Length":732.3867840498225}},{"type":"Feature","id":601,"geometry":{"type":"Polygon","coordinates":[[[-80.2067643887438,25.7834005485776],[-80.2072316689823,25.7833866899662],[-80.207231705876,25.7833866892646],[-80.2076511809167,25.783376114407],[-80.207654422431,25.7835687406142],[-80.2076678226845,25.7841450090385],[-80.2069090172831,25.784164862288],[-80.2067875934633,25.7841680365532],[-80.2067598325508,25.7834006826017],[-80.2067643887438,25.7834005485776]]]},"properties":{"FID":601,"M21_ZONE":"T6-8-O","Map_Code":"T6-8","Transect":"T6","Transect_D":"Urban Core Zone","Bldg_Heigh":"8","Intensity":"O","FLR":" ","Enact":"14010","Shape_STAr":81455.3293241,"Shape_STLe":1141.82843441,"Shape__Area":9372.14453125,"Shape__Length":387.29064582400326}},{"type":"Feature","id":619,"geometry":{"type":"Polygon","coordinates":[[[-80.194020771218,25.7946117363138],[-80.1940289445254,25.7946561007062],[-80.1929787071769,25.794687797149],[-80.1916506443236,25.7947288668255],[-80.1916470636225,25.7946736076147],[-80.1916221693055,25.7939315960033],[-80.191620441595,25.7938834852216],[-80.1930988170236,25.7938456335457],[-80.1936693903446,25.7938310203124],[-80.1939545438434,25.7938237161791],[-80.1942432126683,25.7938163208382],[-80.19428507663,25.7938152493398],[-80.1942872843763,25.7939087388742],[-80.1942915384357,25.7940889192048],[-80.1942946329105,25.7942199764321],[-80.1941584858869,25.794341839612],[-80.1940162363341,25.7944691650603],[-80.194020771218,25.7946117363138]]]},"properties":{"FID":619,"M21_ZONE":"CS","Map_Code":"CS","Transect":"CS","Transect_D":"Civic Space Zone","Bldg_Heigh":" ","Intensity":" ","FLR":" ","Enact":"14098","Shape_STAr":256637.880036,"Shape_STLe":2311.75695819,"Shape__Area":29533.4375,"Shape__Length":783.17349696561678}},{"type":"Feature","id":621,"geometry":{"type":"Polygon","coordinates":[[[-80.1916221693055,25.7939315960033],[-80.1908596542425,25.7939542610372],[-80.1907559212435,25.7939579299449],[-80.1907321610998,25.7929693519442],[-80.1908422721435,25.792962218054],[-80.1927634582828,25.7929128540183],[-80.1928398300289,25.7929108723166],[-80.1929977005008,25.7929067612239],[-80.1931356244835,25.792903226221],[-80.1931323410791,25.7928550625796],[-80.1932892622927,25.7928509459026],[-80.1932865107416,25.7928084583546],[-80.1934291848282,25.7928046082166],[-80.1934352199619,25.7928952584981],[-80.1935986002155,25.792891007609],[-80.193754571125,25.7928870575673],[-80.193904273627,25.7928830726169],[-80.1940680337477,25.7928788214998],[-80.19423236417,25.7928745733574],[-80.1943949856562,25.7928703155635],[-80.194657153765,25.7928635136433],[-80.1947399252999,25.7928618895268],[-80.194751064148,25.7928616713763],[-80.1947938927396,25.7940742007538],[-80.1947433871345,25.7942257789882],[-80.1947053390963,25.7946351718364],[-80.1941241414042,25.7946523668292],[-80.1940289445254,25.7946561007062],[-80.194020771218,25.7946117363138],[-80.1940162363341,25.7944691650603],[-80.1941584858869,25.794341839612],[-80.1942946329105,25.7942199764321],[-80.1942915384357,25.7940889192048],[-80.1942872843763,25.7939087388742],[-80.19428507663,25.7938152493398],[-80.1942432126683,25.7938163208382],[-80.1939545438434,25.7938237161791],[-80.1936693903446,25.7938310203124],[-80.1930988170236,25.7938456335457],[-80.191620441595,25.7938834852216],[-80.1916221693055,25.7939315960033]]]},"properties":{"FID":621,"M21_ZONE":"CI","Map_Code":"CI","Transect":"CI","Transect_D":"Civic Institution Zone","Bldg_Heigh":" ","Intensity":" ","FLR":" ","Enact":"13114","Shape_STAr":516784.679515,"Shape_STLe":4142.97470072,"Shape__Area":59469.91796875,"Shape__Length":1404.1205000691343}},{"type":"Feature","id":625,"geometry":{"type":"Polygon","coordinates":[[[-80.2057195740243,25.795266096409],[-80.2057024255648,25.7945065217982],[-80.2057024209599,25.7945063150664],[-80.2056865373874,25.7937893081088],[-80.2056367180351,25.7915401939791],[-80.2056366787288,25.7915384615798],[-80.2057557174925,25.790703470138],[-80.2057650765378,25.7906378291001],[-80.206016708871,25.7900168944277],[-80.2061442209817,25.7897022388246],[-80.2061460355043,25.7896977643627],[-80.2065127401975,25.789447441168],[-80.2067538629116,25.7893454624552],[-80.2068116221127,25.789321034887],[-80.2069539927994,25.7892608218065],[-80.206954705563,25.7893877951632],[-80.2074202193513,25.7892554900211],[-80.2078387161756,25.7891104409642],[-80.2082898960927,25.7889419940541],[-80.2093124082168,25.7884524971119],[-80.2099096033718,25.7881492777201],[-80.2099061736721,25.7881054769246],[-80.2099771851385,25.7880553466679],[-80.2102457032259,25.787952405078],[-80.2102520185973,25.7878413032032],[-80.2104319943155,25.7876267443513],[-80.2109619626243,25.7873635672485],[-80.211247861451,25.7873233493677],[-80.2116065451961,25.7871361865962],[-80.2126710592753,25.7865807106409],[-80.2129325125663,25.7864442770864],[-80.2148920012711,25.7855445487919],[-80.217815342105,25.7843418568361],[-80.2181751882434,25.7845623828193],[-80.218480907934,25.7848525555624],[-80.2186702138117,25.7851718602179],[-80.2187063689312,25.7852328417039],[-80.2187246279656,25.7852636362581],[-80.2188725701875,25.7855633827923],[-80.2189316284237,25.7875440282439],[-80.219057762926,25.7894243127274],[-80.2190767208372,25.7902407853223],[-80.219162616158,25.7939400005336],[-80.2192020981478,25.794876834008],[-80.2176859443582,25.7949186138491],[-80.2174812935007,25.7949242493569],[-80.2171709090105,25.7949327925023],[-80.2169485598835,25.7949383843492],[-80.216945651024,25.7948452467202],[-80.2169449951762,25.7948177394198],[-80.2171625265694,25.7948113164776],[-80.2171539006562,25.7945383625953],[-80.2171300796605,25.7937845344206],[-80.216330076127,25.7938059434462],[-80.2163256212218,25.7935694980373],[-80.2163681308906,25.7935674045621],[-80.2163507344574,25.793108206343],[-80.2152835789533,25.7931398584596],[-80.2151122291014,25.7931430183649],[-80.2151467644289,25.7943345546813],[-80.2153083851417,25.7943321835451],[-80.2156143167189,25.7943243018351],[-80.2156158411136,25.7943728112818],[-80.2158934360337,25.7943646741578],[-80.2158949107728,25.7944909250288],[-80.21624884386,25.7944804781853],[-80.2162553981511,25.7947996158774],[-80.2162581165988,25.7949557466705],[-80.2151655659592,25.7949832159869],[-80.2151696032963,25.7950610363196],[-80.2110669342066,25.7951685875348],[-80.2110650786136,25.7951176707197],[-80.2070177244366,25.7952399267469],[-80.2061117966059,25.7952637093781],[-80.2057195740243,25.795266096409]]]},"properties":{"FID":625,"M21_ZONE":"CI-HD","Map_Code":"CI-HD","Transect":"CI-HD","Transect_D":"Civic Institution - Health District Zone","Bldg_Heigh":" ","Intensity":" ","FLR":" ","Enact":"13114","Shape_STAr":12766161.4037,"Shape_STLe":17156.6172216,"Shape__Area":1469032.947265625,"Shape__Length":5819.1450470511227}},{"type":"Feature","id":633,"geometry":{"type":"Polygon","coordinates":[[[-80.2068430148447,25.7858835644298],[-80.2068355531753,25.7856477902461],[-80.2068357256956,25.7856477848681],[-80.2072660032047,25.7856336478297],[-80.2073517608874,25.7856314053691],[-80.2073663029663,25.7856310251553],[-80.2073684778173,25.7856900667439],[-80.2073783744851,25.7860029017296],[-80.2073174754881,25.7860049700497],[-80.2072158797583,25.7860084205736],[-80.2072115307266,25.7858709150707],[-80.2069587323803,25.7858795024276],[-80.2068430148447,25.7858835644298]]]},"properties":{"FID":633,"M21_ZONE":"D1","Map_Code":"D1","Transect":"D1","Transect_D":"Work Place District Zone","Bldg_Heigh":" ","Intensity":" ","FLR":" ","Enact":"13114","Shape_STAr":17634.9749455,"Shape_STLe":620.58307099,"Shape__Area":2029.12890625,"Shape__Length":210.43579430747567}},{"type":"Feature","id":636,"geometry":{"type":"Polygon","coordinates":[[[-80.2068707027399,25.7864957701762],[-80.2068701483699,25.7864837826638],[-80.2068443865256,25.7859269144776],[-80.2068430148447,25.7858835644298],[-80.2069587323803,25.7858795024276],[-80.2072115307266,25.7858709150707],[-80.2072158797583,25.7860084205736],[-80.2073174754881,25.7860049700497],[-80.2073196046338,25.7861409208232],[-80.2073217212347,25.7862760591406],[-80.2073240672851,25.7864260247403],[-80.2073259737193,25.7865477846272],[-80.2073265110217,25.7866218852304],[-80.2068761239817,25.7866271606444],[-80.2068749252494,25.7865870367136],[-80.2068707027399,25.7864957701762]]]},"properties":{"FID":636,"M21_ZONE":"T6-12-O","Map_Code":"T6-12","Transect":"T6","Transect_D":"Urban Core Zone","Bldg_Heigh":"12","Intensity":"O","FLR":" ","Enact":"14146","Shape_STAr":39697.4349777,"Shape_STLe":847.781774878,"Shape__Area":4567.724609375,"Shape__Length":287.80014298225797}},{"type":"Feature","id":638,"geometry":{"type":"Polygon","coordinates":[[[-80.2023345256104,25.7825625640007],[-80.2017163260318,25.7825797527641],[-80.2017153641352,25.782500933486],[-80.2017036501103,25.7821089790986],[-80.2018570408318,25.7821055863458],[-80.2020118674222,25.7821021624927],[-80.2021635669639,25.7820988106888],[-80.2023188103453,25.7820953779624],[-80.2023302632593,25.7824785273578],[-80.2023345256104,25.7825625640007]]]},"properties":{"FID":638,"M21_ZONE":"T5-L","Map_Code":"T5","Transect":"T5","Transect_D":"Urban Center Zone","Bldg_Heigh":" ","Intensity":"L","FLR":" ","Enact":"14144","Shape_STAr":34546.3294484,"Shape_STLe":747.08971953,"Shape__Area":3974.75390625,"Shape__Length":253.35285313940975}},{"type":"Feature","id":652,"geometry":{"type":"Polygon","coordinates":[[[-80.1915367441482,25.7906356883272],[-80.1915477243492,25.7910138901811],[-80.1914620733144,25.791016729514],[-80.1912667004831,25.7910211810867],[-80.1912292290467,25.7910220342487],[-80.1908034531057,25.7910317345363],[-80.1907130655472,25.791032878081],[-80.19071172443,25.7908880751027],[-80.1907114471686,25.790857978384],[-80.1907096394079,25.7906628014542],[-80.1915164644931,25.7906363428573],[-80.1915367441482,25.7906356883272]]]},"properties":{"FID":652,"M21_ZONE":"T6-24B-O","Map_Code":"T6-24","Transect":"T6","Transect_D":"Urban Core Zone","Bldg_Heigh":"24","Intensity":"O","FLR":"B","Enact":"14184","Shape_STAr":37281.5104705,"Shape_STLe":819.115113079,"Shape__Area":4290.05078125,"Shape__Length":277.60954416106659}},{"type":"Feature","id":664,"geometry":{"type":"Polygon","coordinates":[[[-80.2076504457098,25.7717731556476],[-80.2072680771775,25.7717843684663],[-80.2072617514841,25.7717062473653],[-80.2072529437155,25.7714312424699],[-80.2072485472581,25.7712926234779],[-80.2073950809358,25.7712877854545],[-80.2073819591131,25.770876094576],[-80.2073780468678,25.7708107284558],[-80.207528280764,25.7708067408799],[-80.2076249277601,25.7708042107382],[-80.2076249989374,25.7708070030297],[-80.2076504457098,25.7717731556476]]]},"properties":{"FID":664,"M21_ZONE":"T5-L","Map_Code":"T5","Transect":"T5","Transect_D":"Urban Center Zone","Bldg_Heigh":" ","Intensity":"L","FLR":" ","Enact":"14203","Shape_STAr":36747.2063552,"Shape_STLe":960.103689672,"Shape__Area":4227.212890625,"Shape__Length":326.0520566809634}},{"type":"Feature","id":677,"geometry":{"type":"Polygon","coordinates":[[[-80.1939265742166,25.7911940548082],[-80.1939167729184,25.7908019993758],[-80.1940025874143,25.7907989943142],[-80.1943085348889,25.790787922285],[-80.1943152653612,25.7907869919274],[-80.1943118730603,25.7906483606757],[-80.1943068049645,25.7905296072843],[-80.19468739842,25.7905157561378],[-80.1947060172679,25.7912018285461],[-80.1946139883627,25.7912037146244],[-80.194316329855,25.7912091185259],[-80.1943158179184,25.7911876453018],[-80.1940119880394,25.7911935767459],[-80.1939265742166,25.7911940548082]]]},"properties":{"FID":677,"M21_ZONE":"T6-24B-O","Map_Code":"T6-24","Transect":"T6","Transect_D":"Urban Core Zone","Bldg_Heigh":"24","Intensity":"O","FLR":"B","Enact":"14209","Shape_STAr":49951.9825572,"Shape_STLe":1006.3419553,"Shape__Area":5748.0703125,"Shape__Length":341.35741199804283}},{"type":"Feature","id":680,"geometry":{"type":"Polygon","coordinates":[[[-80.1853792818464,25.8106830581371],[-80.1853791722921,25.8096157380759],[-80.185379082664,25.8094621832756],[-80.1853790806524,25.8087678319477],[-80.1853789565364,25.8086196070539],[-80.1853790657475,25.8084646768138],[-80.1853789101342,25.8082652085919],[-80.1853788415982,25.8075252894595],[-80.1853789045652,25.8072104418487],[-80.1853788440172,25.8069415047638],[-80.1853786869076,25.8066311266959],[-80.1853787421289,25.8064839344876],[-80.1853786541295,25.806219296521],[-80.1853786750131,25.8059381497762],[-80.1853785695304,25.8058707450652],[-80.1853785373159,25.8055696522602],[-80.1853785886555,25.8053676062628],[-80.1853814504158,25.8049769430178],[-80.1853784305467,25.8047239814373],[-80.1853784482548,25.8044438672443],[-80.1853783411602,25.8042925471889],[-80.185378376812,25.8040373677547],[-80.1853738119606,25.8039377316566],[-80.186769864203,25.8039014243538],[-80.1867818817719,25.8038878859921],[-80.1867737106989,25.8036378183049],[-80.1867630604676,25.8033110858843],[-80.1867627938624,25.8033029578748],[-80.185371418663,25.8033244916717],[-80.1853720254868,25.8032159059252],[-80.185372469369,25.8029842877876],[-80.1853724772622,25.8028998570838],[-80.1853727965279,25.8026586061081],[-80.1853731767222,25.8023807306238],[-80.1853731883026,25.802351326108],[-80.1853736719265,25.8020583192414],[-80.1853739944751,25.8017888687056],[-80.1853742176452,25.801672800563],[-80.1853745648559,25.8013997386661],[-80.1853750413504,25.8011077634459],[-80.1853752219814,25.8009702021576],[-80.185375560727,25.8006706583669],[-80.1853759263008,25.8003673326285],[-80.1853761554659,25.8002223762214],[-80.1853764957447,25.8000337441112],[-80.1853766796536,25.7998401249046],[-80.185376988373,25.7996838199665],[-80.1853770046147,25.7996258710961],[-80.1853774633396,25.7993364745656],[-80.1853775461248,25.7991576428224],[-80.1853780344025,25.7988916321904],[-80.1853780373428,25.7988359190934],[-80.185378443466,25.7985539167133],[-80.1853788006727,25.7982796506275],[-80.1853790885555,25.7981539533643],[-80.1853797462101,25.7976408451813],[-80.1853801970476,25.7972917502211],[-80.1853751694196,25.7971329195205],[-80.1870354690554,25.797084858041],[-80.1870595717314,25.79702442069],[-80.187153628124,25.7970219740207],[-80.1871288699272,25.79624217204],[-80.187835349316,25.7962237894538],[-80.1878354704756,25.7961587481228],[-80.1878265049818,25.7958297492455],[-80.187993646348,25.795825653011],[-80.1880551076831,25.7958242026021],[-80.1880633700568,25.7961521468709],[-80.1880652996937,25.7962228050897],[-80.1890524230072,25.7961940835461],[-80.189054926332,25.7966259968322],[-80.1889105324287,25.7966279663241],[-80.1882840229257,25.7966397553117],[-80.1882861877489,25.7967924356283],[-80.1880731974308,25.7967964486118],[-80.1880774034733,25.7970879655545],[-80.1880819612125,25.7971514957953],[-80.1882389790506,25.7971513063146],[-80.1882413253347,25.797226100068],[-80.1882430414327,25.7977005334391],[-80.18824348599,25.7977266133778],[-80.1881472851711,25.7977262893803],[-80.1881571741172,25.7981435134773],[-80.1881839332852,25.7990108514868],[-80.1881884969483,25.7991544690376],[-80.1881949831526,25.799358673911],[-80.1881950277231,25.7993600353504],[-80.1882056348672,25.7996941034715],[-80.1882056814442,25.7996954631168],[-80.1882095904796,25.7998185210376],[-80.1882180516728,25.8000849888167],[-80.1882221459956,25.800214222768],[-80.1882221975522,25.8002155833437],[-80.1882249328516,25.8002806965535],[-80.1882369056928,25.8005928794785],[-80.1882392025358,25.8005928173809],[-80.1882561510227,25.8009692802238],[-80.1884405088262,25.8009643815858],[-80.1884405404248,25.8009657447578],[-80.1884425938081,25.8010308568616],[-80.188442668307,25.8010322166624],[-80.1884464668639,25.8011030143444],[-80.188446541369,25.8011043732426],[-80.1884542002399,25.8012467118267],[-80.1884542647544,25.8012479271484],[-80.1884586051435,25.8013287724979],[-80.1884586776546,25.8013301313849],[-80.1884734071443,25.8016098289709],[-80.1884734337762,25.8016111894072],[-80.1884736968261,25.8016514804817],[-80.1884741650996,25.8017240088993],[-80.1884742216448,25.8017253695025],[-80.1884886236459,25.8019976707698],[-80.1884886881805,25.8019990296122],[-80.1884940986159,25.8021135396917],[-80.1884941701366,25.8021148976705],[-80.1884994167346,25.8022260859993],[-80.1884994653033,25.8022274465579],[-80.1885013423545,25.8022860974294],[-80.1884798837275,25.8022866546539],[-80.1884799093437,25.8022880177922],[-80.1884813791187,25.8023370685558],[-80.1884814526335,25.8023384265456],[-80.1884846972477,25.8023974479125],[-80.1884847717475,25.8023988077131],[-80.188494219397,25.8025703117199],[-80.1884942949124,25.8025716688181],[-80.1885086079662,25.8028284936946],[-80.1885086595325,25.8028298533672],[-80.1885106216051,25.8028909553922],[-80.1885109028174,25.802892271214],[-80.1885216489619,25.8029334521238],[-80.1885262142012,25.8031518610392],[-80.1885247866591,25.8031847445851],[-80.1885247902259,25.8031858313906],[-80.1885259072193,25.8032177235896],[-80.188525987721,25.8032190807156],[-80.1885274936107,25.8032418953701],[-80.1885275840775,25.8032432534544],[-80.1885450103841,25.8035074007943],[-80.1885450769078,25.8035087605502],[-80.1885472450038,25.8035667017512],[-80.1885246840715,25.803567288932],[-80.1885247236602,25.8035686503428],[-80.1885269365869,25.8036244001696],[-80.1885413099728,25.8039409046753],[-80.1885540242464,25.8042215197399],[-80.1885522031219,25.8042993040996],[-80.1885522216223,25.8043005408276],[-80.1885858241955,25.8051677619623],[-80.1885858757629,25.8051691216344],[-80.1885904844826,25.805288042934],[-80.188590544015,25.8052894044558],[-80.1885981220475,25.8054849426356],[-80.1886366001023,25.8064797174992],[-80.1883814423598,25.8064864785272],[-80.1883823939861,25.8065673735081],[-80.1883914020764,25.8068581360968],[-80.1885381475275,25.8068550359222],[-80.1885460406356,25.8070843871135],[-80.188367875447,25.8070896479379],[-80.1882219801729,25.8070939396608],[-80.1882220487003,25.807095297622],[-80.1882561756049,25.8076748203758],[-80.1882644973781,25.8078161642232],[-80.1883104018124,25.8078149681616],[-80.1883816127546,25.8078131163273],[-80.18838166432,25.807814475999],[-80.1883859328259,25.8078975377781],[-80.1883860053318,25.8078988975666],[-80.1883885960283,25.8079553977651],[-80.1883917983983,25.8080254527912],[-80.1883918619297,25.8080268125296],[-80.1884009850356,25.8082260556024],[-80.1884010605455,25.8082274136024],[-80.1884088026332,25.8083580000835],[-80.1884130370722,25.8084290880775],[-80.1884192335878,25.8085336101705],[-80.1884185004324,25.8085845739389],[-80.1884170752241,25.8086835419304],[-80.18841711182,25.8086849033237],[-80.1884254892149,25.8089210080496],[-80.1884255387742,25.8089223695151],[-80.1884296489901,25.8090381837799],[-80.1884299353536,25.8090394770636],[-80.1884399619191,25.8090743724304],[-80.1884400924036,25.8090757117816],[-80.1884484463347,25.8092949233608],[-80.1884484978887,25.8092962848374],[-80.1884521281979,25.8093915016667],[-80.1884521717683,25.8093928640014],[-80.1884540818783,25.8094533934075],[-80.1887392470912,25.8094441677142],[-80.188739251775,25.8094455298319],[-80.1887406433524,25.8096350677994],[-80.1887412818193,25.8097218543709],[-80.1887421249224,25.8098387714738],[-80.1885546133883,25.8098436318718],[-80.1885549020314,25.8098668404875],[-80.1885549136871,25.8098682035465],[-80.1885569265989,25.8101273623686],[-80.1885569601926,25.8101287255501],[-80.1885588328764,25.8101937318605],[-80.1885848864524,25.810191664899],[-80.1885849150666,25.8101930271501],[-80.1885869870934,25.8102590753221],[-80.1885870456293,25.8102604368375],[-80.1885921209644,25.8103689847592],[-80.1886063888974,25.8103688910874],[-80.1886063935793,25.8103702532049],[-80.1886076563383,25.8105726630475],[-80.1886078177325,25.8105740034735],[-80.1886209967804,25.8106579264308],[-80.1886215121155,25.8106685001823],[-80.1886147494375,25.8106687169831],[-80.188272494845,25.8106795760349],[-80.1882507420527,25.8106885414972],[-80.1859037746118,25.8107699756199],[-80.1853771048441,25.8107836700399],[-80.1853793278994,25.8107595782783],[-80.1853792818464,25.8106830581371]]]},"properties":{"FID":680,"M21_ZONE":"T6-36A-L","Map_Code":"T6-36","Transect":"T6","Transect_D":"Urban Core Zone","Bldg_Heigh":"36","Intensity":"L","FLR":"A","Enact":"13114","Shape_STAr":5015504.21126,"Shape_STLe":14938.2517597,"Shape__Area":577266.1796875,"Shape__Length":5074.0853969562068}},{"type":"Feature","id":682,"geometry":{"type":"Polygon","coordinates":[[[-80.2011563947841,25.7726331556206],[-80.2012477657402,25.7729342301233],[-80.2007174209948,25.7730175214043],[-80.200685688064,25.773022455213],[-80.2005185657807,25.7730484289564],[-80.2003171318969,25.7726872149014],[-80.2003824890376,25.7726778985147],[-80.2004394551341,25.7726690333567],[-80.2005857947646,25.7726462627734],[-80.2007615404406,25.7726432519095],[-80.2010118925475,25.7726389598022],[-80.2010492351377,25.7726383199399],[-80.2011563947841,25.7726331556206]]]},"properties":{"FID":682,"M21_ZONE":"T4-R","Map_Code":"T4","Transect":"T4","Transect_D":"General Urban Zone","Bldg_Heigh":" ","Intensity":"R","FLR":" ","Enact":"13114","Shape_STAr":33632.7794292,"Shape_STLe":781.64391515,"Shape__Area":3869.025390625,"Shape__Length":264.81987793318888}},{"type":"Feature","id":683,"geometry":{"type":"Polygon","coordinates":[[[-80.20181116887,25.7719450258599],[-80.2019666742489,25.7719381537943],[-80.2019688180195,25.772010525707],[-80.2019835015157,25.7724267989736],[-80.2018279321755,25.7724315133573],[-80.2018409822764,25.7728014382327],[-80.2018469208334,25.7729117179379],[-80.2012477657402,25.7729342301233],[-80.2011563947841,25.7726331556206],[-80.2010701489353,25.7723568598933],[-80.200968226903,25.7720284961538],[-80.2009499277108,25.7719695482255],[-80.20181116887,25.7719450258599]]]},"properties":{"FID":683,"M21_ZONE":"T5-O","Map_Code":"T5","Transect":"T5","Transect_D":"Urban Center Zone","Bldg_Heigh":" ","Intensity":"O","FLR":" ","Enact":"14255","Shape_STAr":93695.6864902,"Shape_STLe":1299.83659238,"Shape__Area":10778.44140625,"Shape__Length":440.94296746431382}},{"type":"Feature","id":684,"geometry":{"type":"Polygon","coordinates":[[[-80.1743445169132,25.7842102841606],[-80.174779903569,25.7848685035161],[-80.175493638201,25.7859513986103],[-80.1755150248165,25.785940934493],[-80.1757204179832,25.7863295538872],[-80.1758251743837,25.786480234916],[-80.1758953087168,25.7865669649387],[-80.1759526413982,25.7866313288569],[-80.1759860865645,25.7866665310523],[-80.1760104420658,25.7866911740497],[-80.1762067726698,25.7868439206288],[-80.1762153181815,25.7868384367041],[-80.1762506967481,25.7868840248036],[-80.1763379639375,25.7869438525884],[-80.1764639665341,25.7869855199395],[-80.1770381822636,25.7873304861947],[-80.1775848046188,25.7875777190726],[-80.1781988640171,25.7877616943684],[-80.1776070956343,25.7885218234393],[-80.1765748283182,25.7878610471847],[-80.1758665256074,25.7873970918241],[-80.1758589434152,25.7874031173562],[-80.1758054333111,25.7873688584461],[-80.1756128809947,25.7873627802187],[-80.1754053773063,25.7873490519079],[-80.1751609279773,25.787318714542],[-80.1750096392697,25.7872991772543],[-80.174757659079,25.7872248358448],[-80.1744670747584,25.7871245052921],[-80.1742353422598,25.7870377356306],[-80.1741396475806,25.7869895155263],[-80.1739673873621,25.7869433058732],[-80.1739010196821,25.7869687211921],[-80.1738341132978,25.787003529963],[-80.1738627627377,25.7871621187368],[-80.1736645410465,25.7871631998264],[-80.1731954624261,25.7871657571389],[-80.1729942721277,25.7869859338666],[-80.1727750186918,25.7867899639819],[-80.172434177545,25.7864853168183],[-80.1722878285125,25.7857410715329],[-80.172178223833,25.7851836842477],[-80.1725963829989,25.7851810128734],[-80.1725846661757,25.7851818669309],[-80.1725970396647,25.7851817838572],[-80.1724880558861,25.7847932356709],[-80.1724841775991,25.7847775653417],[-80.1724814334708,25.7847622453719],[-80.1724796426382,25.784746759322],[-80.1724788009198,25.7847312786709],[-80.1724789083153,25.7847158034187],[-80.1724799648244,25.7847003335654],[-80.1725166601929,25.7843389243041],[-80.1725189610445,25.7843084992688],[-80.1725192598501,25.7842930251044],[-80.1725191758211,25.7842775487623],[-80.1725185235223,25.7842620691879],[-80.1725174913802,25.7842465874529],[-80.1724995977743,25.7840334341554],[-80.1724952437122,25.7840040038923],[-80.1724917397127,25.7839888520046],[-80.1724870959683,25.783973868747],[-80.1724816911818,25.7839592205551],[-80.1724753320986,25.7839447402428],[-80.1722907360807,25.7835595438428],[-80.1722836181619,25.7835452307075],[-80.1722764990482,25.7835310899705],[-80.1722691883205,25.7835171205483],[-80.1722616881788,25.7835031491453],[-80.1722538069885,25.7834893497847],[-80.1722172761916,25.7834258411744],[-80.1721952560501,25.7833875619369],[-80.1722031017064,25.7833812005007],[-80.1721099997576,25.783164558316],[-80.1720643348171,25.7830500505435],[-80.1719659545137,25.782859508927],[-80.1719300879399,25.7827352821265],[-80.1718847318285,25.7826356435377],[-80.1718608448116,25.7825391844061],[-80.171852088236,25.7823977729711],[-80.1718537912669,25.7821657403459],[-80.171814634794,25.7820411048414],[-80.1717776219852,25.7816363769023],[-80.171757299635,25.7814158566894],[-80.1717277664951,25.7810953908876],[-80.1717418279144,25.7811034223481],[-80.1717741621538,25.7811210410295],[-80.1718731058019,25.7811768037682],[-80.1719710865508,25.7812342768911],[-80.1720679211286,25.7812932923679],[-80.1721634111586,25.7813538472667],[-80.1722579436298,25.7814157749971],[-80.1723511365662,25.7814792385721],[-80.1724431783471,25.7815442453844],[-80.1725338827576,25.7816106201664],[-80.1727180294241,25.7817592040083],[-80.1727894008896,25.7818197946674],[-80.1728594341649,25.7818815800092],[-80.1729283206509,25.781944562929],[-80.1729960617419,25.7820083986253],[-80.1730626540433,25.7820734327941],[-80.1731277209202,25.7821394890855],[-80.1731916402084,25.7822065705514],[-80.1732542244749,25.7822746770308],[-80.1733156611643,25.7823438068826],[-80.1733755725989,25.7824137900702],[-80.1734341470278,25.7824847964596],[-80.1734913876389,25.7825566536652],[-80.1731708854691,25.7827621243207],[-80.1728503822178,25.7829675924321],[-80.1727951081943,25.7831326979866],[-80.1728170816571,25.7831410767203],[-80.1728314583245,25.7831494122579],[-80.1728444919329,25.7831596321044],[-80.1728558072271,25.7831712169101],[-80.1728652137696,25.7831841683009],[-80.1728723341239,25.783198137515],[-80.1728773599039,25.7832129532368],[-80.1728789628035,25.783221903962],[-80.1728801020535,25.783228274094],[-80.1728809245447,25.7832466774053],[-80.1728809173952,25.7832477081865],[-80.1728809114352,25.7832485674717],[-80.1728807150503,25.7832494265769],[-80.1728807090778,25.7832502876673],[-80.1728807031241,25.7832511460499],[-80.1728806959621,25.7832521786363],[-80.1728806899958,25.7832530388241],[-80.172880684042,25.7832538972067],[-80.1728804886604,25.7832547554149],[-80.1728804814921,25.7832557889039],[-80.1728804755384,25.7832566472865],[-80.1728804695784,25.7832575065717],[-80.1728804636058,25.7832583676621],[-80.1728804564563,25.7832593984433],[-80.1728802600777,25.7832602566459],[-80.1728802541114,25.7832611168337],[-80.1728802481514,25.7832619761189],[-80.1728802409832,25.7832630096079],[-80.1728802350231,25.783263868893],[-80.1728802290694,25.7832647272756],[-80.1728800316876,25.7832655863752],[-80.1728800245318,25.7832666180589],[-80.1728800185593,25.7832674791494],[-80.1728800126055,25.783268337532],[-80.1728800066455,25.7832691968171],[-80.1728800006792,25.7832700570049],[-80.1728798050987,25.7832710876174],[-80.1728797991262,25.7832719487079],[-80.1728797931662,25.783272807993],[-80.1728797871999,25.7832736681808],[-80.1728797800567,25.7832746980594],[-80.1728796990713,25.783275880968],[-80.1728795727424,25.7832772766433],[-80.1728795655804,25.7832783092297],[-80.1728795596141,25.7832791694175],[-80.1728795536603,25.7832800278],[-80.1728795477003,25.7832808870852],[-80.1728795405445,25.783281918769],[-80.1728793441596,25.7832827778742],[-80.1728793381996,25.7832836371594],[-80.172879332227,25.7832844982498],[-80.1728793250775,25.783285529031],[-80.1728793191175,25.7832863883162],[-80.1728793131512,25.7832872485039],[-80.172879117757,25.7832881085174],[-80.1728791106137,25.783289138396],[-80.1728791046412,25.7832899994864],[-80.1728790986749,25.7832908596742],[-80.1728790927211,25.7832917180568],[-80.1728790867611,25.7832925773419],[-80.1728790795928,25.7832936108309],[-80.1728788832204,25.7832944681309],[-80.1728788772603,25.7832953274161],[-80.1728788712878,25.7832961885065],[-80.1728788641383,25.7832972192877],[-80.1728788581782,25.7832980785729],[-80.1728788522245,25.7832989369554],[-80.1728788462394,25.7832997998511],[-80.1728786496744,25.7833008286527],[-80.1728786437018,25.7833016897431],[-80.1728786377481,25.7833025481257],[-80.1728786317818,25.7833034083135],[-80.1728786246385,25.783304438192],[-80.172878618666,25.7833052992824],[-80.1728786126997,25.7833061594702],[-80.172878416321,25.7833070176728],[-80.1728784091651,25.7833080493566],[-80.1728784031989,25.7833089095444],[-80.1728783972388,25.7833097688296],[-80.1728783912851,25.7833106272121],[-80.1728783841167,25.7833116607011],[-80.1728783781567,25.7833125199863],[-80.1728781827812,25.783313377292],[-80.1728781768086,25.7833142383824],[-80.1728781708549,25.7833150967649],[-80.1728781636991,25.7833161284487],[-80.1728781577265,25.7833169895391],[-80.1728781517602,25.7833178497269],[-80.1728781458002,25.7833187090121],[-80.1728781386444,25.7833197406959],[-80.1728779422593,25.783320599801],[-80.1728779362993,25.7833214590862],[-80.1728779303267,25.7833223201766],[-80.1728779231772,25.7833233509578],[-80.1728779172172,25.783324210243],[-80.1728779112509,25.7833250704308],[-80.1728779052908,25.7833259297159],[-80.172877898135,25.7833269613997],[-80.1728777027407,25.7833278214132],[-80.1728776967869,25.7833286797958],[-80.1728776908206,25.7833295399836],[-80.1728776836648,25.7833305716673],[-80.1728776777048,25.7833314309525],[-80.1728776717384,25.7833322911403],[-80.1728776657784,25.7833331504255],[-80.1728776598058,25.7833340115159],[-80.1728774622376,25.7833350412145],[-80.1728774562775,25.7833359004996],[-80.1728774503112,25.7833367606874],[-80.1728774443511,25.7833376199726],[-80.1728774371953,25.7833386516564],[-80.1728774312228,25.7833395127468],[-80.172877425269,25.7833403711293],[-80.1728774193027,25.7833412313171],[-80.1728772227251,25.783342261924],[-80.172877216765,25.7833431212091],[-80.1728772107987,25.7833439813969],[-80.1728772048387,25.7833448406821],[-80.1728771976829,25.7833458723659],[-80.1728771917165,25.7833467325537],[-80.1728771857565,25.7833475918389],[-80.1728771797901,25.7833484520266],[-80.1728771726343,25.7833494837104],[-80.1728769762555,25.783350341913],[-80.1728769702892,25.7833512021008],[-80.1728769643291,25.7833520613859],[-80.1728769571608,25.7833530948749],[-80.1728769512007,25.7833539541601],[-80.172876945247,25.7833548125427],[-80.1728769392806,25.7833556727305],[-80.1728769321186,25.7833567053169],[-80.1728769261648,25.7833575636994],[-80.1728767307766,25.7833584228103],[-80.1728767248166,25.7833592820954],[-80.172876718844,25.7833601431858],[-80.1728767116944,25.783361173967],[-80.1728767057344,25.7833620332522],[-80.172876699768,25.78336289344],[-80.172876693808,25.7833637527252],[-80.1728766866522,25.7833647844089],[-80.1728766806858,25.7833656445967],[-80.1728766747258,25.7833665038819],[-80.1728764783407,25.7833673629871],[-80.1728764711848,25.7833683946708],[-80.1728764652248,25.783369253956],[-80.1728764592585,25.7833701141438],[-80.1728764532984,25.783370973429],[-80.1728764461426,25.7833720051128],[-80.1728764401762,25.7833728653005],[-80.1728764342161,25.7833737245857],[-80.1728764282498,25.7833745847735],[-80.172876421094,25.7833756164573],[-80.1728762257121,25.7833764746655],[-80.1728762197395,25.7833773357559],[-80.1728762137857,25.7833781941385],[-80.1728762066299,25.7833792258222],[-80.1728762006635,25.78338008601],[-80.1728761947035,25.7833809452952],[-80.1728761887371,25.783381805483],[-80.1728761827771,25.7833826647681],[-80.1728761756212,25.7833836964519],[-80.1728761696549,25.7833845566397],[-80.1728761636948,25.7833854159249],[-80.1728759673097,25.78338627503],[-80.1728759601539,25.7833873067138],[-80.1728759541938,25.783388165999],[-80.1728759482274,25.7833890261868],[-80.1728759422674,25.783389885472],[-80.1728759351115,25.7833909171557],[-80.1728759291389,25.7833917782461],[-80.1728759231851,25.7833926366287],[-80.1728759172188,25.7833934968165],[-80.1728759100567,25.7833945294028],[-80.1728759041029,25.7833953877854],[-80.1728758981366,25.7833962479732],[-80.1728757027421,25.7833971079866],[-80.1728756955987,25.7833981378652],[-80.1728756896324,25.783398998053],[-80.1728756836723,25.7833998573381],[-80.1728756776997,25.7834007184285],[-80.1728756705501,25.7834017492097],[-80.1728756645901,25.7834026084948],[-80.1728756586175,25.7834034695852],[-80.1728756526636,25.7834043279678],[-80.1728756466973,25.7834051881556],[-80.1728756395352,25.783406220742],[-80.1728756335814,25.7834070791245],[-80.172875627615,25.7834079393123],[-80.1728754302392,25.7834087975092],[-80.1728754230833,25.783409829193],[-80.172875417117,25.7834106893807],[-80.1728754111569,25.7834115486659],[-80.1728754051905,25.7834124088537],[-80.1728753980347,25.7834134405375],[-80.1728753920683,25.7834143007252],[-80.172875386102,25.783415160913],[-80.1728753801419,25.7834160201982],[-80.1728753729861,25.7834170518819],[-80.1728753670135,25.7834179129723],[-80.1728753610596,25.7834187713549],[-80.1728753550995,25.7834196306401],[-80.1728753479312,25.783420664129],[-80.1728753419773,25.7834215225116],[-80.1728751455984,25.7834223807142],[-80.172875139632,25.7834232409019],[-80.1728751324762,25.7834242725857],[-80.1728751265161,25.7834251318709],[-80.1728751205497,25.7834259920586],[-80.1728751145897,25.7834268513438],[-80.1728751074338,25.7834278830276],[-80.1728751014675,25.7834287432154],[-80.1728750954948,25.7834296043057],[-80.172875089541,25.7834304626883],[-80.1728750835809,25.7834313219735],[-80.1728750764126,25.7834323554624],[-80.1728750704587,25.783433213845],[-80.1728750644986,25.7834340731302],[-80.172875058526,25.7834349342206],[-80.1728750513764,25.7834359650017],[-80.1728748569913,25.7834368232156],[-80.172874851025,25.7834376834034],[-80.1728748450524,25.7834385444938],[-80.172874837909,25.7834395743723],[-80.1728748319364,25.7834404354627],[-80.17287482597,25.7834412956505],[-80.1728748200162,25.783442154033],[-80.1728748128603,25.7834431857168],[-80.1728748069003,25.783444045002],[-80.1728748009339,25.7834449051897],[-80.1728747949738,25.7834457644749],[-80.1728747878054,25.7834467979639],[-80.1728747818516,25.7834476563464],[-80.1728747758915,25.7834485156316],[-80.1728747699251,25.7834493758194],[-80.1728747627692,25.7834504075031],[-80.1728747567966,25.7834512685935],[-80.1728747508428,25.7834521269761],[-80.1728747448702,25.7834529880665],[-80.1728747377268,25.783454017945],[-80.1728745423385,25.7834548770558],[-80.1728745363659,25.7834557381462],[-80.172874530412,25.7834565965288],[-80.1728745244519,25.783457455814],[-80.1728745172835,25.7834584893029],[-80.1728745113297,25.7834593476855],[-80.1728745053696,25.7834602069706],[-80.1728744994032,25.7834610671584],[-80.1728744922474,25.7834620988422],[-80.1728744862873,25.7834629581273],[-80.1728744803209,25.7834638183151],[-80.1728744743608,25.7834646776003],[-80.1728744672049,25.783465709284],[-80.1728744612386,25.7834665694718],[-80.1728744552785,25.783467428757],[-80.1728744493121,25.7834682889447],[-80.1728744421562,25.7834693206285],[-80.1728744361836,25.7834701817189],[-80.1728744302297,25.7834710401014],[-80.1728744242696,25.7834718993866],[-80.1728744171138,25.7834729310704],[-80.1728744111474,25.7834737912581],[-80.1728744051873,25.7834746505433],[-80.1728743992209,25.7834755107311],[-80.172874392065,25.7834765424148],[-80.1728743861049,25.7834774017],[-80.1728743801323,25.7834782627904],[-80.172874183747,25.7834791218955],[-80.1728741766036,25.7834801517741],[-80.1728741706372,25.7834810119618],[-80.1728741646771,25.783481871247],[-80.1728741587107,25.7834827314348],[-80.1728741527506,25.7834835907199],[-80.1728741455822,25.7834846242089],[-80.1728741396284,25.7834854825914],[-80.1728741288977,25.7834870296658],[-80.1731073785042,25.7834845744205],[-80.1731066808349,25.7834756270376],[-80.1731065249899,25.7834706399348],[-80.1731065607593,25.7834654815157],[-80.1731065953394,25.7834604945926],[-80.1731066299133,25.7834555085721],[-80.1731068549124,25.7834505227313],[-80.1731072705226,25.7834453664711],[-80.1731074945184,25.7834403815272],[-80.1731080993583,25.7834353978453],[-80.1731087031949,25.7834304150604],[-80.1731093092238,25.7834252598825],[-80.1731101034855,25.7834202772773],[-80.1731110871627,25.7834152966513],[-80.1731120706539,25.7834104866243],[-80.1731132447498,25.7834055070806],[-80.1731144188519,25.7834005266342],[-80.1731155917585,25.7833957185864],[-80.173116955276,25.7833907401192],[-80.1731185080231,25.7833859342304],[-80.1731200619654,25.7833809559428],[-80.1731216147122,25.7833761500539],[-80.1731233566823,25.7833715176458],[-80.1731252892694,25.7833667139157],[-80.1731272218565,25.7833619101856],[-80.1731291532542,25.7833572779515],[-80.1731312740673,25.7833526476965],[-80.1731333958835,25.7833480165446],[-80.1731357071151,25.7833433873718],[-80.1731382077745,25.783338758373],[-80.1731405178166,25.7833343006961],[-80.173143207699,25.783329845178],[-80.1731457081595,25.7833253885833],[-80.1731485874507,25.783320935947],[-80.1731512761622,25.7833166492169],[-80.1731541564626,25.7833121947809],[-80.1731572237812,25.7833080880238],[-80.17316029232,25.7833038052576],[-80.173163359657,25.7832996957925],[-80.1731666164155,25.783295587404],[-80.1731698741707,25.783291479021],[-80.1731731309163,25.7832873724374],[-80.17317657691,25.7832834357242],[-80.1731802133033,25.783279502801],[-80.1731838475167,25.7832757404653],[-80.1731874827267,25.7832719781353],[-80.1731911169521,25.7832682139943],[-80.1731949415709,25.7832644545457],[-80.1731989554379,25.7832608649675],[-80.1732027788797,25.7832572752095],[-80.1732067915446,25.7832538589322],[-80.1732088920768,25.7832521531342],[-80.1732109936309,25.7832504437313],[-80.173215195717,25.7832470285303],[-80.1732193966076,25.7832437857278],[-80.1732235974917,25.7832405438278],[-80.1732279866271,25.7832374717922],[-80.1732323779355,25.7832342300715],[-80.1732367658689,25.7832313313369],[-80.1732413444002,25.7832282639879],[-80.1732459225534,25.7832255387394],[-80.173250500911,25.7832226401839],[-80.1732552684854,25.7832199160116],[-80.1732600338612,25.7832173651347],[-80.1732648014352,25.7832146409621],[-80.1732695656405,25.783212258873],[-80.1732745214405,25.7832097081751],[-80.1732792854409,25.7832074993927],[-80.1732844294607,25.783205123072],[-80.1732893828885,25.783202914463],[-80.1732943371087,25.7832008791663],[-80.1732994777595,25.783198844929],[-80.1733046214009,25.7831968107083],[-80.1733097608499,25.7831949497718],[-80.1733150905442,25.7831932587109],[-80.173320229801,25.7831915692756],[-80.1733255594824,25.7831898800196],[-80.1733308879812,25.7831883613567],[-80.173336216461,25.7831868454015],[-80.1733415437581,25.7831855000395],[-80.1733468710676,25.7831841528721],[-80.1733523875879,25.7831829809903],[-80.1733577125008,25.7831819795224],[-80.1733632280178,25.7831808085371],[-80.1733687421665,25.7831799787441],[-80.1733742553057,25.7831791507505],[-80.173379769448,25.7831783218596],[-80.1733852813983,25.7831776653616],[-80.1733907943454,25.783177008869],[-80.1733963051006,25.7831765247691],[-80.1734018178558,25.7831760397778],[-80.1734073264252,25.7831757271679],[-80.1734130252088,25.7831755889465],[-80.1734185325957,25.7831754469296],[-80.1734240429609,25.7831753067347],[-80.1734295511405,25.7831753380299],[-80.1734352497386,25.7831753704068],[-80.1734407547356,25.7831755731863],[-80.1734422728947,25.7831757551197],[-80.1734436018365,25.7831757626701],[-80.1734447423537,25.7831757691499],[-80.1734458828709,25.7831757756297],[-80.1734472118127,25.78317578318],[-80.173448731173,25.7831757918122],[-80.1734504397694,25.7831759721196],[-80.1734519591297,25.7831759807517],[-80.1734532880715,25.783175988302],[-80.1734544263968,25.7831761671747],[-80.1734557543417,25.7831761747193],[-80.1734568948589,25.783176181199],[-80.1734580351844,25.7831763591804],[-80.1734589832891,25.7831763645669],[-80.1734601228094,25.783176371041],[-80.1734612611285,25.7831765508162],[-80.1734625920642,25.7831765583777],[-80.1734641078331,25.7831766536433],[-80.173465818027,25.7831767473056],[-80.1734673361925,25.7831769283362],[-80.1734686671282,25.7831769358977],[-80.1734698034659,25.7831771138563],[-80.1734709449801,25.7831771203416],[-80.1734722717238,25.7831773011873],[-80.1734737899017,25.7831774804126],[-80.1734751188436,25.7831774879626],[-80.173476256172,25.7831776668295],[-80.1734773955006,25.7831778448051],[-80.1734783455993,25.7831778502028],[-80.1734794839184,25.7831780299779],[-80.1734806222563,25.7831782070452],[-80.1734819505975,25.7831783012458],[-80.1734834558339,25.7831784776896],[-80.1734847981138,25.7831785746773],[-80.1734859364329,25.7831787544524],[-80.1734870747708,25.7831789315196],[-80.1734880238726,25.7831789369116],[-80.173489161201,25.7831791157784],[-80.1734906793728,25.7831792959062],[-80.1734923883469,25.7831795655772],[-80.173493906525,25.7831797448023],[-80.1734956141058,25.7831799278113],[-80.1734971316833,25.783180193687],[-80.1734982720151,25.7831803707655],[-80.1734995987652,25.7831805507083],[-80.1735011163365,25.7831808174866],[-80.1735024446777,25.783180911687],[-80.1735035824152,25.7831811754047],[-80.1735051019866,25.7831814412917],[-80.1735068079699,25.7831817109455],[-80.1735083255537,25.7831819759185],[-80.1735094638854,25.7831821538882],[-80.1735104117861,25.7831823325813],[-80.1735115501241,25.7831825096483],[-80.1735130676954,25.7831827764265],[-80.1735147750785,25.7831831318396],[-80.1735162936592,25.7831833968181],[-80.1735178102336,25.7831836635905],[-80.1735191373926,25.7831839283842],[-80.1735202572037,25.7831841892921],[-80.1735217946953,25.7831844588912],[-80.173522931027,25.7831846377521],[-80.1735242591642,25.7831849052592],[-80.1735253969142,25.7831851671715],[-80.1735265346392,25.7831854326943],[-80.1735276723767,25.7831856964118],[-80.1735286202775,25.7831858751048],[-80.173529758015,25.7831861388223],[-80.1735312749858,25.7831864922509],[-80.1735324127171,25.783186756871],[-80.1735337408669,25.7831870225729],[-80.1735352578441,25.7831873750988],[-80.1735367748212,25.7831877276247],[-80.1735382917984,25.7831880801506],[-80.1735399996093,25.7831885177067],[-80.1735415159859,25.7831889568831],[-80.1735426517296,25.7831892205892],[-80.1735437894484,25.7831894870144],[-80.1735455206335,25.7831898606154],[-80.1735466333932,25.7831902758354],[-80.1735477711308,25.7831905395528],[-80.1735489088559,25.7831908050754],[-80.1735500465935,25.7831910687928],[-80.1735511831426,25.7831915040061],[-80.1735523208677,25.7831917695287],[-80.173554026666,25.7831922097811],[-80.1735555430553,25.7831926471522],[-80.1735566827744,25.7831929126861],[-80.1735578173296,25.7831933478881],[-80.1735593343069,25.7831937004138],[-80.1735604728374,25.7831941374436],[-80.1735616085812,25.7831944011496],[-80.1735627471117,25.7831948381794],[-80.1735638828555,25.7831951018853],[-80.1735652098107,25.7831955399855],[-80.1735663485454,25.7831958037084],[-80.1735678613309,25.7831963295183],[-80.173569377126,25.7831968526373],[-80.1735705168576,25.7831971163658],[-80.1735716514004,25.7831975533729],[-80.1735731671831,25.7831980782971],[-80.173574682972,25.7831986023186],[-80.1735758226974,25.7831988669497],[-80.1735769572464,25.7831993030542],[-80.1735784730229,25.7831998288809],[-80.1735799888181,25.7832003519998],[-80.1735815046008,25.7832008769239],[-80.1735830233807,25.7832014009623],[-80.1735843477416,25.7832019257016],[-80.1735852815375,25.7832022694984],[-80.1735868092587,25.7832027981008],[-80.1735883250352,25.7832033239274],[-80.17358984023,25.7832039336968],[-80.1735912633022,25.7832044571915],[-80.173592682783,25.7832050673198],[-80.1735938193136,25.7832055052407],[-80.1735949558693,25.7832059395511],[-80.1735960924062,25.7832063765694],[-80.1735972289431,25.7832068135877],[-80.1735983654925,25.7832072488007],[-80.1735995020357,25.7832076849163],[-80.1736009225198,25.7832082941476],[-80.1736023415917,25.7832088194247],[-80.1736038581801,25.7832095158559],[-80.1736053733751,25.7832101256252],[-80.173606509912,25.7832105626433],[-80.1736075511377,25.7832110857742],[-80.1736089712254,25.7832116083491],[-80.17361048582,25.7832123047689],[-80.173611621769,25.7832128266324],[-80.1736126655954,25.7832132622213],[-80.1736137054277,25.7832136986901],[-80.1736148413768,25.7832142205536],[-80.1736159773196,25.7832147433197],[-80.1736170185454,25.7832152664505],[-80.173618058793,25.7832157868677],[-80.1736191953363,25.7832162229832],[-80.1736207105252,25.7832168336549],[-80.1736220356982,25.7832175289986],[-80.1736231716537,25.7832180499594],[-80.1736242128795,25.7832185730901],[-80.1736256317664,25.7832192689661],[-80.1736267677031,25.7832197926348],[-80.1736278089477,25.7832203130576],[-80.1736292288317,25.7832210089393],[-80.1736306487157,25.7832217048209],[-80.1736320676027,25.7832224006968],[-80.1736334636536,25.7832230829033],[-80.1736345297283,25.7832236170069],[-80.1736354745435,25.7832240971655],[-80.1736363260663,25.7832246598376],[-80.1736373663016,25.7832251820599],[-80.1736384075275,25.7832257051905],[-80.1736394487723,25.7832262256133],[-80.1736404899982,25.7832267487438],[-80.1736415290576,25.7832274406569],[-80.1736425702899,25.7832279628849],[-80.1736439901678,25.783228659669],[-80.173645409464,25.7832294403959],[-80.1736467330462,25.7832302214817],[-80.1736477742785,25.7832307437096],[-80.1736488149228,25.783231350783],[-80.1736498545515,25.7832319605584],[-80.1736508957901,25.7832324818837],[-80.1736519358403,25.783233174705],[-80.1736529770789,25.7832336960303],[-80.1736543026551,25.7832344771274],[-80.1736553412868,25.7832350868971],[-80.1736563819375,25.7832356930678],[-80.1736577055074,25.7832364759588],[-80.1736587455639,25.7832371678774],[-80.1736597867963,25.7832376901052],[-80.173661109772,25.7832385587442],[-80.1736621510169,25.7832390791668],[-80.1736630953532,25.783239772347],[-80.1736640418686,25.7832402949394],[-80.1736650819127,25.7832409886633],[-80.1736661209598,25.7832416823814],[-80.1736671622048,25.783242202804],[-80.1736684861776,25.7832430714485],[-80.1736698091659,25.7832439382822],[-80.1736711331574,25.7832448042189],[-80.1736720342782,25.7832454032784],[-80.1736730234213,25.7832461048369],[-80.1736743464097,25.7832469716705],[-80.1736756703826,25.783247840315],[-80.1736769933772,25.783248706246],[-80.1736780340031,25.7832493160269],[-80.1736788836287,25.7832500086691],[-80.1736802314473,25.7832508891834],[-80.1736815326028,25.7832517414506],[-80.1736825706407,25.7832524369682],[-80.1736834192694,25.7832531296047],[-80.1736847442518,25.7832539964495],[-80.1736857833055,25.783254689265],[-80.1736866339219,25.7832553828154],[-80.1736879569042,25.7832562505515],[-80.1736888065299,25.7832569431936],[-80.1736898465743,25.7832576369172],[-80.1736906962126,25.7832583277541],[-80.1736917362445,25.783259023283],[-80.1736925858702,25.783259715925],[-80.1736936259272,25.7832604078434],[-80.1736944755405,25.7832611022908],[-80.1736952326469,25.7832616220019],[-80.173696082279,25.7832623137414],[-80.1736969318985,25.7832630072861],[-80.1736976880018,25.7832635278942],[-80.1736985376402,25.783264218731],[-80.173699388263,25.7832649113787],[-80.1737001443663,25.7832654319868],[-80.1737009939921,25.7832661246288],[-80.173701843618,25.7832668172709],[-80.1737025997151,25.7832673387816],[-80.173703449341,25.7832680314236],[-80.1737042999638,25.7832687240713],[-80.1737050560797,25.7832692428741],[-80.1737059051052,25.7832700221668],[-80.1737070380719,25.7832709745749],[-80.1737083604729,25.7832719262536],[-80.1737092104955,25.7832727055519],[-80.173710059521,25.7832734848445],[-80.1737112872049,25.7832744368879],[-80.1737125148764,25.7832753907365],[-80.1737136472616,25.7832764270874],[-80.1737147796343,25.7832774652434],[-80.1737156296506,25.7832782454443],[-80.1737166671261,25.7832790221966],[-80.1737178010774,25.7832799764155],[-80.1737189340507,25.7832809279209],[-80.1737200664235,25.783281966077],[-80.1737209164461,25.7832827453752],[-80.1737217634842,25.7832835237538],[-80.1737226135131,25.7832843021494],[-80.1737234625326,25.7832850823445],[-80.1737243135585,25.7832858607458],[-80.1737251625905,25.7832866391357],[-80.1737260136101,25.7832874184396],[-80.1737268606608,25.7832881950129],[-80.1737279918329,25.7832894064701],[-80.1737291242121,25.7832904437235],[-80.1737302565789,25.7832914827821],[-80.1737311066017,25.7832922620802],[-80.1737319556463,25.7832930386649],[-80.173732806666,25.7832938179687],[-80.1737336537042,25.7832945963472],[-80.173734784889,25.7832958059992],[-80.1737358225387,25.7832968454224],[-80.1737368582196,25.7832978812239],[-80.1737377092394,25.7832986605277],[-80.1737382747331,25.7832993515558],[-80.1737391237652,25.7833001299456],[-80.1737401614213,25.7833011684662],[-80.1737409157489,25.7833019454155],[-80.1737417635866,25.783302896204],[-80.1737426750268,25.7833037327176],[-80.1737433669277,25.7833044542509],[-80.173744403408,25.7833056624623],[-80.1737454410641,25.7833067009828],[-80.1737464765351,25.7833079109937],[-80.1737476089146,25.7833089482469],[-80.1737485506654,25.7833101586282],[-80.1737496830513,25.7833111949788],[-80.1737509127173,25.7833121488384],[-80.1737510785154,25.783315415554],[-80.1737537183374,25.7833181818122],[-80.1737548507108,25.7833192199679],[-80.1737557926655,25.7833202570422],[-80.1737567356172,25.7833212941222],[-80.1737576795659,25.7833223312078],[-80.1737588099456,25.7833233693522],[-80.1737597517153,25.7833245770256],[-80.1737606936576,25.783325615905],[-80.1737616366219,25.7833266511798],[-80.1737625785643,25.7833276900592],[-80.1737635215098,25.7833287280418],[-80.1737644622827,25.7833299357095],[-80.1737654052346,25.7833309727894],[-80.1737663471895,25.7833320098636],[-80.1737672901414,25.7833330469435],[-80.1737682308956,25.783334257319],[-80.1737691738537,25.7833352934962],[-80.1737701158025,25.7833363314731],[-80.1737708671536,25.7833375380649],[-80.1737718101056,25.7833385751448],[-80.1737727508599,25.7833397855202],[-80.1737735033994,25.783340820616],[-80.1737744451632,25.7833420291919],[-80.1737753871057,25.7833430680713],[-80.173776138457,25.7833442746631],[-80.1737770814028,25.7833453126456],[-80.1737778327541,25.7833465192374],[-80.1737787735148,25.7833477287102],[-80.1737795260481,25.7833487647086],[-80.173780467812,25.7833499732844],[-80.1737812191509,25.7833511816815],[-80.1739159347762,25.7835622452071],[-80.1740539253246,25.7837709613681],[-80.1743445169132,25.7842102841606]],[[-80.1736155025627,25.7857778428648],[-80.1747537656612,25.785187640139],[-80.1748093040998,25.7851588421404],[-80.1738173333261,25.783589202455],[-80.1731474228069,25.7839362207347],[-80.1732720624637,25.7845575225975],[-80.1733732343806,25.7849155344837],[-80.173444048673,25.785166273969],[-80.1734896914313,25.7851654726851],[-80.1736155025627,25.7857778428648]]]},"properties":{"FID":684,"M21_ZONE":"CS","Map_Code":"CS","Transect":"CS","Transect_D":"Civic Space Zone","Bldg_Heigh":" ","Intensity":" ","FLR":" ","Enact":"13114","Shape_STAr":1401113.59243,"Shape_STLe":10504.5724604,"Shape__Area":161212.5703125,"Shape__Length":3564.589184274465}},{"type":"Feature","id":686,"geometry":{"type":"Polygon","coordinates":[[[-80.1869352668355,25.7958079241634],[-80.1853124718344,25.7958392450424],[-80.1852574336959,25.7958415886921],[-80.1852709900836,25.7953251180497],[-80.1852720293209,25.7952639623586],[-80.1853141909852,25.7927849760367],[-80.1853206659818,25.7924042109334],[-80.1853213683538,25.7923628610101],[-80.1863017293065,25.7923296633027],[-80.1865813136633,25.7923214839958],[-80.1866576456177,25.7923647378535],[-80.1865775243507,25.7925706727815],[-80.1864558322475,25.7930164015631],[-80.1864194166126,25.7932846540492],[-80.1864149969869,25.7934885182751],[-80.1864116007732,25.7936451364688],[-80.1864052259612,25.79384868736],[-80.1864828143219,25.794270869497],[-80.1866113462966,25.7946801037019],[-80.1867471771215,25.7949148193829],[-80.1868606325554,25.7950513300623],[-80.1869401784745,25.7951306146519],[-80.1871155771436,25.7952655045532],[-80.1870970662302,25.7952692743447],[-80.1869873860421,25.7952709395285],[-80.1869862257374,25.7952723547106],[-80.186949853319,25.7953198986731],[-80.1869352668355,25.7958079241634]]]},"properties":{"FID":686,"M21_ZONE":"CS","Map_Code":"CS","Transect":"CS","Transect_D":"Civic Space Zone","Bldg_Heigh":" ","Intensity":" ","FLR":" ","Enact":"13114","Shape_STAr":551145.810452,"Shape_STLe":3635.59307816,"Shape__Area":63424.64453125,"Shape__Length":1234.4948057395557}},{"type":"Feature","id":689,"geometry":{"type":"Polygon","coordinates":[[[-80.1907559212435,25.7939579299449],[-80.1908596542425,25.7939542610372],[-80.1916221693055,25.7939315960033],[-80.1916470636225,25.7946736076147],[-80.1916506443236,25.7947288668255],[-80.190773786252,25.7947569795824],[-80.1907559212435,25.7939579299449]]]},"properties":{"FID":689,"M21_ZONE":"T6-36B-O","Map_Code":"T6-36","Transect":"T6","Transect_D":"Urban Core Zone","Bldg_Heigh":"36","Intensity":"O","FLR":"B","Enact":"14253","Shape_STAr":83224.0805515,"Shape_STLe":1154.34605046,"Shape__Area":9577.2890625,"Shape__Length":391.5990545662508}},{"type":"Feature","id":691,"geometry":{"type":"Polygon","coordinates":[[[-80.190773786252,25.7947569795824],[-80.1916506443236,25.7947288668255],[-80.1929787061798,25.7946877971434],[-80.1929808176031,25.7947550109673],[-80.192997133335,25.7951425692559],[-80.1929997557635,25.7951971948817],[-80.190778231817,25.7952764922098],[-80.190773786252,25.7947569795824]]]},"properties":{"FID":691,"M21_ZONE":"CI","Map_Code":"CI","Transect":"CI","Transect_D":"Civic Institution Zone","Bldg_Heigh":" ","Intensity":" ","FLR":" ","Enact":"13114","Shape_STAr":136341.519158,"Shape_STLe":1831.62210361,"Shape__Area":15690.0625,"Shape__Length":620.35248859856415}},{"type":"Feature","id":693,"geometry":{"type":"Polygon","coordinates":[[[-80.2067771080078,25.7665466967001],[-80.2069328903003,25.7665450714301],[-80.2070885250513,25.7665434469949],[-80.2072257066305,25.7665420143443],[-80.2073841507289,25.7665403606644],[-80.2074609718893,25.7665390007585],[-80.2074765457577,25.7669635210842],[-80.2074765158468,25.766963521824],[-80.206629252134,25.7669880625321],[-80.2066291705338,25.7669084192276],[-80.2066219667341,25.7665483162708],[-80.2067771080078,25.7665466967001]]]},"properties":{"FID":693,"M21_ZONE":"T6-8-O","Map_Code":"T6-8","Transect":"T6","Transect_D":"Urban Core Zone","Bldg_Heigh":"8","Intensity":"O","FLR":" ","Enact":"14269","Shape_STAr":43551.4814061,"Shape_STLe":869.405323327,"Shape__Area":5009.552734375,"Shape__Length":294.6417929857335}},{"type":"Feature","id":696,"geometry":{"type":"Polygon","coordinates":[[[-80.2080315823886,25.7674246151378],[-80.2081843275784,25.767419054509],[-80.2081884849197,25.7675324250591],[-80.2081914414207,25.7676307138685],[-80.2081947098321,25.767739235944],[-80.2081970589857,25.7678135253223],[-80.208201034166,25.7679594598831],[-80.2082077445717,25.768121650754],[-80.2082083997727,25.7681373875576],[-80.2082098989934,25.7681689497492],[-80.2082121890365,25.7682245051448],[-80.2082126822208,25.768236114138],[-80.2082171232775,25.7683394830207],[-80.2082189217174,25.7683833418733],[-80.2080639261922,25.7683881735645],[-80.2080259374375,25.768389342496],[-80.2079550888187,25.7683915358341],[-80.2079608228573,25.7685289598174],[-80.2079645958427,25.7686186534858],[-80.2079660750211,25.7686532259146],[-80.2079713046385,25.768777585763],[-80.2079788434634,25.7688682386805],[-80.2079218302539,25.7688789940284],[-80.2078018306952,25.7688916153158],[-80.2075461929605,25.7689077729954],[-80.207548655586,25.7689548579351],[-80.2075957336145,25.7697414230795],[-80.207597148711,25.7697650640337],[-80.2076019242864,25.7698448529287],[-80.2074047712878,25.7698503046422],[-80.2073177398744,25.7698527119098],[-80.2071934119862,25.7698561507879],[-80.2071941896091,25.7697842749998],[-80.2071792297815,25.7693776045055],[-80.2071740664009,25.7692400978793],[-80.2071640920404,25.7689692134668],[-80.2071534324001,25.7688301288427],[-80.2071471685077,25.7686867697302],[-80.207141414425,25.7685523532639],[-80.2071354960739,25.7684141546884],[-80.2071290945051,25.768262714271],[-80.207123500268,25.7681332009748],[-80.2071178592811,25.7680012728255],[-80.2071141217285,25.7679371000331],[-80.2075158428277,25.7679236873908],[-80.2074962777225,25.7674387642314],[-80.2075686139247,25.7674382491133],[-80.2077162924865,25.7674344260774],[-80.2077307111452,25.7674339828313],[-80.2078123607765,25.7674314123992],[-80.2078727886101,25.7674295117328],[-80.2080315823886,25.7674246151378]]]},"properties":{"FID":696,"M21_ZONE":"T4-L","Map_Code":"T4","Transect":"T4","Transect_D":"General Urban Zone","Bldg_Heigh":" ","Intensity":"L","FLR":" ","Enact":"13114","Shape_STAr":195238.477707,"Shape_STLe":2463.22043501,"Shape__Area":22458.16796875,"Shape__Length":836.367341354239}},{"type":"Feature","id":698,"geometry":{"type":"MultiPolygon","coordinates":[[[[-80.1970978000208,25.7604539761035],[-80.196355269606,25.7600103341857],[-80.1964219683566,25.7599412478012],[-80.1967061883811,25.759652650708],[-80.1971441917503,25.7592608217739],[-80.197670807463,25.7588403512404],[-80.1994644976649,25.7576471518303],[-80.1995126197154,25.7576206545775],[-80.1995385294738,25.7583651300272],[-80.1995362291722,25.7587082012759],[-80.1995337639835,25.759075857155],[-80.1995063799782,25.7594730579258],[-80.1995024772,25.7600550696161],[-80.199492806109,25.7605754904404],[-80.1994855332702,25.760651017812],[-80.1994728775228,25.7607824511542],[-80.1995387560601,25.7610962161789],[-80.1995443751765,25.7611801928575],[-80.1995022553427,25.7612077530149],[-80.199430581466,25.7612538084572],[-80.1993074130978,25.7613298700404],[-80.1992626215388,25.7613578983495],[-80.1992600530771,25.7614083713776],[-80.1992608711018,25.7614244737808],[-80.1992711591758,25.7616273211684],[-80.1992747230042,25.761697577961],[-80.1989113516752,25.7614527679565],[-80.1985838077327,25.7612968399035],[-80.1981211109922,25.7610237705891],[-80.198024741928,25.7609703758797],[-80.1979769531853,25.7609438977699],[-80.1971620384076,25.7604923555187],[-80.1970978000208,25.7604539761035]]],[[[-80.196355269606,25.7600103341857],[-80.1963519620681,25.7600137604474],[-80.1963544257198,25.7600098294577],[-80.196355269606,25.7600103341857]]]]},"properties":{"FID":698,"M21_ZONE":"T6-8-O","Map_Code":"T6-8","Transect":"T6","Transect_D":"Urban Core Zone","Bldg_Heigh":"8","Intensity":"O","FLR":" ","Enact":"13114","Shape_STAr":821005.793391,"Shape_STLe":4036.46468771,"Shape__Area":94425.8125,"Shape__Length":1369.5160655909551}},{"type":"Feature","id":701,"geometry":{"type":"Polygon","coordinates":[[[-80.2081249712745,25.7743573139428],[-80.2082819164132,25.7743546096565],[-80.2082902480827,25.774627506853],[-80.2082996691907,25.7746985417653],[-80.2081456653455,25.7747030773012],[-80.2081333672295,25.7746323372371],[-80.2081291697389,25.7744948269478],[-80.2081249712745,25.7743573139428]]]},"properties":{"FID":701,"M21_ZONE":"T5-O","Map_Code":"T5","Transect":"T5","Transect_D":"Urban Center Zone","Bldg_Heigh":" ","Intensity":"O","FLR":" ","Enact":"13737","Shape_STAr":6470.08511035,"Shape_STLe":353.633090709,"Shape__Area":744.32421875,"Shape__Length":120.08031403337533}},{"type":"Feature","id":715,"geometry":{"type":"Polygon","coordinates":[[[-80.1939649553025,25.7873322216871],[-80.1940754465897,25.787326305024],[-80.1941060491001,25.7879196338056],[-80.1939908519224,25.7879232379978],[-80.193960483297,25.7879242485827],[-80.193694576317,25.7879330957901],[-80.1936926219871,25.7878877079173],[-80.193690349106,25.787835022171],[-80.1936867960773,25.7877525491505],[-80.1936811402285,25.7876214360917],[-80.1936745229915,25.7874679518772],[-80.1936690970482,25.7873420619094],[-80.1939649553025,25.7873322216871]]]},"properties":{"FID":715,"M21_ZONE":"T6-24B-O","Map_Code":"T6-24","Transect":"T6","Transect_D":"Urban Core Zone","Bldg_Heigh":"24","Intensity":"O","FLR":"B","Enact":"14342","Shape_STAr":28967.9562459,"Shape_STLe":700.218281048,"Shape__Area":3333.216796875,"Shape__Length":237.67278240428334}},{"type":"Feature","id":735,"geometry":{"type":"Polygon","coordinates":[[[-80.2058455357748,25.7777360293754],[-80.2054118965387,25.7775959480684],[-80.2050302991407,25.777471886645],[-80.2046833115485,25.7773716231545],[-80.204475249889,25.7772917917385],[-80.2043759815282,25.7772352954356],[-80.2042983940481,25.7771908858813],[-80.2040387135044,25.7770422458974],[-80.2037066799997,25.7766548337923],[-80.2034554282409,25.7764284529509],[-80.2032404391565,25.7761919249643],[-80.2029726719183,25.7758863201552],[-80.2027832843129,25.7756700464156],[-80.2017423258853,25.7747462198213],[-80.2013111044351,25.7741821482925],[-80.2021108244048,25.7740744558828],[-80.2023944096523,25.7743824488957],[-80.2028238776636,25.774850107249],[-80.2028329257533,25.774859960512],[-80.2029033076012,25.7749261177461],[-80.2029877278913,25.7750042749591],[-80.2030512877122,25.7750706104917],[-80.2040913511766,25.7757852272526],[-80.2043799266007,25.7762439901708],[-80.2043831001246,25.7762490334854],[-80.204410890302,25.776293214959],[-80.2044409869281,25.7763410584569],[-80.2046307562436,25.7766427392426],[-80.2046313991707,25.7766436517268],[-80.2046851854432,25.7767197476676],[-80.2046951041976,25.7767337821441],[-80.2047855618606,25.7767870527449],[-80.2047891438695,25.7767904951746],[-80.2048419081104,25.7768412155553],[-80.2057068453583,25.7772018604521],[-80.2061012061721,25.777364633152],[-80.206779003758,25.7776374417077],[-80.2070986327603,25.7776269934967],[-80.2071046626446,25.7776267970815],[-80.2073781216371,25.7776178568275],[-80.207848367762,25.7776064410061],[-80.2078506638994,25.777608069253],[-80.2078529193549,25.7776096683935],[-80.2079111593337,25.7776509631224],[-80.2079112436702,25.7776510240592],[-80.2083881902741,25.777989197546],[-80.2085294992279,25.7780898193987],[-80.2090067532865,25.7784296669919],[-80.2091385937652,25.7785216254947],[-80.2091425838815,25.7785250420556],[-80.2093107995711,25.7786690608705],[-80.2092739906298,25.7787737408419],[-80.2090974822651,25.7791862934427],[-80.209055449885,25.7792733784487],[-80.2089713838629,25.7794161424549],[-80.2082107020221,25.7790512990321],[-80.2072312853562,25.7785784538488],[-80.2068715620962,25.7783239595672],[-80.2066486892049,25.778496274745],[-80.2066420760075,25.7784230336597],[-80.2066002505088,25.7783879659635],[-80.2065990724232,25.7781296748692],[-80.2058455357748,25.7777360293754]]]},"properties":{"FID":735,"M21_ZONE":"D3","Map_Code":"D3","Transect":"D3","Transect_D":"Waterfront Industrial District Zone","Bldg_Heigh":" ","Intensity":" ","FLR":" ","Enact":"13114","Shape_STAr":802510.869837,"Shape_STLe":6943.86234149,"Shape__Area":92325.416015625,"Shape__Length":2353.8443461386923}},{"type":"Feature","id":739,"geometry":{"type":"Polygon","coordinates":[[[-80.2076612498977,25.7722350989468],[-80.2076546261974,25.7719698853043],[-80.2077389721382,25.7719673811024],[-80.2080349139038,25.7719585021922],[-80.208043329313,25.7722177960602],[-80.2078941340405,25.7722227411842],[-80.2077491964848,25.7722275468565],[-80.2076612498977,25.7722350989468]]]},"properties":{"FID":739,"M21_ZONE":"T6-8-O","Map_Code":"T6-8","Transect":"T6","Transect_D":"Urban Core Zone","Bldg_Heigh":"8","Intensity":"O","FLR":" ","Enact":"13114","Shape_STAr":11889.0158393,"Shape_STLe":441.872845631,"Shape__Area":1367.66796875,"Shape__Length":149.81549224276063}},{"type":"Feature","id":744,"geometry":{"type":"Polygon","coordinates":[[[-80.2040693789461,25.7651262781406],[-80.2044453570002,25.7651157190096],[-80.2044476683583,25.7651869527456],[-80.2044553399415,25.7653900617409],[-80.2044631303312,25.7655962864344],[-80.2044127928335,25.7655987427293],[-80.2043064238004,25.7656024606203],[-80.2041635820528,25.7656073537586],[-80.2040873370122,25.7656089624111],[-80.2040693789461,25.7651262781406]]]},"properties":{"FID":744,"M21_ZONE":"T6-8-O","Map_Code":"T6-8","Transect":"T6","Transect_D":"Urban Core Zone","Bldg_Heigh":"8","Intensity":"O","FLR":" ","Enact":"14411","Shape_STAr":21705.5284285,"Shape_STLe":597.89053228,"Shape__Area":2496.642578125,"Shape__Length":202.87064936875683}},{"type":"Feature","id":745,"geometry":{"type":"Polygon","coordinates":[[[-80.2075957336145,25.7697414230795],[-80.207548655586,25.7689548579351],[-80.2075461929605,25.7689077729954],[-80.2078018306952,25.7688916153158],[-80.2079218302539,25.7688789940284],[-80.2079257828951,25.7689438711373],[-80.2079305670583,25.769081718702],[-80.2079351896505,25.769214923042],[-80.2079401536511,25.769354064179],[-80.2081084481152,25.769348445679],[-80.208121329707,25.7697538997873],[-80.208124822978,25.7698264270752],[-80.2079574472187,25.7698308067262],[-80.2079604420929,25.7699027111809],[-80.2079657514209,25.77004675288],[-80.2079707278866,25.7701841727111],[-80.2079758921959,25.7703216793138],[-80.2079905089186,25.7707229319434],[-80.2079927768037,25.770795328892],[-80.207772610561,25.7708024791909],[-80.2076249989374,25.7708070030297],[-80.2076249277601,25.7708042107382],[-80.2076266417232,25.7708041659109],[-80.2076139268225,25.7702983549447],[-80.2076022717654,25.7698579784861],[-80.2076019242864,25.7698448529287],[-80.207597148711,25.7697650640337],[-80.2075957336145,25.7697414230795]]]},"properties":{"FID":745,"M21_ZONE":"T5-L","Map_Code":"T5","Transect":"T5","Transect_D":"Urban Center Zone","Bldg_Heigh":" ","Intensity":"L","FLR":" ","Enact":"13114","Shape_STAr":92647.3626853,"Shape_STLe":1744.57687838,"Shape__Area":10657.419921875,"Shape__Length":592.65194707841306}},{"type":"Feature","id":746,"geometry":{"type":"Polygon","coordinates":[[[-80.2044453570002,25.7651157190096],[-80.2052201101985,25.7650939577633],[-80.2052351908229,25.765569785964],[-80.2050670432601,25.7655755428537],[-80.2049135676397,25.7655808092182],[-80.2047623723128,25.7655860003217],[-80.2046122477505,25.7655911682342],[-80.2044631303312,25.7655962864344],[-80.2044553399415,25.7653900617409],[-80.2044476683583,25.7651869527456],[-80.2044453570002,25.7651157190096]]]},"properties":{"FID":746,"M21_ZONE":"T5-L","Map_Code":"T5","Transect":"T5","Transect_D":"Urban Center Zone","Bldg_Heigh":" ","Intensity":"L","FLR":" ","Enact":"13114","Shape_STAr":44299.29603,"Shape_STLe":857.194246647,"Shape__Area":5095.455078125,"Shape__Length":290.5703714859356}},{"type":"Feature","id":747,"geometry":{"type":"Polygon","coordinates":[[[-80.2066557877343,25.7674677450544],[-80.2066519872944,25.7673172530323],[-80.2067217858667,25.7673145671617],[-80.2070944360849,25.7673056783539],[-80.2073736857774,25.7672990411922],[-80.2074903961036,25.7672972269302],[-80.2074962777225,25.7674387642314],[-80.2074967861932,25.7674510629369],[-80.2075158428277,25.7679236873908],[-80.2071141217285,25.7679371000331],[-80.2066708327096,25.7679519007422],[-80.2066557877343,25.7674677450544]]]},"properties":{"FID":747,"M21_ZONE":"T6-8-O","Map_Code":"T6-8","Transect":"T6","Transect_D":"Urban Core Zone","Bldg_Heigh":"8","Intensity":"O","FLR":" ","Enact":"13114","Shape_STAr":63674.43125,"Shape_STLe":1012.95126466,"Shape__Area":7324.330078125,"Shape__Length":343.46297200996258}},{"type":"Feature","id":749,"geometry":{"type":"Polygon","coordinates":[[[-80.2057125219736,25.7708491879112],[-80.2051046984545,25.7708685863197],[-80.2050671106019,25.7698951983359],[-80.2052203573077,25.7698941523672],[-80.2052198623683,25.7698381003769],[-80.2052068333734,25.7694243788996],[-80.2051943550124,25.769028122216],[-80.2051889267694,25.7689537726923],[-80.2058748882819,25.7689302868593],[-80.2059062220444,25.7698894664012],[-80.2059405666941,25.7708419086057],[-80.2057125219736,25.7708491879112]]]},"properties":{"FID":749,"M21_ZONE":"CI","Map_Code":"CI","Transect":"CI","Transect_D":"Civic Institution Zone","Bldg_Heigh":" ","Intensity":" ","FLR":" ","Enact":"13114","Shape_STAr":174294.483053,"Shape_STLe":1942.77945068,"Shape__Area":20049.4765625,"Shape__Length":659.69758191351445}},{"type":"Feature","id":751,"geometry":{"type":"Polygon","coordinates":[[[-80.2059405666941,25.7708419086057],[-80.2059062220444,25.7698894664012],[-80.2059121099423,25.7698894254124],[-80.2059119170482,25.7698880017799],[-80.2062232728666,25.7698829764294],[-80.2071934119862,25.7698561507879],[-80.2073177398744,25.7698527119098],[-80.2074047712878,25.7698503046422],[-80.2076019242864,25.7698448529287],[-80.2076022717654,25.7698579784861],[-80.2076139268225,25.7702983549447],[-80.2076266417232,25.7708041659109],[-80.2076249277601,25.7708042107382],[-80.207528280764,25.7708067408799],[-80.2073780468678,25.7708107284558],[-80.2072299756791,25.7708153992308],[-80.2065615590956,25.7708331431394],[-80.2064800972565,25.7708353049484],[-80.2059408662895,25.7708496188903],[-80.2059405666941,25.7708419086057]]]},"properties":{"FID":751,"M21_ZONE":"CS","Map_Code":"CS","Transect":"CS","Transect_D":"Civic Space Zone","Bldg_Heigh":" ","Intensity":" ","FLR":" ","Enact":"13114","Shape_STAr":194166.476917,"Shape_STLe":1811.8978913,"Shape__Area":22335.5546875,"Shape__Length":614.15203689179384}},{"type":"Feature","id":753,"geometry":{"type":"Polygon","coordinates":[[[-80.2009499277108,25.7719695482255],[-80.200968226903,25.7720284961538],[-80.200867467414,25.7720443052539],[-80.2005137153072,25.7720579943954],[-80.2005098268622,25.7720582194572],[-80.200117066027,25.7720822769105],[-80.1998478488399,25.7713467076646],[-80.1995595124051,25.7708365719263],[-80.1996586657,25.7705515102265],[-80.199768960771,25.7702871073065],[-80.1998370276279,25.7700889298327],[-80.1999824061213,25.7697357885709],[-80.2000214953237,25.7696551547459],[-80.2000350065588,25.7696272829208],[-80.2001865596453,25.7695925495933],[-80.2003459407213,25.7695852563982],[-80.2004903155927,25.7695785693159],[-80.2005032628618,25.7699703551257],[-80.2005055669155,25.7700397997412],[-80.2008958361315,25.7700341379103],[-80.2009499277108,25.7719695482255]]]},"properties":{"FID":753,"M21_ZONE":"CS","Map_Code":"CS","Transect":"CS","Transect_D":"Civic Space Zone","Bldg_Heigh":" ","Intensity":" ","FLR":" ","Enact":"13114","Shape_STAr":300561.000015,"Shape_STLe":2411.50405648,"Shape__Area":34574.654296875,"Shape__Length":818.87212661180683}},{"type":"Feature","id":755,"geometry":{"type":"Polygon","coordinates":[[[-80.2003171318969,25.7726872149014],[-80.200117066027,25.7720822769105],[-80.2005098268622,25.7720582194572],[-80.2005137153072,25.7720579943954],[-80.200867467414,25.7720443052539],[-80.200968226903,25.7720284961538],[-80.2010701489353,25.7723568598933],[-80.2011563957629,25.7726331583339],[-80.2010492351377,25.7726383199399],[-80.2010118925475,25.7726389598022],[-80.2007615404406,25.7726432519095],[-80.2005857947646,25.7726462627734],[-80.2004394551341,25.7726690333567],[-80.2003824890376,25.7726778985147],[-80.2003171318969,25.7726872149014]]]},"properties":{"FID":755,"M21_ZONE":"T6-8-O","Map_Code":"T6-8","Transect":"T6","Transect_D":"Urban Core Zone","Bldg_Heigh":"8","Intensity":"O","FLR":" ","Enact":"13114","Shape_STAr":61015.2465895,"Shape_STLe":1016.41371508,"Shape__Area":7018.984375,"Shape__Length":344.58804932299836}},{"type":"Feature","id":757,"geometry":{"type":"Polygon","coordinates":[[[-80.196621475637,25.7590713616754],[-80.1966212328843,25.7590715887068],[-80.196619132348,25.7590735566317],[-80.1966172182239,25.7590755228773],[-80.1966151167029,25.7590774889914],[-80.1966130161907,25.7590794533057],[-80.1966111020604,25.7590814204538],[-80.1966090005391,25.7590833865678],[-80.1966070884022,25.7590853537269],[-80.1966049858901,25.7590873189327],[-80.1966028843565,25.7590892868518],[-80.1966009722315,25.7590912522056],[-80.1965988697131,25.7590932183139],[-80.196596957582,25.7590951845702],[-80.1965948560481,25.7590971524892],[-80.1965929449196,25.7590991178484],[-80.1965908433977,25.759101083962],[-80.1965887398883,25.7591030491621],[-80.1965868277386,25.7591050181261],[-80.1965847272254,25.75910698244],[-80.1965828130882,25.7591089504903],[-80.1965807115781,25.7591109147987],[-80.1965786128218,25.7591130623606],[-80.1964466778665,25.7592476535007],[-80.196444765147,25.7592497064063],[-80.1964428524276,25.7592517593118],[-80.1964409377145,25.7592538122063],[-80.1964390269884,25.7592558651228],[-80.1964371122751,25.7592579180172],[-80.1964352015489,25.7592599709336],[-80.1964332888291,25.7592620238391],[-80.1964313761092,25.7592640767444],[-80.1964294633892,25.7592661296498],[-80.1964275506692,25.7592681825551],[-80.1964256379491,25.7592702354603],[-80.196423725229,25.7592722883656],[-80.1964218125087,25.7592743412709],[-80.1964198997885,25.7592763941761],[-80.1964179850746,25.7592784470702],[-80.1964160743477,25.7592804999864],[-80.1964141596337,25.7592825528805],[-80.1964122489066,25.7592846057966],[-80.1964103356027,25.7592867453531],[-80.1964084228821,25.7592887982581],[-80.1964065101613,25.7592908511631],[-80.1964045974405,25.7592929040681],[-80.1964026847196,25.7592949569731],[-80.1964007719986,25.759297009878],[-80.1963988592776,25.7592990627829],[-80.1963969459672,25.7593012032418],[-80.196395033246,25.7593032561467],[-80.1963931205369,25.7593053072462],[-80.1963912078157,25.759307360151],[-80.1963892950943,25.7593094130558],[-80.1963875731739,25.7593115527658],[-80.1963856584589,25.7593136056595],[-80.1963837457374,25.7593156585642],[-80.196381641316,25.7593180543211],[-80.1965187905323,25.7594247402962],[-80.1961958111157,25.7598150171197],[-80.1961758025138,25.7598034366393],[-80.1961421712791,25.7598798337539],[-80.1943646922114,25.7588847415549],[-80.1940906364605,25.7587313119628],[-80.1941758183925,25.7586701865107],[-80.1953667399321,25.757815551278],[-80.1954689543478,25.7579356643486],[-80.195467322212,25.7579367583702],[-80.1955068882543,25.7579829743732],[-80.1955151775476,25.7579927363289],[-80.195743210825,25.7582581664751],[-80.1957618067044,25.7582798046838],[-80.1966226694521,25.7577011102652],[-80.196912281611,25.7580478391322],[-80.19691283931,25.7580485065609],[-80.1972466875054,25.7584481936994],[-80.1973053542423,25.7585183824853],[-80.19722826615,25.7585699908298],[-80.197225976586,25.758571611103],[-80.1972236864394,25.7585733180276],[-80.1972212074917,25.7585749372564],[-80.1972189173449,25.7585766441809],[-80.1972166277625,25.7585782671619],[-80.1972143376277,25.7585799722811],[-80.1972120480513,25.7585815943593],[-80.1972095675299,25.7585832993312],[-80.1972072779533,25.7585849214093],[-80.1972049878122,25.7585866274311],[-80.1972026982355,25.7585882495091],[-80.1972002187167,25.7585899535837],[-80.1971979285572,25.7585916623131],[-80.1971956389864,25.7585932834885],[-80.1971933498478,25.7585949886128],[-80.1971910602707,25.7585966106907],[-80.1971887671389,25.7585983166956],[-80.1971862885982,25.7586000234834],[-80.1971839990332,25.7586016437559],[-80.1971817088793,25.7586033515824],[-80.1971794187313,25.7586050585063],[-80.1971771285834,25.7586067654301],[-80.1971748390241,25.7586083847999],[-80.197172548876,25.7586100917236],[-80.1971700693442,25.758611797603],[-80.1971677791899,25.7586135054292],[-80.1971654896244,25.7586151257015],[-80.197163199476,25.7586168326251],[-80.1971609093276,25.7586185395486],[-80.1971586191791,25.7586202464722],[-80.1971563290305,25.7586219533956],[-80.1971540394586,25.7586235745703],[-80.1971517492978,25.7586252832989],[-80.1971494591612,25.758626988417],[-80.1971469786197,25.7586286960957],[-80.1971446904765,25.7586304012248],[-80.1971424003154,25.7586321099533],[-80.1971401101786,25.7586338150712],[-80.1971378200173,25.7586355237997],[-80.1971355298804,25.7586372289176],[-80.197133239719,25.7586389376459],[-80.1971309495819,25.7586406427637],[-80.1971286594204,25.758642351492],[-80.1971263672896,25.7586440565988],[-80.197124077128,25.7586457653269],[-80.1971217869907,25.7586474704446],[-80.1971194988224,25.7586491791837],[-80.1971172086849,25.7586508843013],[-80.1971149185231,25.7586525930294],[-80.1971126283854,25.7586542981469],[-80.1971103382234,25.7586560068748],[-80.1971080480857,25.7586577119923],[-80.19710575593,25.7586594207092],[-80.1971034677735,25.7586611276428],[-80.1971011776234,25.7586628345654],[-80.1970988849151,25.7586646254205],[-80.1970965947648,25.758666332343],[-80.1970943066081,25.7586680392764],[-80.1970920164577,25.7586697461989],[-80.1970897263072,25.7586714531212],[-80.1970874355739,25.758673246695],[-80.1970853338043,25.7586749555589],[-80.1970830436598,25.7586766615786],[-80.1970807535091,25.7586783685008],[-80.1970784627816,25.7586801611718],[-80.1970761726307,25.7586818680939],[-80.1970738824798,25.7586835750161],[-80.1970715923289,25.7586852819381],[-80.1970693016011,25.758687074609],[-80.1970670114379,25.7586887833362],[-80.1970647207221,25.7586905742018],[-80.1970626199547,25.7586922821682],[-80.1970603298034,25.7586939890901],[-80.1970580390693,25.7586957826634],[-80.1970557489118,25.7586974904878],[-80.1970534587664,25.758699196507],[-80.1970511680381,25.7587009891775],[-80.197049068267,25.7587026971493],[-80.1970467775265,25.758704491625],[-80.1970444873869,25.7587061967414],[-80.1970421966583,25.7587079894118],[-80.1970399055097,25.7587096963278],[-80.1970376147749,25.7587114899008],[-80.1970355160002,25.7587131978778],[-80.1970332252714,25.758714990548],[-80.1970309351132,25.7587166983721],[-80.1970286443903,25.7587184901396],[-80.1970263536613,25.7587202828097],[-80.1970242518961,25.7587219907701],[-80.1970219611608,25.7587237843428],[-80.1970196710023,25.7587254921666],[-80.197017380279,25.758727283934],[-80.1970152799303,25.758729077654],[-80.1970129897776,25.7587307845751],[-80.1970106990421,25.7587325781476],[-80.1970084083064,25.7587343717201],[-80.1970063075435,25.758736078783],[-80.1970040168017,25.758737873258],[-80.197001726084,25.7587396641225],[-80.1969996273084,25.758741372099],[-80.1969973365724,25.7587431656713],[-80.1969950458424,25.7587449583409],[-80.1969927551003,25.7587467528157],[-80.1969906533462,25.7587484589703],[-80.196988362616,25.7587502516398],[-80.1969860718797,25.7587520452119],[-80.1969839715301,25.7587538389314],[-80.1969816807876,25.7587556334061],[-80.1969793900693,25.7587574242702],[-80.1969772892995,25.7587591322353],[-80.1969749985628,25.7587609258072],[-80.1969727078322,25.7587627184765],[-80.1969706054886,25.7587645121848],[-80.1969683167513,25.758766304865],[-80.1969662153984,25.7587680994814],[-80.1969639246675,25.7587698921505],[-80.1969616339365,25.7587716848195],[-80.1969595335861,25.7587734785387],[-80.1969572438457,25.7587752721158],[-80.1969551415017,25.7587770658239],[-80.1969528507583,25.758778860298],[-80.1969505600391,25.7587806511617],[-80.1969484596824,25.7587824457833],[-80.1967244232861,25.7589750038417],[-80.1967223213427,25.7589768851058],[-80.1967202204143,25.7589787636675],[-80.1967183082869,25.7589807299255],[-80.1967162063434,25.7589826111895],[-80.1967141054147,25.7589844897511],[-80.1967120029001,25.7589864558611],[-80.1967099019591,25.7589883362279],[-80.1967077994505,25.7589903014353],[-80.1967056985215,25.7589921799967],[-80.1967035965776,25.7589940612605],[-80.1967014950594,25.7589960273759],[-80.1966993931213,25.758997907737],[-80.1966972916091,25.7589998729497],[-80.1966953810426,25.7590017552694],[-80.1966932775306,25.7590037213736],[-80.1966911766012,25.7590055999349],[-80.1966890740859,25.7590075660446],[-80.1966869741471,25.7590094455139],[-80.1966848706226,25.7590114134233],[-80.1966830645259,25.7590130282315],[-80.1966808585612,25.7590152582474],[-80.1966787556258,25.7590171386026],[-80.1966766541068,25.7590191047177],[-80.196674551597,25.7590210699246],[-80.1966724486553,25.7590229511823],[-80.1966703481328,25.7590249173028],[-80.196668436587,25.7590267969087],[-80.1966663330741,25.7590287630126],[-80.1966642325514,25.7590307291329],[-80.1966621316029,25.7590326104015],[-80.1966602204705,25.7590345766642],[-80.1966581189509,25.759036542779],[-80.1966560160268,25.7590384213287],[-80.1966539135103,25.7590403874378],[-80.1966520033683,25.7590423546086],[-80.196649899861,25.7590443198096],[-80.1966477979152,25.7590462010725],[-80.1966456964012,25.7590481662844],[-80.1966437842716,25.7590501325414],[-80.1966416817546,25.7590520986503],[-80.1966395808114,25.759053979016],[-80.196637480294,25.7590559442333],[-80.1966355661644,25.7590579113818],[-80.1966334646379,25.7590598783988],[-80.1966313641142,25.7590618445186],[-80.1966294499844,25.759063811667],[-80.196627349053,25.7590656902272],[-80.196625248529,25.759067656347],[-80.1966233343991,25.7590696234953],[-80.196621475637,25.7590713616754]]]},"properties":{"FID":757,"M21_ZONE":"T1","Map_Code":"T1","Transect":"T1","Transect_D":"Natural Zone","Bldg_Heigh":" ","Intensity":" ","FLR":" ","Enact":"13114","Shape_STAr":418161.711298,"Shape_STLe":2965.0356601,"Shape__Area":48092.8671875,"Shape__Length":1005.1882189410591}},{"type":"Feature","id":758,"geometry":{"type":"Polygon","coordinates":[[[-80.2002000901718,25.7636917960109],[-80.2001241994274,25.7634076347674],[-80.2001187946391,25.7633402464438],[-80.2006483308042,25.7633267884315],[-80.2010542417647,25.7633122699906],[-80.2010684659963,25.763311760435],[-80.2014619573679,25.7632976844929],[-80.2019426115791,25.7632851243382],[-80.2019695636808,25.763284419095],[-80.2019720143195,25.7632843558047],[-80.2019860810959,25.7632839879152],[-80.2026140609858,25.7632675754533],[-80.2036955536243,25.763231331956],[-80.2044692320486,25.7632031326876],[-80.2047218980546,25.7631887981427],[-80.2047357981541,25.7631880102454],[-80.2051868628784,25.7631624203107],[-80.2051928062482,25.7631620826751],[-80.2052511968332,25.7631587701139],[-80.2062806819126,25.7631477802326],[-80.2073120419364,25.7630976253417],[-80.2073381294936,25.7630963556526],[-80.2073390051681,25.7631756910122],[-80.2073390824887,25.7631780076416],[-80.2073422173953,25.76327004029],[-80.2073422976464,25.763272365962],[-80.2073695107081,25.7640711492696],[-80.2073695899631,25.7640734749358],[-80.2074019654498,25.7650237821542],[-80.2074020446995,25.7650261087228],[-80.2061150200382,25.7650684951958],[-80.2052340956411,25.7650935602346],[-80.2052225080792,25.765093888715],[-80.2052201101985,25.7650939577633],[-80.2007054027915,25.7652207092683],[-80.2006905289788,25.7648892107144],[-80.2006060788611,25.7647429568752],[-80.2004554870716,25.7646012113035],[-80.2004402009429,25.7645868564052],[-80.2003319701088,25.764188354693],[-80.2002671419809,25.7639441668813],[-80.2002330643637,25.7638154419662],[-80.20022213471,25.7637742841559],[-80.2002000901718,25.7636917960109]]]},"properties":{"FID":758,"M21_ZONE":"T4-R","Map_Code":"T4","Transect":"T4","Transect_D":"General Urban Zone","Bldg_Heigh":" ","Intensity":"R","FLR":" ","Enact":"13114","Shape_STAr":1593843.16834,"Shape_STLe":6009.87077891,"Shape__Area":183324.724609375,"Shape__Length":2035.1925416123649}},{"type":"Feature","id":768,"geometry":{"type":"Polygon","coordinates":[[[-80.2057068453583,25.7772018604521],[-80.2048419081104,25.7768412155553],[-80.2047891438695,25.7767904951746],[-80.2047855618606,25.7767870527449],[-80.2046951041976,25.7767337821441],[-80.2046851854432,25.7767197476676],[-80.2046313991707,25.7766436517268],[-80.2046307562436,25.7766427392426],[-80.2044409869281,25.7763410584569],[-80.204410890302,25.776293214959],[-80.2043831001246,25.7762490334854],[-80.2043799266007,25.7762439901708],[-80.2040913511766,25.7757852272526],[-80.2030512877122,25.7750706104917],[-80.2029877278913,25.7750042749591],[-80.2029033076012,25.7749261177461],[-80.2028329257533,25.774859960512],[-80.2028238776636,25.774850107249],[-80.2023944096523,25.7743824488957],[-80.2044061452411,25.7743113175496],[-80.2044090768201,25.7743551744616],[-80.2044922826471,25.7743554136126],[-80.2046313315946,25.7743506711204],[-80.204785768122,25.7743453247634],[-80.2049388746376,25.774340143382],[-80.2050853317515,25.7743350961174],[-80.2052355891458,25.774329897957],[-80.2053995233008,25.7743242589089],[-80.2055448387874,25.7743193791591],[-80.2056973781804,25.7743140214755],[-80.205858462061,25.7743085369528],[-80.2059923827809,25.7743039384804],[-80.206072438786,25.7742928709769],[-80.2060876043424,25.7747510711592],[-80.2052113904275,25.7747776660572],[-80.2051420718644,25.7747797697273],[-80.2044173658281,25.7748017614992],[-80.2044178719597,25.7748179524186],[-80.2044530309206,25.7757703263924],[-80.2045159611775,25.7757687477823],[-80.2049740050701,25.7757509693952],[-80.2049808708294,25.7758181569553],[-80.204993735466,25.7761792435921],[-80.2049954303328,25.776226802724],[-80.2049991845514,25.77633379826],[-80.2050000582831,25.7763587180179],[-80.2050099977746,25.7766344158806],[-80.2050108283024,25.7767090498283],[-80.2057799038419,25.7766864815007],[-80.2057818757224,25.7767691462535],[-80.2057880212281,25.7770443079586],[-80.2059382671454,25.7770413449404],[-80.2061056062635,25.7770383035249],[-80.2061070328283,25.7771356794198],[-80.2062635458112,25.7771349446065],[-80.206420246564,25.7771323602132],[-80.2065778963762,25.777129780826],[-80.2066229118774,25.777128994548],[-80.2067501744811,25.7771265931957],[-80.2068949102743,25.7771239430621],[-80.2070392662353,25.7771212916171],[-80.2071936891854,25.7771185206679],[-80.2073559002931,25.7771154507778],[-80.207336363835,25.7767117651851],[-80.2073339069157,25.7766684741658],[-80.2073344711911,25.776662772481],[-80.207342750885,25.7765790469938],[-80.2073204940475,25.7761846339369],[-80.2072982406357,25.775790321974],[-80.2072853112057,25.7755917114695],[-80.2072641375481,25.7751770108399],[-80.207258589632,25.7750689927625],[-80.2072446505342,25.7747943048457],[-80.207248069879,25.7747941736335],[-80.2072303491579,25.774660100983],[-80.2071999417018,25.7742472816689],[-80.2073610320332,25.774242308221],[-80.207504442243,25.7742378809983],[-80.20766319229,25.7742329802221],[-80.2078145206342,25.7742323706973],[-80.2079611147759,25.77422947952],[-80.2081209737355,25.7742263282033],[-80.2081249712745,25.7743573139428],[-80.2081291697389,25.7744948269478],[-80.2081333672295,25.7746323372371],[-80.2081456653455,25.7747030773012],[-80.2081475750033,25.7747605198313],[-80.2081516970214,25.7748829698588],[-80.2081558642673,25.7750067172412],[-80.2081604975237,25.7751442163526],[-80.2081655908171,25.775295466257],[-80.208174502166,25.7755601443198],[-80.2081942099036,25.7757561053647],[-80.2082040389057,25.7760310867598],[-80.2082083763275,25.7761524854465],[-80.2082228724677,25.7765580770581],[-80.2082279342464,25.7766365865663],[-80.2082313803057,25.7766905649403],[-80.2082477698177,25.7770914892838],[-80.2082650670981,25.7775145723261],[-80.2082689871092,25.7775931279652],[-80.207848367762,25.7776064410061],[-80.2073781216371,25.7776178568275],[-80.2071046626446,25.7776267970815],[-80.2070986327603,25.7776269934967],[-80.206779003758,25.7776374417077],[-80.2061012061721,25.777364633152],[-80.2057068453583,25.7772018604521]]]},"properties":{"FID":768,"M21_ZONE":"T6-8-O","Map_Code":"T6-8","Transect":"T6","Transect_D":"Urban Core Zone","Bldg_Heigh":"8","Intensity":"O","FLR":" ","Enact":"13114","Shape_STAr":857737.511165,"Shape_STLe":8735.17927688,"Shape__Area":98676.927734375,"Shape__Length":2962.3285688280143}},{"type":"Feature","id":769,"geometry":{"type":"Polygon","coordinates":[[[-80.2057818757224,25.7767691462535],[-80.2057799038419,25.7766864815007],[-80.2050108283024,25.7767090498283],[-80.2050099977746,25.7766344158806],[-80.2050000582831,25.7763587180179],[-80.2049991845514,25.77633379826],[-80.2049954303328,25.776226802724],[-80.204993735466,25.7761792435921],[-80.2049808708294,25.7758181569553],[-80.2049740050701,25.7757509693952],[-80.2045159611775,25.7757687477823],[-80.2044530309206,25.7757703263924],[-80.2044178719597,25.7748179524186],[-80.2044173658281,25.7748017614992],[-80.2051420718644,25.7747797697273],[-80.2052113904275,25.7747776660572],[-80.2060876043424,25.7747510711592],[-80.206072438786,25.7742928709769],[-80.206146080245,25.7742818505772],[-80.2063078587393,25.7742760949389],[-80.206468537348,25.7742703791578],[-80.2065782640027,25.7742664741366],[-80.2065950805989,25.7742659556329],[-80.2067551160067,25.7742610141139],[-80.2069061851933,25.7742563521174],[-80.2070582664673,25.7742516575674],[-80.2071999417018,25.7742472816689],[-80.2072303491579,25.774660100983],[-80.207248069879,25.7747941736335],[-80.2072446505342,25.7747943048457],[-80.207258589632,25.7750689927625],[-80.2072641375481,25.7751770108399],[-80.2072853112057,25.7755917114695],[-80.2072982406357,25.775790321974],[-80.2073204940475,25.7761846339369],[-80.207342750885,25.7765790469938],[-80.2073344711911,25.776662772481],[-80.2073339069157,25.7766684741658],[-80.207336363835,25.7767117651851],[-80.2073559002931,25.7771154507778],[-80.2071936891854,25.7771185206679],[-80.2070392662353,25.7771212916171],[-80.2068949102743,25.7771239430621],[-80.2067501744811,25.7771265931957],[-80.2066229118774,25.777128994548],[-80.2065778963762,25.777129780826],[-80.206420246564,25.7771323602132],[-80.2062635458112,25.7771349446065],[-80.2061070328283,25.7771356794198],[-80.2061056062635,25.7770383035249],[-80.2059382671454,25.7770413449404],[-80.2057880212281,25.7770443079586],[-80.2057818757224,25.7767691462535]]]},"properties":{"FID":769,"M21_ZONE":"T6-8-R","Map_Code":"T6-8","Transect":"T6","Transect_D":"Urban Core Zone","Bldg_Heigh":"8","Intensity":"R","FLR":" ","Enact":"13114","Shape_STAr":741108.003628,"Shape_STLe":3940.23737349,"Shape__Area":85259.46875,"Shape__Length":1336.6491820722902}},{"type":"Feature","id":787,"geometry":{"type":"Polygon","coordinates":[[[-80.2018930005409,25.7632410953489],[-80.2006244575912,25.7625465670393],[-80.2007046191302,25.7625461605352],[-80.2009192417937,25.7624001044928],[-80.2003038374399,25.7616448957648],[-80.200279224976,25.7616146931963],[-80.2002044336021,25.7615229103876],[-80.2002795463021,25.7614692776338],[-80.2003062531373,25.7614511104324],[-80.2003959128395,25.7613899562921],[-80.2004226202079,25.761371704222],[-80.200549669552,25.7612852211113],[-80.2006114772053,25.7612430862139],[-80.2007085082969,25.7613571104364],[-80.2008051648328,25.7614705295675],[-80.2008963569191,25.7615775567433],[-80.2009888700909,25.7616860525093],[-80.2010755407319,25.7617878960982],[-80.2011725734345,25.7619016618693],[-80.201274129953,25.762020782563],[-80.2013306686835,25.7620860404399],[-80.2012781174356,25.7621220522802],[-80.201354369441,25.7622038411742],[-80.201475923408,25.7623142137133],[-80.201583322414,25.7624119580336],[-80.2016888313773,25.7625077999513],[-80.2017945307289,25.7626038170504],[-80.2019047594389,25.762704067977],[-80.2020110258696,25.762800601641],[-80.2020302925185,25.7627876386544],[-80.202265307607,25.7626288359142],[-80.2024478548402,25.7625060283504],[-80.2027677595105,25.7622893107814],[-80.2028640407134,25.7624024692684],[-80.2029599430354,25.7625153692655],[-80.2030445427728,25.7626147929977],[-80.203109732661,25.7626920811835],[-80.2031843473212,25.762769269286],[-80.2032760815487,25.7628790248905],[-80.2033625014078,25.7629824228558],[-80.2034324293296,25.7629384717429],[-80.2036717473882,25.7627690344357],[-80.2037627440208,25.7627138791477],[-80.2038454591689,25.762653306819],[-80.2040114119442,25.7625416698072],[-80.2041804179586,25.7624278991716],[-80.2042736864928,25.7625374287652],[-80.2043720427209,25.7626528334947],[-80.2043997392532,25.7626854857982],[-80.2044604143965,25.7627566476874],[-80.2048764370241,25.7624786117447],[-80.2049659008006,25.7624167171337],[-80.205294210418,25.7621917002128],[-80.2053100396856,25.7622100120996],[-80.2053844686621,25.7622969981912],[-80.205417255105,25.762335353071],[-80.2054732213838,25.7624005701487],[-80.2055295614877,25.7624663931207],[-80.2055668710295,25.7625099295112],[-80.2056642894471,25.762623693567],[-80.2057645361377,25.7627407405954],[-80.205828282144,25.7628098389714],[-80.2062186390338,25.7625212361747],[-80.2066588616318,25.7630488882056],[-80.2067636868024,25.7629819401083],[-80.2071028837246,25.7627469210555],[-80.2074126303488,25.7625324224266],[-80.2075124669989,25.7624578959116],[-80.2080449243762,25.7630708276963],[-80.2077499331952,25.7630778337871],[-80.2076155493453,25.7630860792141],[-80.207371926753,25.7630886008534],[-80.2073381040843,25.7630940275712],[-80.2073381294936,25.7630963556526],[-80.2073120419364,25.7630976253417],[-80.2062806819126,25.7631477802326],[-80.2052511968332,25.7631587701139],[-80.2051928062482,25.7631620826751],[-80.2051868628784,25.7631624203107],[-80.2047357981541,25.7631880102454],[-80.2047218980546,25.7631887981427],[-80.2044692320486,25.7632031326876],[-80.2036955536243,25.763231331956],[-80.2026140609858,25.7632675754533],[-80.2019860810959,25.7632839879152],[-80.2018930005409,25.7632410953489]]]},"properties":{"FID":787,"M21_ZONE":"T3-O","Map_Code":"T3","Transect":"T3","Transect_D":"Sub-Urban Zone","Bldg_Heigh":" ","Intensity":"O","FLR":" ","Enact":"13114","Shape_STAr":542085.68175,"Shape_STLe":6740.97914018,"Shape__Area":62349.685546875,"Shape__Length":2284.1363301994429}},{"type":"Feature","id":788,"geometry":{"type":"Polygon","coordinates":[[[-80.2006469633085,25.7632821113628],[-80.2006244575912,25.7625465670393],[-80.2018930005409,25.7632410953489],[-80.2019860810959,25.7632839879152],[-80.2019720143195,25.7632843558047],[-80.2019695636808,25.763284419095],[-80.2019426115791,25.7632851243382],[-80.2014619573679,25.7632976844929],[-80.2010684659963,25.763311760435],[-80.2010542417647,25.7633122699906],[-80.2006483308042,25.7633267884315],[-80.2006469633085,25.7632821113628]]]},"properties":{"FID":788,"M21_ZONE":"CS","Map_Code":"CS","Transect":"CS","Transect_D":"Civic Space Zone","Bldg_Heigh":" ","Intensity":" ","FLR":" ","Enact":"13114","Shape_STAr":61634.5482575,"Shape_STLe":1246.55189627,"Shape__Area":7089.14453125,"Shape__Length":422.39026019659826}},{"type":"Feature","id":789,"geometry":{"type":"Polygon","coordinates":[[[-80.2095664750453,25.7785132938595],[-80.2091425838815,25.7785250420556],[-80.2091385937652,25.7785216254947],[-80.2090067532865,25.7784296669919],[-80.2085294992279,25.7780898193987],[-80.2083881902741,25.777989197546],[-80.2079112436702,25.7776510240592],[-80.2079111593337,25.7776509631224],[-80.2078529193549,25.7776096683935],[-80.2078506638994,25.777608069253],[-80.207848367762,25.7776064410061],[-80.2080992554068,25.777599189939],[-80.2082689871092,25.7775931279652],[-80.2087647519917,25.7775754211485],[-80.2088965365945,25.7775707136746],[-80.2095284216846,25.7775481442088],[-80.209535017103,25.7775479074378],[-80.2095357468352,25.7775703287616],[-80.2095664750453,25.7785132938595]]]},"properties":{"FID":789,"M21_ZONE":"T5-L","Map_Code":"T5","Transect":"T5","Transect_D":"Urban Center Zone","Bldg_Heigh":" ","Intensity":"L","FLR":" ","Enact":"13114","Shape_STAr":121558.080271,"Shape_STLe":1587.27648642,"Shape__Area":13984.98046875,"Shape__Length":537.949577038695}},{"type":"Feature","id":790,"geometry":{"type":"Polygon","coordinates":[[[-80.2112968629072,25.7794787267134],[-80.2112920495669,25.7794123854952],[-80.2104952749388,25.7794345092114],[-80.2104897958242,25.7792483174771],[-80.2104779621747,25.7789553237928],[-80.2103208612266,25.7789603177154],[-80.2101753498585,25.7789650304702],[-80.2100231886797,25.7789700508854],[-80.2099998930321,25.7785586067393],[-80.2099967110252,25.7785009118163],[-80.2095664750453,25.7785132938595],[-80.2095357468352,25.7775703287616],[-80.209535017103,25.7775479074378],[-80.2095284216846,25.7775481442088],[-80.2088965365945,25.7775707136746],[-80.2087647519917,25.7775754211485],[-80.2082689871092,25.7775931279652],[-80.2082650670981,25.7775145723261],[-80.2082477698177,25.7770914892838],[-80.2082313803057,25.7766905649403],[-80.2082279342464,25.7766365865663],[-80.2082228724677,25.7765580770581],[-80.2082083763275,25.7761524854465],[-80.2082040389057,25.7760310867598],[-80.2081942099036,25.7757561053647],[-80.208174502166,25.7755601443198],[-80.2081655908171,25.775295466257],[-80.2081604975237,25.7751442163526],[-80.2081558642673,25.7750067172412],[-80.2081516970214,25.7748829698588],[-80.2081475750033,25.7747605198313],[-80.2081456653455,25.7747030773012],[-80.2082996691907,25.7746985417653],[-80.2090566100418,25.7746762454887],[-80.2094316243726,25.7746651975994],[-80.2094086984171,25.7741999932109],[-80.2102789104805,25.7741720008304],[-80.2104398557875,25.7741663218213],[-80.2105954024796,25.7741608317898],[-80.2107433184731,25.7741562795832],[-80.2107864383366,25.7741547938932],[-80.2108509053097,25.7741525619234],[-80.2109361539394,25.7741496130749],[-80.211050290767,25.7741455634044],[-80.2112018788168,25.7741401956857],[-80.2113891787012,25.7741334714905],[-80.2115366173235,25.7741236091947],[-80.2116944581557,25.774120337402],[-80.2118405234491,25.7741173455708],[-80.2119968440179,25.7741140652157],[-80.2121506962847,25.7741107713291],[-80.2123026483292,25.7741076403031],[-80.2124591602894,25.7741043604868],[-80.2126109230707,25.7741010539022],[-80.2127647751875,25.7740979308688],[-80.2128094108745,25.7740969690961],[-80.2128669635384,25.7740957323661],[-80.2129036229779,25.7740948989239],[-80.2129765914211,25.774094216716],[-80.2129920727449,25.7750113396394],[-80.2130894193006,25.7750070973796],[-80.2131555223424,25.7750052189597],[-80.2132672148511,25.7750018683449],[-80.2134024615966,25.7749979562458],[-80.2135527141722,25.7749934382021],[-80.2136968883925,25.7749892301667],[-80.213852078725,25.774984566088],[-80.2140036631284,25.7749800556758],[-80.2141620843896,25.7749754087175],[-80.2141661827039,25.7751028493213],[-80.2141702696961,25.7752320094154],[-80.2141732692064,25.7753243678966],[-80.2141735652615,25.7753382965251],[-80.214176659832,25.7754816039485],[-80.2141784816166,25.7754815460877],[-80.2141785537141,25.7754846759742],[-80.2141924353074,25.7760909147413],[-80.2142008024246,25.7764564358686],[-80.2142039375122,25.7764584494666],[-80.2142061340664,25.7765050192494],[-80.2142098492098,25.7766329740755],[-80.214213893206,25.7767686691162],[-80.2142180732357,25.7769126205497],[-80.2142219526266,25.7770447013783],[-80.2142261431412,25.7771867600007],[-80.214230482032,25.777335352821],[-80.2142347129302,25.7774717366796],[-80.2142378546049,25.7776000323032],[-80.2142400933924,25.7776925581514],[-80.2142409644217,25.7777333158103],[-80.2142444029721,25.7778745092286],[-80.2142476717683,25.7780122635245],[-80.2142488532566,25.778063856493],[-80.2142509581538,25.7781479535466],[-80.2142543730568,25.778292586838],[-80.2142569023162,25.7784275867506],[-80.2142603805187,25.7785627632893],[-80.2142624673051,25.7786496106215],[-80.2142636411379,25.778702063772],[-80.214267273658,25.7788425703987],[-80.2142703959638,25.7789739619922],[-80.214272216193,25.7790436132556],[-80.2142738585992,25.7791112009976],[-80.2142771325462,25.7792487828922],[-80.2142853784406,25.7793199176097],[-80.2137235560894,25.779337235614],[-80.2136566717946,25.7793392986801],[-80.2131352168534,25.7793553675625],[-80.2131460528214,25.7798146341845],[-80.2130644277674,25.779831693349],[-80.2129230912606,25.7798367753253],[-80.2127728270242,25.7798419821691],[-80.2126225616529,25.7798473594526],[-80.2123136734268,25.779858238909],[-80.212311779724,25.7798583071877],[-80.2121586594789,25.7798637615086],[-80.2120131457406,25.7798688217856],[-80.2116989376453,25.7798798426269],[-80.2115571776209,25.7799201722428],[-80.2114633337841,25.779923447592],[-80.2113102169164,25.7799289786639],[-80.2113052561702,25.7797600917901],[-80.2113046120663,25.7797430642846],[-80.2113008902269,25.7796161411869],[-80.2112968629072,25.7794787267134]],[[-80.2111219268299,25.776552217172],[-80.2111201658984,25.7764738772704],[-80.2111098309014,25.776198864339],[-80.2111096979299,25.7761953035576],[-80.2111082710854,25.776157046835],[-80.2111054739475,25.776082082647],[-80.2111003054008,25.7759446619217],[-80.2110902821825,25.775679797376],[-80.2110878022116,25.7755790361965],[-80.2095393369243,25.7756196306394],[-80.2094643483397,25.7756206783424],[-80.2094934820334,25.7765915910566],[-80.209497591921,25.7766491366876],[-80.2095341680928,25.7775407772916],[-80.2108945446092,25.777497566656],[-80.2109463392207,25.7774959230833],[-80.2115392311347,25.7774770879303],[-80.2115345367791,25.7770594125463],[-80.2115334881263,25.7769660311024],[-80.2115291408986,25.7765790937837],[-80.2115285860049,25.7765423817142],[-80.2111219268299,25.776552217172]]]},"properties":{"FID":790,"M21_ZONE":"T4-R","Map_Code":"T4","Transect":"T4","Transect_D":"General Urban Zone","Bldg_Heigh":" ","Intensity":"R","FLR":" ","Enact":"13114","Shape_STAr":2891872.28848,"Shape_STLe":10846.8788165,"Shape__Area":332697.26171875,"Shape__Length":3679.39190579085}},{"type":"Feature","id":796,"geometry":{"type":"MultiPolygon","coordinates":[[[[-80.2076504457098,25.7717731556476],[-80.2076249989374,25.7708070030297],[-80.207772610561,25.7708024791909],[-80.2079927768037,25.770795328892],[-80.207994870916,25.7708620661657],[-80.2079998413955,25.7708619235168],[-80.2080083372707,25.7711269542167],[-80.2080129285867,25.7712648855412],[-80.2080132170831,25.7712786435344],[-80.2080173381897,25.7714019583545],[-80.2080261477215,25.7716769632461],[-80.2080316262299,25.7718559068859],[-80.2080343447617,25.7719407664893],[-80.2080349139038,25.7719585021922],[-80.2077389721382,25.7719673811024],[-80.2076546261974,25.7719698853043],[-80.2076612498977,25.7722350989468],[-80.20760517083,25.772234793608],[-80.2072742853821,25.772240872623],[-80.2072860865908,25.7722071425101],[-80.2072827591736,25.7721170776038],[-80.2072788128323,25.7720119855809],[-80.2072771258209,25.7719670098669],[-80.2072724321246,25.7718420644476],[-80.2072680771775,25.7717843684663],[-80.2076504457098,25.7717731556476]]],[[[-80.2072299756791,25.7708153992308],[-80.2073780468678,25.7708107284558],[-80.2073819591131,25.770876094576],[-80.2073885216372,25.7710819964426],[-80.2073950809358,25.7712877854545],[-80.2072485472581,25.7712926234779],[-80.2072353299608,25.7708809745002],[-80.2072299756791,25.7708153992308]]]]},"properties":{"FID":796,"M21_ZONE":"T4-L","Map_Code":"T4","Transect":"T4","Transect_D":"General Urban Zone","Bldg_Heigh":" ","Intensity":"L","FLR":" ","Enact":"13114","Shape_STAr":81444.1031182,"Shape_STLe":1982.71065149,"Shape__Area":9368.9375,"Shape__Length":673.19838792430312}},{"type":"Feature","id":797,"geometry":{"type":"Polygon","coordinates":[[[-80.2104240330346,25.7717541371028],[-80.2104222580666,25.7716799429594],[-80.209873970488,25.7716944154465],[-80.2096434227758,25.7717044385828],[-80.2093462455418,25.7717143683647],[-80.2093617523317,25.7721774258076],[-80.2093332410729,25.7721790319809],[-80.209119751804,25.772184947809],[-80.2087534891129,25.7721941976],[-80.2086645943678,25.7721971163416],[-80.2085904937321,25.772199585626],[-80.2083591968221,25.7722072764976],[-80.2080433296305,25.7722177482214],[-80.2080349142213,25.7719584543533],[-80.2080343450792,25.7719407186504],[-80.2080316265474,25.7718558590471],[-80.208026148039,25.7716769154072],[-80.2080173385073,25.7714019105157],[-80.2080132174006,25.7712785956956],[-80.2080129289042,25.7712648377024],[-80.2080083375883,25.7711269063779],[-80.2079998417131,25.770861875678],[-80.2079948712336,25.7708620183269],[-80.2079927771213,25.7707952810531],[-80.2079905092362,25.7707228841045],[-80.2079758925135,25.770321631475],[-80.2079707282041,25.7701841248722],[-80.2079657517385,25.7700467050412],[-80.2079604424105,25.769902663342],[-80.2079574475362,25.7698307588874],[-80.2081248232954,25.7698263792364],[-80.2081213300245,25.7697538519485],[-80.2081084484327,25.7693483978401],[-80.2079401539686,25.7693540163402],[-80.207935189968,25.7692148752032],[-80.2079305673758,25.7690816708631],[-80.2079257832126,25.7689438232985],[-80.2079218305715,25.7688789461895],[-80.2079788437809,25.7688681908417],[-80.2079713049561,25.7687775379241],[-80.2079660753387,25.7686531780758],[-80.2079645961603,25.7686186056469],[-80.2079608231748,25.7685289119786],[-80.2079550891362,25.7683914879953],[-80.208025937755,25.7683892946571],[-80.2080639265097,25.7683881257256],[-80.2082189220349,25.7683832940344],[-80.2082171235949,25.7683394351818],[-80.2082126825383,25.7682360662991],[-80.2082121893539,25.7682244573059],[-80.2082098993109,25.7681689019104],[-80.2082084000901,25.7681373397188],[-80.2082077448891,25.7681216029152],[-80.2082010344834,25.7679594120442],[-80.2081970593031,25.7678134774834],[-80.2081947101495,25.7677391881051],[-80.2081914417381,25.7676306660296],[-80.2081884852371,25.7675323772202],[-80.2081843275784,25.767419054509],[-80.2083368191903,25.767415051222],[-80.2083520143427,25.7674146175536],[-80.2085094773253,25.767409713198],[-80.2086507945989,25.7674053229569],[-80.2088069287824,25.7674004119568],[-80.20895717396,25.7673957260387],[-80.209085249813,25.7673910341339],[-80.209153880857,25.7673885303092],[-80.2091536179736,25.7673821687873],[-80.2092417873222,25.7673792601816],[-80.2093743311472,25.7673760681341],[-80.2095323635435,25.7673714239218],[-80.2096845055107,25.767366919057],[-80.2098364590636,25.7673624139128],[-80.2099090146303,25.7673602298153],[-80.2099813842348,25.7673581277164],[-80.2101299180714,25.7673536894554],[-80.210273512888,25.7673494815001],[-80.210434202935,25.7673446792231],[-80.2105948934097,25.7673399616201],[-80.2107392483538,25.7673356724779],[-80.2108853144291,25.7673313058149],[-80.2110344168493,25.767326955464],[-80.2111282479252,25.7673241107049],[-80.2111992851568,25.7673220883353],[-80.2113591063395,25.7673255134281],[-80.211505419317,25.7673207394805],[-80.2115964025831,25.7673177056818],[-80.2116520564066,25.7673159445746],[-80.211810660882,25.7673106980111],[-80.2119717354932,25.7673054655509],[-80.2121159018358,25.7673007434545],[-80.2122805840897,25.7672953604821],[-80.2124272211571,25.7672905620859],[-80.2124804052271,25.7672888757575],[-80.2125805067632,25.7672855467679],[-80.2127106187498,25.7672813501158],[-80.2129064677073,25.7672755645392],[-80.2131737028511,25.7672662281554],[-80.213316163686,25.767261324144],[-80.2134658418587,25.7672561141815],[-80.2136126709364,25.7672510610783],[-80.2137688072821,25.7672456266351],[-80.2139262739396,25.7672401161648],[-80.213930705888,25.7673745235769],[-80.2139349773214,25.7675045459306],[-80.2139382980928,25.767605761274],[-80.2139397075254,25.7676513357468],[-80.213945110861,25.7677826531983],[-80.2139510008522,25.7679263540733],[-80.2139565266087,25.7680673892476],[-80.2139618972699,25.7682035194644],[-80.2139674403286,25.7683422331018],[-80.2139729777472,25.7684818042271],[-80.2139746224583,25.7685204168956],[-80.2139767321535,25.768574853787],[-80.2139776968488,25.7686016840559],[-80.2139774597175,25.7686794536015],[-80.2140446995699,25.7686754722539],[-80.2140470417291,25.7687410852502],[-80.2140510770438,25.7688780684715],[-80.2140543253094,25.7689904591577],[-80.2140550931012,25.7690179761837],[-80.2139958291898,25.7690199786636],[-80.2139997169491,25.7691505991815],[-80.2140037323815,25.7692905926378],[-80.2140077489483,25.7694304145935],[-80.2140116459151,25.769559488006],[-80.2140110708886,25.7697044456292],[-80.2140131476877,25.769850446596],[-80.2140150305537,25.7699971343345],[-80.2140168419453,25.770125766811],[-80.2140185983985,25.7702627395058],[-80.2140196333969,25.7703362562836],[-80.2140206678304,25.7704098588096],[-80.2140213240365,25.7704543144208],[-80.21402191826,25.770508482247],[-80.2140224605342,25.7705413282176],[-80.2140265982891,25.7706172032322],[-80.2136616792943,25.7706270675793],[-80.2135125509592,25.7706310990636],[-80.2133885299387,25.7706344510061],[-80.2133003666836,25.7706368331599],[-80.2129685305283,25.7706458022435],[-80.2128958388543,25.7706477668472],[-80.2129094257893,25.7710726866745],[-80.21291040133,25.7711032774491],[-80.2129262163781,25.7715978679414],[-80.2129262557419,25.7715994568237],[-80.2129345627015,25.7720623795213],[-80.2128488414662,25.7720643602716],[-80.2126970713377,25.7720688712511],[-80.2125432106318,25.7720735413613],[-80.2124007505751,25.7720777557893],[-80.2122463226345,25.7720824225152],[-80.2120858156109,25.7720872294734],[-80.2119254989999,25.7720920345774],[-80.2118018535069,25.7720958041979],[-80.2117913938345,25.7720961230503],[-80.2110218809327,25.7721313359254],[-80.2108787970636,25.772135800027],[-80.2107279767162,25.7721404847009],[-80.2105744965675,25.7721453262941],[-80.210434891618,25.7721487761954],[-80.2104240330346,25.7717541371028]]]},"properties":{"FID":797,"M21_ZONE":"T4-R","Map_Code":"T4","Transect":"T4","Transect_D":"General Urban Zone","Bldg_Heigh":" ","Intensity":"R","FLR":" ","Enact":"13114","Shape_STAr":3169583.8647,"Shape_STLe":7957.9960432,"Shape__Area":364602.82421875,"Shape__Length":2698.7895270598774}},{"type":"Feature","id":798,"geometry":{"type":"Polygon","coordinates":[[[-80.2081209737355,25.7742263282033],[-80.2079611147759,25.77422947952],[-80.2078145206342,25.7742323706973],[-80.20766319229,25.7742329802221],[-80.207504442243,25.7742378809983],[-80.2073610320332,25.774242308221],[-80.2071999417018,25.7742472816689],[-80.2070582664673,25.7742516575674],[-80.2069061851933,25.7742563521174],[-80.2067551160067,25.7742610141139],[-80.2065950805989,25.7742659556329],[-80.2065782640027,25.7742664741366],[-80.206468537348,25.7742703791578],[-80.2063078587393,25.7742760949389],[-80.206146080245,25.7742818505772],[-80.206072438786,25.7742928709769],[-80.2059923827809,25.7743039384804],[-80.205858462061,25.7743085369528],[-80.2056973781804,25.7743140214755],[-80.2055448387874,25.7743193791591],[-80.2053995233008,25.7743242589089],[-80.2052355891458,25.774329897957],[-80.2050853317515,25.7743350961174],[-80.2049388746376,25.774340143382],[-80.204785768122,25.7743453247634],[-80.2046313315946,25.7743506711204],[-80.2044922826471,25.7743554136126],[-80.2044090768201,25.7743551744616],[-80.2044061452411,25.7743113175496],[-80.2023944096523,25.7743824488957],[-80.2021108244048,25.7740744558828],[-80.2013111044351,25.7741821482925],[-80.2005185657807,25.7730484289564],[-80.200685688064,25.773022455213],[-80.2007174209948,25.7730175214043],[-80.2012477657402,25.7729342301233],[-80.2026808104193,25.772880635316],[-80.2026407355771,25.772360482138],[-80.2027444507294,25.7723582837416],[-80.2028807737994,25.7723541417498],[-80.2030381438996,25.7723493584713],[-80.203196042443,25.7723445616679],[-80.2033582731248,25.7723404247774],[-80.2035013059199,25.7723360499433],[-80.2036133574204,25.7723326238141],[-80.2036610532877,25.7723311661698],[-80.2038124435947,25.772326575896],[-80.203959654846,25.772322135914],[-80.2041169333746,25.7723173220812],[-80.2042472396215,25.7723133914227],[-80.2044102072386,25.7723098116155],[-80.2045585598916,25.7723047779059],[-80.2047110961611,25.7722995051388],[-80.2048569819695,25.7722945424927],[-80.2049615189813,25.7722909271331],[-80.2049629399095,25.7722908771261],[-80.2050574505143,25.7722876347784],[-80.2051069094387,25.7722859452821],[-80.2051506507685,25.7722844538139],[-80.2053123026897,25.7722788880985],[-80.2054612280803,25.7722737690374],[-80.2056122409194,25.7722686603157],[-80.2057788314628,25.7722629495356],[-80.2059195871631,25.7722581293283],[-80.2059914936552,25.7722535643084],[-80.2059946400999,25.7722550320374],[-80.2059945317757,25.7722654670066],[-80.206079251174,25.7722660501711],[-80.2061918163472,25.7722636186759],[-80.2070733309102,25.7722445664034],[-80.2072742853821,25.772240872623],[-80.20760517083,25.772234793608],[-80.2076612498977,25.7722350989468],[-80.2077491964848,25.7722275468565],[-80.2078941340405,25.7722227411842],[-80.208043329313,25.7722177960602],[-80.2083591965047,25.7722073243365],[-80.2085904934148,25.7721996334648],[-80.2086645940505,25.7721971641804],[-80.2087534887957,25.7721942454389],[-80.2091197514869,25.7721849956479],[-80.2093332407559,25.7721790798198],[-80.2093617520147,25.7721774736464],[-80.2093462452248,25.7717144162036],[-80.2096434224589,25.7717044864217],[-80.2098739701712,25.7716944632854],[-80.2098729943941,25.7717725627149],[-80.2098787936622,25.7717723712457],[-80.209883999046,25.7721668478655],[-80.2098613147077,25.7721675533385],[-80.2098240584622,25.7721712839095],[-80.2098329699928,25.7726788297351],[-80.2098849566566,25.7726788809207],[-80.2100992963617,25.7726724838771],[-80.210214214245,25.7726690546853],[-80.2102161476613,25.7726689938686],[-80.2104423245744,25.7726618599074],[-80.2104430237784,25.7725531924509],[-80.2104348913014,25.7721488240343],[-80.2105744962509,25.772145374133],[-80.2107279763997,25.7721405325398],[-80.2108787967472,25.7721358478659],[-80.2110218806164,25.7721313837643],[-80.2117913935184,25.7720961708892],[-80.2118018531909,25.7720958520368],[-80.2119254986839,25.7720920824163],[-80.212085815295,25.7720872773123],[-80.2122463223186,25.7720824703541],[-80.2124007502593,25.7720778036282],[-80.212543210316,25.7720735892002],[-80.2126970710221,25.77206891909],[-80.2128488411506,25.7720644081105],[-80.2129345623859,25.7720624273602],[-80.2129346357055,25.7720641581425],[-80.2129351571672,25.7720736668016],[-80.2130100279221,25.772071556014],[-80.2131526799438,25.7720672544696],[-80.2132491739518,25.7720643388617],[-80.2133103372861,25.7720625193885],[-80.2134197481977,25.7720591544668],[-80.213457737538,25.7720580708055],[-80.2135034090151,25.772056690157],[-80.2135489299162,25.7720553159017],[-80.2136079336919,25.7720535342787],[-80.2136912479201,25.7720510183419],[-80.2137671875462,25.7720487251876],[-80.2138396512522,25.7720465377824],[-80.2138779052407,25.772045382326],[-80.2138789751466,25.7720453483887],[-80.2139115267244,25.7720443588982],[-80.2139556416608,25.7720430328855],[-80.2139964322506,25.7720418062494],[-80.2139922166059,25.7719148027464],[-80.2139914863783,25.7718927839941],[-80.2139831223781,25.7716408227567],[-80.2139801150812,25.7716083841135],[-80.2139795613389,25.7716024010452],[-80.2139755368933,25.7715589625919],[-80.2139796180922,25.7715550472615],[-80.2146185114977,25.7715382987987],[-80.2146180401115,25.7715235857139],[-80.2154674697137,25.7714999693452],[-80.2154675410959,25.7715044261299],[-80.215469592755,25.7715185212914],[-80.2154789301367,25.7715827475775],[-80.2154891051614,25.7719901924703],[-80.2155675480243,25.7719874361709],[-80.2156460004441,25.771984590518],[-80.2158032835002,25.7719789904859],[-80.2159423306664,25.7719740647073],[-80.2161003733265,25.7719684675434],[-80.2162164359198,25.7719642779216],[-80.2162890211439,25.7719637652741],[-80.2163037451739,25.7719636586195],[-80.2163050611522,25.7719636494585],[-80.2163400730198,25.7729958001338],[-80.2163470760719,25.77299553997],[-80.2163806833091,25.7739863134389],[-80.2163614098997,25.7739869001813],[-80.2163718536961,25.7744314373074],[-80.2163724080502,25.7744487297117],[-80.2155513492091,25.7744715597489],[-80.2155481277388,25.7745366606779],[-80.2155619874486,25.7749294264736],[-80.2150593991719,25.774946669446],[-80.2150370668336,25.7749474353853],[-80.2148240131502,25.7749547447119],[-80.2146033451588,25.7749623141156],[-80.2145805504347,25.7749630504095],[-80.214466308673,25.774966423476],[-80.2144080256219,25.7749681470287],[-80.2141620843896,25.7749754087175],[-80.2140036631284,25.7749800556758],[-80.213852078725,25.774984566088],[-80.2136968883925,25.7749892301667],[-80.2135527141722,25.7749934382021],[-80.2134024615966,25.7749979562458],[-80.2132672148511,25.7750018683449],[-80.2131555223424,25.7750052189597],[-80.2130894193006,25.7750070973796],[-80.2129920727449,25.7750113396394],[-80.2129765914211,25.774094216716],[-80.2129036229779,25.7740948989239],[-80.2128669635384,25.7740957323661],[-80.2128094108745,25.7740969690961],[-80.2127647751875,25.7740979308688],[-80.2126109230707,25.7741010539022],[-80.2124591602894,25.7741043604868],[-80.2123026483292,25.7741076403031],[-80.2121506962847,25.7741107713291],[-80.2119968440179,25.7741140652157],[-80.2118405234491,25.7741173455708],[-80.2116944581557,25.774120337402],[-80.2115366173235,25.7741236091947],[-80.2113891787012,25.7741334714905],[-80.2112018788168,25.7741401956857],[-80.211050290767,25.7741455634044],[-80.2109361539394,25.7741496130749],[-80.2108509053097,25.7741525619234],[-80.2107864383366,25.7741547938932],[-80.2107433184731,25.7741562795832],[-80.2105954024796,25.7741608317898],[-80.2104398557875,25.7741663218213],[-80.2102789104805,25.7741720008304],[-80.2094086984171,25.7741999932109],[-80.2093285967276,25.7742025105814],[-80.20903782538,25.774208244595],[-80.2088826884804,25.7742113061495],[-80.2087292814861,25.7742143309096],[-80.2085790441089,25.7742172960207],[-80.2084288546094,25.7742202567237],[-80.2082779063362,25.7742232339042],[-80.2081209737355,25.7742263282033]]]},"properties":{"FID":798,"M21_ZONE":"T6-12-O","Map_Code":"T6-12","Transect":"T6","Transect_D":"Urban Core Zone","Bldg_Heigh":"12","Intensity":"O","FLR":" ","Enact":"13114","Shape_STAr":3982041.62144,"Shape_STLe":13455.1653632,"Shape__Area":458088.984375,"Shape__Length":4557.0307821165216}},{"type":"Feature","id":808,"geometry":{"type":"Polygon","coordinates":[[[-80.2074765158468,25.766963521824],[-80.2081634812418,25.7669418772751],[-80.2081618414861,25.7668641914538],[-80.2081570475601,25.7667141056297],[-80.2081506808285,25.7665034387141],[-80.2082390085978,25.7665007463977],[-80.208327328872,25.766498131615],[-80.208471464261,25.7664937306794],[-80.2086198389386,25.7664892325976],[-80.2087706352082,25.7664847005904],[-80.2087748298556,25.7664845717472],[-80.2089244778057,25.7664800288247],[-80.2090554616682,25.766476065829],[-80.2091272705626,25.766458010314],[-80.209213894367,25.7664544587494],[-80.2093411276718,25.7664520511513],[-80.2094955548916,25.7664491078294],[-80.2095712889614,25.7664476659837],[-80.2096463560532,25.7664462358218],[-80.2097214719528,25.7664448113021],[-80.2098051330171,25.7664432246225],[-80.2099528973189,25.7664404152432],[-80.2100983804051,25.7664376655459],[-80.2102482325067,25.7664347985953],[-80.2102816596026,25.7664341404976],[-80.2104068200682,25.7664317848086],[-80.2104827915351,25.7664303194042],[-80.2105619899321,25.7664288398695],[-80.2106805037744,25.7664265670452],[-80.2106961045128,25.7664262851695],[-80.2107103214493,25.766426027381],[-80.21085979477,25.7664231541354],[-80.2110091851246,25.7664203145872],[-80.2111718623449,25.7664172165244],[-80.2112547662882,25.7664196245649],[-80.2113311686251,25.7664173694251],[-80.2114831209547,25.7664128625313],[-80.2116333647255,25.7664083453216],[-80.2117855064379,25.7664038391373],[-80.2119532235263,25.7663988141506],[-80.2120937798485,25.7663945888282],[-80.2122548473919,25.7663897856565],[-80.2124022281472,25.7663872307736],[-80.2125548809664,25.7663807975787],[-80.2126823148408,25.7663769872232],[-80.2128451817635,25.7663712652024],[-80.2131435627926,25.7663651022074],[-80.2131436736659,25.7663689995629],[-80.2131472660111,25.7664946918509],[-80.2133042917165,25.7664886308386],[-80.2133577241165,25.766486570021],[-80.2137441171493,25.7664716590275],[-80.2137505886602,25.766696216479],[-80.2137534247984,25.7667621769762],[-80.2138656524835,25.7667579765456],[-80.2138953962624,25.7667568635484],[-80.2139134190182,25.766756189118],[-80.213912688238,25.7668233949669],[-80.2139130878594,25.7668353690222],[-80.2139148253631,25.7668875851928],[-80.2139168095975,25.7669471403679],[-80.2139215508216,25.7670919507347],[-80.2139261357816,25.7672358169816],[-80.2139262739396,25.7672401161648],[-80.2137688072821,25.7672456266351],[-80.2136126709364,25.7672510610783],[-80.2134658418587,25.7672561141815],[-80.213316163686,25.767261324144],[-80.2131737028511,25.7672662281554],[-80.2129064677073,25.7672755645392],[-80.2127106187498,25.7672813501158],[-80.2125805067632,25.7672855467679],[-80.2124804052271,25.7672888757575],[-80.2124272211571,25.7672905620859],[-80.2122805840897,25.7672953604821],[-80.2121159018358,25.7673007434545],[-80.2119717354932,25.7673054655509],[-80.211810660882,25.7673106980111],[-80.2116520564066,25.7673159445746],[-80.2115964025831,25.7673177056818],[-80.211505419317,25.7673207394805],[-80.2113591063395,25.7673255134281],[-80.2111992851568,25.7673220883353],[-80.2111282479252,25.7673241107049],[-80.2110344168493,25.767326955464],[-80.2108853144291,25.7673313058149],[-80.2107392483538,25.7673356724779],[-80.2105948934097,25.7673399616201],[-80.210434202935,25.7673446792231],[-80.210273512888,25.7673494815001],[-80.2101292128792,25.7673529978066],[-80.209980734174,25.7673573903309],[-80.2099083344976,25.7673595175406],[-80.2098357740727,25.7673616826556],[-80.2096837846826,25.7673661803833],[-80.2095317254833,25.7673706811836],[-80.2093751359889,25.7673752601183],[-80.2092417873222,25.7673792601816],[-80.2091536179736,25.7673821687873],[-80.2091539257264,25.7673885287477],[-80.209085249813,25.7673910341339],[-80.2089565235764,25.7673950382929],[-80.20880620969,25.767399713005],[-80.2086500888253,25.7674045699176],[-80.2085088233699,25.7674089631478],[-80.2084197995441,25.7674117411926],[-80.2083513893563,25.7674138586337],[-80.2081843275784,25.767419054509],[-80.2080315823886,25.7674246151378],[-80.2078727886101,25.7674295117328],[-80.2078123607765,25.7674314123992],[-80.2077307111452,25.7674339828313],[-80.2077162924865,25.7674344260774],[-80.2075686139247,25.7674382491133],[-80.2074962777225,25.7674387642314],[-80.2074903964213,25.7672971790914],[-80.2074765158468,25.766963521824]]]},"properties":{"FID":808,"M21_ZONE":"T5-L","Map_Code":"T5","Transect":"T5","Transect_D":"Urban Center Zone","Bldg_Heigh":" ","Intensity":"L","FLR":" ","Enact":"13114","Shape_STAr":648443.947001,"Shape_STLe":4901.30407082,"Shape__Area":74588.2890625,"Shape__Length":1659.0176759392798}},{"type":"Feature","id":809,"geometry":{"type":"Polygon","coordinates":[[[-80.2018279311786,25.7724315133519],[-80.2019835015157,25.7724267989736],[-80.2019688180195,25.772010525707],[-80.2019666742489,25.7719381537943],[-80.20181116887,25.7719450258599],[-80.2009499277108,25.7719695482255],[-80.2008958361315,25.7700341379103],[-80.2005055669155,25.7700397997412],[-80.2005032628618,25.7699703551257],[-80.2004903155927,25.7695785693159],[-80.2003459407213,25.7695852563982],[-80.2001865596453,25.7695925495933],[-80.2003304197743,25.7691811614051],[-80.2003549222769,25.7691015548831],[-80.2006094526585,25.7682801860757],[-80.2006361659123,25.7681891099014],[-80.2006376874001,25.76818907132],[-80.200658069442,25.7681232987062],[-80.2007278868258,25.767636703264],[-80.2008932796488,25.7676372593985],[-80.2010500927097,25.7676316681263],[-80.2011995832645,25.7676262991687],[-80.2013407160706,25.7676212263007],[-80.2014865963589,25.7676160935901],[-80.2016316067724,25.7676109008997],[-80.2016385556245,25.7676106510703],[-80.2016602826252,25.7676098703034],[-80.2017880451531,25.7676052805988],[-80.2019428559146,25.767599767647],[-80.2020978530863,25.7675942537469],[-80.2022587402455,25.7675885165142],[-80.2024013927312,25.7675833660959],[-80.202571543962,25.7675867003895],[-80.2027153083818,25.7675826786546],[-80.2028792238363,25.7675781596562],[-80.2030269995346,25.7675741541658],[-80.2031783789313,25.7675699958478],[-80.2033291901153,25.7675658360673],[-80.2034936777251,25.7675613195077],[-80.2036492369757,25.767557011167],[-80.2037945404997,25.7675529913697],[-80.2039472506372,25.7675488395306],[-80.2040703321585,25.7675453857356],[-80.2042285704181,25.7675381695394],[-80.2043736909715,25.7675330306789],[-80.204527929423,25.7675275109418],[-80.2046768490399,25.7675222201353],[-80.2048312778617,25.767516702019],[-80.2048301324052,25.7674891829139],[-80.2051340499283,25.7674783764667],[-80.2051351964518,25.7675058955766],[-80.2052738587437,25.7675009796079],[-80.2054286653401,25.767495461114],[-80.205601709136,25.767489269325],[-80.2057485417481,25.7674840517811],[-80.2059066122219,25.7674735652385],[-80.2062178830977,25.7674706208376],[-80.2064746500074,25.7674681521966],[-80.2065658009478,25.7674685624714],[-80.2066557877343,25.7674677450544],[-80.2066708327096,25.7679519007422],[-80.2071141217285,25.7679371000331],[-80.2071178592811,25.7680012728255],[-80.207123500268,25.7681332009748],[-80.2071290945051,25.768262714271],[-80.2071354960739,25.7684141546884],[-80.207141414425,25.7685523532639],[-80.2071471685077,25.7686867697302],[-80.2071534324001,25.7688301288427],[-80.2071640920404,25.7689692134668],[-80.2071740664009,25.7692400978793],[-80.2071792297815,25.7693776045055],[-80.2071941896091,25.7697842749998],[-80.2071934119862,25.7698561507879],[-80.2062232728666,25.7698829764294],[-80.2059119170482,25.7698880017799],[-80.2059121099423,25.7698894254124],[-80.2059062220444,25.7698894664012],[-80.2058748882819,25.7689302868593],[-80.2051889267694,25.7689537726923],[-80.2051943550124,25.769028122216],[-80.2052068333734,25.7694243788996],[-80.2052198623683,25.7698381003769],[-80.2052203573077,25.7698941523672],[-80.2050671106019,25.7698951983359],[-80.2051046984545,25.7708685863197],[-80.2057125219736,25.7708491879112],[-80.2059405666941,25.7708419086057],[-80.2059408662895,25.7708496188903],[-80.2064800972565,25.7708353049484],[-80.2065615590956,25.7708331431394],[-80.2072299756791,25.7708153992308],[-80.2072353299608,25.7708809745002],[-80.2072485472581,25.7712926234779],[-80.2072529437155,25.7714312424699],[-80.2072617514841,25.7717062473653],[-80.2072680771775,25.7717843684663],[-80.2072724321246,25.7718420644476],[-80.2072771258209,25.7719670098669],[-80.2072788128323,25.7720119855809],[-80.2072827591736,25.7721170776038],[-80.2072860865908,25.7722071425101],[-80.2072742853821,25.772240872623],[-80.2070733309102,25.7722445664034],[-80.2061918163472,25.7722636186759],[-80.206079251174,25.7722660501711],[-80.2059945317757,25.7722654670066],[-80.2059946400999,25.7722550320374],[-80.2059914936552,25.7722535643084],[-80.2059195871631,25.7722581293283],[-80.2057788314628,25.7722629495356],[-80.2056122409194,25.7722686603157],[-80.2054612280803,25.7722737690374],[-80.2053123026897,25.7722788880985],[-80.2051506507685,25.7722844538139],[-80.2051069094387,25.7722859452821],[-80.2050574505143,25.7722876347784],[-80.2049629399095,25.7722908771261],[-80.2049615189813,25.7722909271331],[-80.2048569819695,25.7722945424927],[-80.2047110961611,25.7722995051388],[-80.2045585598916,25.7723047779059],[-80.2044102072386,25.7723098116155],[-80.2042472396215,25.7723133914227],[-80.2041169333746,25.7723173220812],[-80.203959654846,25.772322135914],[-80.2038124435947,25.772326575896],[-80.2036610532877,25.7723311661698],[-80.2036133574204,25.7723326238141],[-80.2035013059199,25.7723360499433],[-80.2033582731248,25.7723404247774],[-80.203196042443,25.7723445616679],[-80.2030381438996,25.7723493584713],[-80.2028807737994,25.7723541417498],[-80.2027444507294,25.7723582837416],[-80.2026407355771,25.772360482138],[-80.2026808104193,25.772880635316],[-80.2018469208334,25.7729117179379],[-80.2018409822764,25.7728014382327],[-80.2018279311786,25.7724315133519]]]},"properties":{"FID":809,"M21_ZONE":"T4-R","Map_Code":"T4","Transect":"T4","Transect_D":"General Urban Zone","Bldg_Heigh":" ","Intensity":"R","FLR":" ","Enact":"13114","Shape_STAr":3356779.08557,"Shape_STLe":10526.6629897,"Shape__Area":386137.046875,"Shape__Length":3568.99388353812}},{"type":"Feature","id":810,"geometry":{"type":"Polygon","coordinates":[[[-80.1963407564636,25.7531576150481],[-80.1964163604529,25.7531127823261],[-80.1969534466649,25.7527942791135],[-80.1968445988867,25.7526618327196],[-80.1968317713496,25.7526461902932],[-80.196598498901,25.7523625706119],[-80.1967620846025,25.7522479398284],[-80.1968261706407,25.7523260921194],[-80.1970031287285,25.7525416540607],[-80.1971261005474,25.7526918738338],[-80.1972390864079,25.7526248609902],[-80.1975908828466,25.7522583406354],[-80.1976487568048,25.7523274363208],[-80.1979247441089,25.7526552858923],[-80.1983406455625,25.7522438333826],[-80.1983491805525,25.7522353845986],[-80.1980926612372,25.7519278760029],[-80.1980067923642,25.7518244202486],[-80.1984303097553,25.7514266050929],[-80.1987304843387,25.7517859011812],[-80.1987320303182,25.7517518769422],[-80.1987494786272,25.7517097702927],[-80.198772762144,25.7516689513404],[-80.1988318871678,25.7516085325952],[-80.1988897512213,25.751533261846],[-80.1989708795527,25.7514298190581],[-80.1989820351719,25.7514158243044],[-80.1990147447475,25.7513775177962],[-80.1990876262528,25.7513190539362],[-80.1988335550434,25.7510185032865],[-80.199039450269,25.750812572645],[-80.1991729483098,25.7506664279907],[-80.1993275819001,25.7504949644439],[-80.1995033330514,25.7503006885029],[-80.1996663368838,25.7501195986479],[-80.1998233613633,25.7499452808479],[-80.1998336386343,25.7499355994915],[-80.2001901049835,25.7496431491197],[-80.2007348208989,25.7491783069756],[-80.2010650234044,25.748907756621],[-80.2011845303262,25.7490408243855],[-80.2014196080459,25.7488631760701],[-80.2018112342974,25.7485974135904],[-80.2026741813431,25.7496215835712],[-80.202761509779,25.7495762068658],[-80.2035959072627,25.7505724956009],[-80.2034601085105,25.7506612130842],[-80.2030036004731,25.7509692878104],[-80.2030025640517,25.7509700078716],[-80.2029998634172,25.7509667958887],[-80.2021374584037,25.7515689372954],[-80.2013065943582,25.7521490483353],[-80.1971995290929,25.754998967107],[-80.1967190031677,25.7553323897578],[-80.1957571767055,25.7559877025659],[-80.1957502424687,25.7559925412935],[-80.1938248559275,25.7573528229796],[-80.1935921621564,25.7575172124622],[-80.1933488181276,25.7576891212144],[-80.1929428365498,25.7579759238525],[-80.1928853214248,25.7580091719212],[-80.1917190036254,25.75731037809],[-80.1913405538824,25.7570931231076],[-80.1908008929341,25.756783324078],[-80.190666194249,25.7567196875959],[-80.1906207520751,25.7566672156653],[-80.1906476324597,25.756660109584],[-80.1906851204182,25.7566514024874],[-80.1906971525404,25.7566486025497],[-80.190723962194,25.7566423716332],[-80.1907662217474,25.7566338056757],[-80.1908010480273,25.7566267563683],[-80.1908781824441,25.7566133826168],[-80.1908650713894,25.7566053619014],[-80.190835023738,25.7565871030536],[-80.1908064324249,25.7565697206452],[-80.190723791354,25.7565194917859],[-80.1907069435057,25.7565092514253],[-80.1906915926337,25.7564999202308],[-80.1906828887855,25.756494628343],[-80.1906501163206,25.7564747060686],[-80.190634307822,25.756465097918],[-80.1906234776272,25.7564585169536],[-80.1906265898874,25.7564567036775],[-80.1906357584692,25.7564513730373],[-80.1906449350179,25.7564460433434],[-80.1908231313704,25.7563424968316],[-80.1909228510591,25.7562846169535],[-80.1910612371495,25.7562038304198],[-80.1913230047613,25.7560520612539],[-80.191362408155,25.7561009168052],[-80.1914331654083,25.7561884274349],[-80.1915827487776,25.7563733602865],[-80.1916583863239,25.756344891782],[-80.1917314348848,25.756306606966],[-80.1917762874627,25.7562752757803],[-80.1917959688945,25.7562615591157],[-80.1918118267159,25.7562432754676],[-80.1918307243444,25.7562275460464],[-80.1918517786222,25.7562151097339],[-80.1918750326413,25.7562057853353],[-80.1918816598473,25.7562040673647],[-80.191900122437,25.7561997414307],[-80.1919256111214,25.756197647033],[-80.1919383662808,25.7561984625151],[-80.1919511054316,25.7561992869337],[-80.1919988721464,25.7561809655274],[-80.1920120757985,25.7561758972979],[-80.1921110611753,25.7561379024548],[-80.1923638147241,25.7560409238055],[-80.1926326322242,25.7559120456019],[-80.1925023893706,25.7557565428207],[-80.1923325049165,25.7555538135085],[-80.1922864127641,25.7554988029287],[-80.1922883860014,25.7554976774365],[-80.1923103760859,25.7554852381208],[-80.1923617516927,25.7554561679669],[-80.1923988491829,25.7554351171913],[-80.192422359791,25.7554218702948],[-80.1924285204698,25.7554183823174],[-80.192431954508,25.7554164399017],[-80.1924338286635,25.755415373433],[-80.192436895443,25.7554136447139],[-80.1924402674517,25.7554117362547],[-80.1924437215034,25.7554097822153],[-80.1924470734979,25.7554078853794],[-80.1924504385109,25.7554059795891],[-80.1924538935589,25.7554040255549],[-80.192457215517,25.7554021484105],[-80.1924606205636,25.7554002184704],[-80.1925267104941,25.7553628731141],[-80.1925957558244,25.7553237541567],[-80.1926634759562,25.7552854393017],[-80.1930593227657,25.7550617576515],[-80.1933227990503,25.755375871188],[-80.1934453503741,25.7555232825979],[-80.1936317550477,25.7554178589973],[-80.1936414725074,25.7554122522834],[-80.1937727314517,25.7553350757686],[-80.193907779169,25.7552540251628],[-80.1939587248464,25.7552277376405],[-80.1935724014412,25.754769409575],[-80.1946109628412,25.7541833944759],[-80.1951285158753,25.7538764849401],[-80.1963407564636,25.7531576150481]]]},"properties":{"FID":810,"M21_ZONE":"T6-24A-R","Map_Code":"T6-24","Transect":"T6","Transect_D":"Urban Core Zone","Bldg_Heigh":"24","Intensity":"R","FLR":"A","Enact":"13114","Shape_STAr":3575799.5085,"Shape_STLe":13082.0812055,"Shape__Area":411216.1953125,"Shape__Length":4434.6111928742448}},{"type":"Feature","id":822,"geometry":{"type":"Polygon","coordinates":[[[-80.2027658787336,25.7765012349818],[-80.2028478302449,25.7764556207735],[-80.202954759659,25.7763838121021],[-80.2030616879424,25.7763120042455],[-80.2032404391565,25.7761919249643],[-80.2034554282409,25.7764284529509],[-80.2037066799997,25.7766548337923],[-80.2034237319827,25.7767865200206],[-80.2031789018034,25.7769040008946],[-80.2031643673692,25.7769107083353],[-80.2030974573227,25.7769412920067],[-80.2029738203762,25.7767590420588],[-80.2028049600034,25.7765392620552],[-80.2027658787336,25.7765012349818]]]},"properties":{"FID":822,"M21_ZONE":"CI","Map_Code":"CI","Transect":"CI","Transect_D":"Civic Institution Zone","Bldg_Heigh":" ","Intensity":" ","FLR":" ","Enact":"13114","Shape_STAr":42100.6685391,"Shape_STLe":840.380327201,"Shape__Area":4843.458984375,"Shape__Length":284.95213163638044}},{"type":"Feature","id":824,"geometry":{"type":"Polygon","coordinates":[[[-80.2026191580287,25.7816561879927],[-80.2026110057257,25.7815920614497],[-80.2013228368779,25.7816208110102],[-80.2012948075633,25.7806567448452],[-80.2013757975173,25.7806537015862],[-80.2025922026896,25.7806196900708],[-80.2025900678493,25.7805529336797],[-80.2025774982777,25.780132090605],[-80.2026420848584,25.7801302087067],[-80.2027239577893,25.7801279060916],[-80.2027581508142,25.7801268902226],[-80.2028726964429,25.7801235624137],[-80.2029475998918,25.7801204587488],[-80.2029476613487,25.7801218545834],[-80.2029479454741,25.7801282712782],[-80.2029479540862,25.7801284744218],[-80.2029513494608,25.7802050531437],[-80.202953707734,25.7802582475314],[-80.2029692897201,25.7806098376854],[-80.2046171398613,25.7805664962922],[-80.204617197702,25.7805664939005],[-80.2046337378349,25.7805660048189],[-80.2046345903945,25.7805659833026],[-80.2046802289053,25.7815385212827],[-80.2046522898251,25.7815394995727],[-80.2046522499291,25.7815395020625],[-80.2030314570808,25.7815830550078],[-80.203005217685,25.7815837588594],[-80.2030184060895,25.7819572828822],[-80.2026283014188,25.7819645518952],[-80.2026191580287,25.7816561879927]]]},"properties":{"FID":824,"M21_ZONE":"T5-O","Map_Code":"T5","Transect":"T5","Transect_D":"Urban Center Zone","Bldg_Heigh":" ","Intensity":"O","FLR":" ","Enact":"13114","Shape_STAr":428680.188129,"Shape_STLe":3532.27392229,"Shape__Area":49321.126953125,"Shape__Length":1197.3307126540421}},{"type":"Feature","id":825,"geometry":{"type":"Polygon","coordinates":[[[-80.2001702781275,25.7806989745783],[-80.2012948075633,25.7806567448452],[-80.2013228368779,25.7816208110102],[-80.2006655662225,25.7816354764409],[-80.2005231250883,25.78143332156],[-80.2001702781275,25.7806989745783]]]},"properties":{"FID":825,"M21_ZONE":"T6-8-O","Map_Code":"T6-8","Transect":"T6","Transect_D":"Urban Core Zone","Bldg_Heigh":"8","Intensity":"O","FLR":" ","Enact":"13114","Shape_STAr":104145.28624,"Shape_STLe":1315.51266721,"Shape__Area":11982.2734375,"Shape__Length":446.2174792015611}},{"type":"Feature","id":826,"geometry":{"type":"Polygon","coordinates":[[[-80.2001235589538,25.7792300623725],[-80.200394900138,25.7792245690982],[-80.2005474279158,25.779221451835],[-80.2006061213764,25.7792203986778],[-80.2006893179858,25.7792187922891],[-80.2007396551844,25.7792176931721],[-80.2008462143077,25.7792156978085],[-80.2008496804313,25.7793219867904],[-80.2008508109398,25.7793548783618],[-80.2008523436034,25.7794229782182],[-80.2011656577838,25.7794122421761],[-80.2012585294288,25.7794090981127],[-80.2012585374336,25.7794093915181],[-80.2012804846219,25.7801641873769],[-80.200154259577,25.7801953295382],[-80.2001235589538,25.7792300623725]]]},"properties":{"FID":826,"M21_ZONE":"T6-8-O","Map_Code":"T6-8","Transect":"T6","Transect_D":"Urban Core Zone","Bldg_Heigh":"8","Intensity":"O","FLR":" ","Enact":"13953","Shape_STAr":119779.406508,"Shape_STLe":1443.34998983,"Shape__Area":13780.693359375,"Shape__Length":489.53531929807167}},{"type":"Feature","id":827,"geometry":{"type":"Polygon","coordinates":[[[-80.2000962722229,25.7782808449247],[-80.2000686159237,25.7773240331322],[-80.2000618154872,25.7769268475189],[-80.2000534402561,25.7768475938797],[-80.2023331861643,25.7767721457716],[-80.2027059708305,25.7765345819446],[-80.2027658787336,25.7765012349818],[-80.2028049600034,25.7765392620552],[-80.2029738203762,25.7767590420588],[-80.2030974573227,25.7769412920067],[-80.2032278006121,25.77715063193],[-80.2032392020346,25.7771689432582],[-80.2035378536238,25.7776485970262],[-80.2038374470276,25.7776840011849],[-80.2045344694779,25.7778279184148],[-80.2045563608901,25.778452169898],[-80.2045586374928,25.7786359657149],[-80.2045593960482,25.7786548217294],[-80.2028460299173,25.7787134009357],[-80.2028965779847,25.7787115963503],[-80.2028799092586,25.7781883529637],[-80.2027966623116,25.7782010295511],[-80.202641270537,25.7782065408731],[-80.2024917667256,25.7782119118948],[-80.2023464433022,25.7782169617697],[-80.2021874424945,25.778222624325],[-80.2020409764316,25.7782278391326],[-80.2018924236473,25.7782332147529],[-80.2017376020557,25.7782387282356],[-80.2015892388251,25.7782439321794],[-80.2014361259381,25.7782494547168],[-80.2012699062014,25.7782552499568],[-80.2012002944935,25.7782572020658],[-80.2011997994961,25.7782416466775],[-80.2011176717364,25.7782428918606],[-80.2009675974651,25.7782484296852],[-80.2008131523653,25.7782542881603],[-80.2006625088326,25.7782598225429],[-80.2005164233669,25.7782652103106],[-80.2003610281711,25.7782710630844],[-80.2002198825907,25.7782763052955],[-80.2001099418818,25.778280344182],[-80.2000962722229,25.7782808449247]]]},"properties":{"FID":827,"M21_ZONE":"T6-8-L","Map_Code":"T6-8","Transect":"T6","Transect_D":"Urban Core Zone","Bldg_Heigh":"8","Intensity":"L","FLR":" ","Enact":"13114","Shape_STAr":729737.074348,"Shape_STLe":4263.37033713,"Shape__Area":83954.013671875,"Shape__Length":1444.8134905280911}},{"type":"Feature","id":828,"geometry":{"type":"Polygon","coordinates":[[[-80.1996115708825,25.7797487304745],[-80.1996417229474,25.7806951409366],[-80.1996564017188,25.7811461450642],[-80.1996573052638,25.7811738848613],[-80.199661080945,25.7812924226843],[-80.199672948377,25.7816649728294],[-80.1979844768986,25.7817088075451],[-80.1979141941002,25.779787761633],[-80.1996115708825,25.7797487304745]]]},"properties":{"FID":828,"M21_ZONE":"T6-12-O","Map_Code":"T6-12","Transect":"T6","Transect_D":"Urban Core Zone","Bldg_Heigh":"12","Intensity":"O","FLR":" ","Enact":"13114","Shape_STAr":388835.563231,"Shape_STLe":2510.06488604,"Shape__Area":44736.521484375,"Shape__Length":851.66055726513844}},{"type":"Feature","id":829,"geometry":{"type":"Polygon","coordinates":[[[-80.1963312424972,25.7850462490141],[-80.1962886386796,25.783701091561],[-80.1971476382202,25.7836815686466],[-80.1971545470264,25.783949075337],[-80.1968240417045,25.7839530974984],[-80.1968118577538,25.7839530311347],[-80.1968373707843,25.7846652287087],[-80.1969378187029,25.7846628505272],[-80.1969419697874,25.7847173997774],[-80.1969476543041,25.7848603268556],[-80.1969523902017,25.784975047224],[-80.1969560263858,25.7850309963464],[-80.1970901746311,25.7850267009185],[-80.1971240415222,25.7850256169024],[-80.1971710637668,25.7861530857852],[-80.1972022384836,25.78690047978],[-80.1972115148327,25.7871228976619],[-80.1964056201628,25.7868192108056],[-80.1963790076382,25.7861848662222],[-80.1963313324942,25.7850484285064],[-80.1963312424972,25.7850462490141]]]},"properties":{"FID":829,"M21_ZONE":"T6-8-O","Map_Code":"T6-8","Transect":"T6","Transect_D":"Urban Core Zone","Bldg_Heigh":"8","Intensity":"O","FLR":" ","Enact":"13114","Shape_STAr":282225.127727,"Shape_STLe":3158.27009966,"Shape__Area":32473.232421875,"Shape__Length":1072.8773171625182}},{"type":"Feature","id":836,"geometry":{"type":"Polygon","coordinates":[[[-80.1995681984732,25.7891796419756],[-80.1995681057329,25.7891796441733],[-80.1994139851626,25.789183758763],[-80.1994206407522,25.7894705715152],[-80.1994200922805,25.7895351719912],[-80.198759707424,25.7895549658833],[-80.1987587939215,25.7895549960547],[-80.1987518299214,25.7892752926741],[-80.1987526252494,25.7892738564273],[-80.1987558912066,25.7892737642943],[-80.1987555542323,25.7892685676933],[-80.1987510537501,25.7891992573721],[-80.198750882986,25.789196627015],[-80.1987509787173,25.7891966248343],[-80.1987321541764,25.7885276004418],[-80.1987308969163,25.7884881369202],[-80.1987307457215,25.7884833367022],[-80.1987916704479,25.7884822379804],[-80.1989409908439,25.7884779017244],[-80.1990384462291,25.7884751707884],[-80.1990701127094,25.7884215346261],[-80.1995557004973,25.7886130967807],[-80.1995681963549,25.7891795119825],[-80.1995681984732,25.7891796419756]]]},"properties":{"FID":836,"M21_ZONE":"T5-L","Map_Code":"T5","Transect":"T5","Transect_D":"Urban Center Zone","Bldg_Heigh":" ","Intensity":"L","FLR":" ","Enact":"13114","Shape_STAr":95628.7909798,"Shape_STLe":1290.72894989,"Shape__Area":11003.853515625,"Shape__Length":438.0666292791434}},{"type":"Feature","id":837,"geometry":{"type":"Polygon","coordinates":[[[-80.1971710637668,25.7861530857852],[-80.1971240415222,25.7850256169024],[-80.1976439916685,25.7850120808095],[-80.1980839702054,25.7850006276584],[-80.1982255859278,25.7849969410142],[-80.1983672016515,25.7849932533294],[-80.1985531862736,25.784988409938],[-80.19857734017,25.7849877811668],[-80.1986506129262,25.7868572755871],[-80.1972022384836,25.78690047978],[-80.1971710637668,25.7861530857852]]]},"properties":{"FID":837,"M21_ZONE":"T5-L","Map_Code":"T5","Transect":"T5","Transect_D":"Urban Center Zone","Bldg_Heigh":" ","Intensity":"L","FLR":" ","Enact":"13114","Shape_STAr":325250.001393,"Shape_STLe":2317.19767452,"Shape__Area":37424.056640625,"Shape__Length":786.39051908976217}},{"type":"Feature","id":838,"geometry":{"type":"Polygon","coordinates":[[[-80.1975458597208,25.7724793938766],[-80.1975435940314,25.7724489665626],[-80.1973311399226,25.7724526511625],[-80.1971261196223,25.7724562076689],[-80.1970252654298,25.7724579719332],[-80.1969539222682,25.7724321081667],[-80.1967011181893,25.7723404577746],[-80.1968329219123,25.772339637217],[-80.1966590464637,25.772270755728],[-80.1965012722677,25.7722082381627],[-80.1964143352944,25.7721737110495],[-80.1963006919675,25.7721287190998],[-80.1963034814207,25.7721938192326],[-80.1961693829799,25.7721406327814],[-80.1961673180529,25.7720806077406],[-80.1959543463089,25.7720082427723],[-80.1958889379518,25.7719871538076],[-80.1958876366226,25.7719415022798],[-80.1958849556824,25.7718590041484],[-80.1958784204484,25.7716795129528],[-80.1958767523446,25.7716337014326],[-80.1958740848448,25.7715604519316],[-80.1958747175638,25.7714991130887],[-80.1976144791358,25.771442169581],[-80.1985564453622,25.7714131008635],[-80.1985330370621,25.7714589710521],[-80.1984243396097,25.7714691175502],[-80.1984401110534,25.7716656637196],[-80.198304366934,25.7718573341174],[-80.1982945905138,25.7718709509102],[-80.1981573106765,25.7720648476607],[-80.1980317287016,25.7722420437971],[-80.1980186048851,25.772273267285],[-80.198001123173,25.7723029196116],[-80.1979756479955,25.77233527826],[-80.1979450699079,25.7723637400176],[-80.1979101549812,25.77238779369],[-80.1978714750671,25.7724067537033],[-80.197864576218,25.7724090138265],[-80.1978301738993,25.7724202824491],[-80.1977872018078,25.7724280430594],[-80.1977192011255,25.7724299022517],[-80.1977239701822,25.7724831479366],[-80.1976656725811,25.77249431728],[-80.1975486455092,25.7725168304343],[-80.1975458597208,25.7724793938766]]]},"properties":{"FID":838,"M21_ZONE":"T6-36B-O","Map_Code":"T6-36","Transect":"T6","Transect_D":"Urban Core Zone","Bldg_Heigh":"36","Intensity":"O","FLR":"B","Enact":"13114","Shape_STAr":246104.900596,"Shape_STLe":2383.52040245,"Shape__Area":28310.861328125,"Shape__Length":807.41346875224372}},{"type":"Feature","id":839,"geometry":{"type":"Polygon","coordinates":[[[-80.1967321930637,25.7950722363196],[-80.1967533605685,25.7950707401982],[-80.1967246856616,25.794169932237],[-80.1976781147016,25.7941396929397],[-80.1976840838723,25.7944028288703],[-80.1976986343607,25.7950442361497],[-80.1976987942665,25.795051291227],[-80.1976996634384,25.7950895520548],[-80.197702263191,25.7952041548672],[-80.1977092431512,25.7954471916563],[-80.1967423902123,25.7954739430052],[-80.1967321930637,25.7950722363196]]]},"properties":{"FID":839,"M21_ZONE":"T6-8-O","Map_Code":"T6-8","Transect":"T6","Transect_D":"Urban Core Zone","Bldg_Heigh":"8","Intensity":"O","FLR":" ","Enact":"13114","Shape_STAr":149159.708991,"Shape_STLe":1588.14533093,"Shape__Area":17165.2265625,"Shape__Length":539.04099466125274}},{"type":"Feature","id":844,"geometry":{"type":"Polygon","coordinates":[[[-80.1967128068759,25.7937967200179],[-80.1967980165977,25.7937930745415],[-80.1969274066221,25.7937875986843],[-80.1971594014042,25.7937770150851],[-80.1971985066416,25.7937804976267],[-80.1974998443388,25.7937680603652],[-80.1975877262004,25.7937654545775],[-80.1976661628702,25.7937642977361],[-80.1976781147016,25.7941396929397],[-80.1967246856616,25.794169932237],[-80.1967128068759,25.7937967200179]]]},"properties":{"FID":844,"M21_ZONE":"T4-R","Map_Code":"T4","Transect":"T4","Transect_D":"General Urban Zone","Bldg_Heigh":" ","Intensity":"R","FLR":" ","Enact":"13114","Shape_STAr":42900.360928,"Shape_STLe":900.186282878,"Shape__Area":4936.876953125,"Shape__Length":305.04535872653275}},{"type":"Feature","id":859,"geometry":{"type":"Polygon","coordinates":[[[-80.2000031914132,25.7731299855291],[-80.1995792381876,25.7731456170429],[-80.1995791873177,25.7731439865753],[-80.1994993678892,25.7730584699549],[-80.199372617415,25.772846452129],[-80.1993414735622,25.7727943566833],[-80.1993144406966,25.7727491394848],[-80.1992248708999,25.7722355626134],[-80.1992448922889,25.7720276866154],[-80.2000031914132,25.7731299855291]]]},"properties":{"FID":859,"M21_ZONE":"T6-12-O","Map_Code":"T6-12","Transect":"T6","Transect_D":"Urban Core Zone","Bldg_Heigh":"12","Intensity":"O","FLR":" ","Enact":"13114","Shape_STAr":40671.4594155,"Shape_STLe":1045.63043311,"Shape__Area":4678.744140625,"Shape__Length":355.02012782383281}},{"type":"Feature","id":860,"geometry":{"type":"Polygon","coordinates":[[[-80.2000031914132,25.7731299855291],[-80.2005924711966,25.7739375076562],[-80.1998346156817,25.773953796524],[-80.1998176128429,25.7739174318057],[-80.1997127467609,25.7736083010413],[-80.1995819243476,25.7732299475494],[-80.1995792381876,25.7731456170429],[-80.2000031914132,25.7731299855291]]]},"properties":{"FID":860,"M21_ZONE":"T6-36A-O","Map_Code":"T6-36","Transect":"T6","Transect_D":"Urban Core Zone","Bldg_Heigh":"36","Intensity":"O","FLR":"A","Enact":"13114","Shape_STAr":59207.484485,"Shape_STLe":1047.58111016,"Shape__Area":6811.1640625,"Shape__Length":355.31933124063323}},{"type":"Feature","id":861,"geometry":{"type":"Polygon","coordinates":[[[-80.1947506024558,25.7928447044538],[-80.1948747603513,25.7928412179534],[-80.1950856487314,25.7928366136669],[-80.1947938927396,25.7940742007538],[-80.194751064148,25.7928616713763],[-80.1947506024558,25.7928447044538]]]},"properties":{"FID":861,"M21_ZONE":"D1","Map_Code":"D1","Transect":"D1","Transect_D":"Work Place District Zone","Bldg_Heigh":" ","Intensity":" ","FLR":" ","Enact":"13114","Shape_STAr":24674.9181876,"Shape_STLe":1017.36613617,"Shape__Area":2839.498046875,"Shape__Length":345.82065317702245}},{"type":"Feature","id":862,"geometry":{"type":"Polygon","coordinates":[[[-80.1956362963282,25.7904985749511],[-80.1955657142444,25.7908001827761],[-80.1950856487314,25.7928366136669],[-80.1948747603513,25.7928412179534],[-80.1947506024558,25.7928447044538],[-80.1947167558066,25.7916243778875],[-80.1947074032763,25.7912797464921],[-80.1947060172679,25.7912018285461],[-80.19468739842,25.7905157561378],[-80.1956082258637,25.7904989071481],[-80.1956362963282,25.7904985749511]]]},"properties":{"FID":862,"M21_ZONE":"D2","Map_Code":"D2","Transect":"D2","Transect_D":"Industrial District Zone","Bldg_Heigh":" ","Intensity":" ","FLR":" ","Enact":"13114","Shape_STAr":178951.489665,"Shape_STLe":2138.27966762,"Shape__Area":20592.470703125,"Shape__Length":726.48409524357953}},{"type":"Feature","id":864,"geometry":{"type":"Polygon","coordinates":[[[-80.2057076868191,25.7989744240031],[-80.2065429067984,25.798944287603],[-80.206543933032,25.7990323168119],[-80.2065536351922,25.7994167347751],[-80.2064260144777,25.7994209713576],[-80.2062958973919,25.7994252880782],[-80.2061714751878,25.7994294182318],[-80.206182033853,25.7998105173012],[-80.2061886127044,25.7998791138974],[-80.2071764034963,25.7998543452774],[-80.2071831778709,25.7998543740879],[-80.2072165557902,25.8007914522543],[-80.2072294219051,25.8011684008044],[-80.2057853018945,25.8012119090925],[-80.2057846066595,25.8012085014078],[-80.2057042322915,25.7990727794052],[-80.2057076868191,25.7989744240031]]]},"properties":{"FID":864,"M21_ZONE":"T6-8-O","Map_Code":"T6-8","Transect":"T6","Transect_D":"Urban Core Zone","Bldg_Heigh":"8","Intensity":"O","FLR":" ","Enact":"13114","Shape_STAr":299674.736857,"Shape_STLe":2830.60886645,"Shape__Area":34489.669921875,"Shape__Length":960.6760593233887}},{"type":"Feature","id":876,"geometry":{"type":"Polygon","coordinates":[[[-80.1966250574481,25.7561384981657],[-80.1966419292491,25.7561585814101],[-80.1967641449431,25.7560737727102],[-80.196888240093,25.7559881167507],[-80.1968790457405,25.755977171014],[-80.1970604783748,25.7558524682936],[-80.1971283271344,25.7558058332041],[-80.1971202758126,25.7557962594992],[-80.197241208644,25.7557132756924],[-80.1973621544646,25.7556301140302],[-80.1974226280988,25.7555884902879],[-80.1975985125038,25.7554678019753],[-80.1978468892519,25.7552971294729],[-80.1978561199512,25.7553080121647],[-80.1978647047655,25.7553021263235],[-80.197928038417,25.7552586270619],[-80.1980108884223,25.7552016620819],[-80.198110714251,25.7551442507638],[-80.1981576431392,25.7551120092001],[-80.1983131169023,25.7550050497664],[-80.198345745578,25.7549814995762],[-80.1985779606801,25.7548136595817],[-80.1986205134248,25.7547827703208],[-80.198764155523,25.7546841697247],[-80.1988302587114,25.7546523773627],[-80.1988690747051,25.754612095216],[-80.1990691865265,25.7544746018796],[-80.1993132934251,25.7543167976903],[-80.1994285194016,25.7542366979867],[-80.1995595781177,25.7541456818854],[-80.199676523203,25.7540643872888],[-80.1997984233666,25.7539797655668],[-80.1999071618459,25.7539042730637],[-80.2000324966978,25.7538170920334],[-80.2000927812659,25.7537752945949],[-80.2001530643791,25.7537334104677],[-80.2002829785803,25.7536431591703],[-80.2004037365949,25.753559134523],[-80.2005220109254,25.7534769871932],[-80.2006357122328,25.7533980813609],[-80.2007539868203,25.7533158480844],[-80.2008785589146,25.7532292641793],[-80.2010006493279,25.753144556702],[-80.2011225521696,25.7530598507971],[-80.2012478846804,25.75297275532],[-80.2013615816213,25.7528937631219],[-80.2014855798442,25.7528076060946],[-80.2016051906232,25.7527245191973],[-80.2017186965677,25.7526456980686],[-80.201742734182,25.7526289782074],[-80.2018472730622,25.752556298214],[-80.2019666918244,25.7524733814594],[-80.2020809598106,25.7523939621432],[-80.2022095361905,25.7523046477073],[-80.2022682919533,25.7522637869365],[-80.2023285745417,25.7522219027717],[-80.2024542872037,25.7521346349872],[-80.2024554016812,25.7521359598691],[-80.2024586728729,25.7521398564907],[-80.2025885591319,25.7520396872454],[-80.2025907077419,25.7520398903747],[-80.2026870204297,25.7519728947518],[-80.2028196016533,25.7518807646429],[-80.202933107002,25.7518019425259],[-80.2029620357713,25.7517818615684],[-80.2031014837086,25.7516850081815],[-80.2031831956177,25.7516281738228],[-80.2032781948822,25.7515622330296],[-80.2034150629022,25.7514608754118],[-80.2036262520562,25.7517068863901],[-80.2037519234459,25.7516219993306],[-80.203875663368,25.7515457264598],[-80.2040022633052,25.7514675780539],[-80.2041494539523,25.7513768146497],[-80.2042225046127,25.7513341798497],[-80.2040411204254,25.7511136936156],[-80.2041369442223,25.7510419021322],[-80.2042482203143,25.7509660572604],[-80.2042933409045,25.750935301262],[-80.2044206403376,25.7508510606662],[-80.2048225986822,25.7512864807605],[-80.2048972726343,25.7513673673959],[-80.2052484322898,25.7511497011157],[-80.2052927163695,25.751122251176],[-80.2066552040687,25.7502776947978],[-80.2067207444662,25.7502370686236],[-80.2067981178827,25.7502591791041],[-80.2075195748087,25.7504653434728],[-80.2075625505948,25.7505131237978],[-80.2076816726742,25.7506457482839],[-80.2073615316082,25.7508758014237],[-80.2073567401804,25.7508704171827],[-80.2064301387228,25.7515110942488],[-80.2055559164071,25.7520850433244],[-80.2050118613368,25.7524968535271],[-80.2050094137592,25.7525048746898],[-80.2044207638603,25.7528913371908],[-80.2041382717357,25.7530832439109],[-80.2040949747976,25.7531125836118],[-80.2038057674756,25.7533145130342],[-80.203623353638,25.7534474701971],[-80.2033160513675,25.7536578089548],[-80.2032899141608,25.7536762371409],[-80.2029903823045,25.7538886829737],[-80.2028349035134,25.7540541132857],[-80.2025081257693,25.7542802520063],[-80.2021975584316,25.754495300326],[-80.2020175059943,25.7546156284703],[-80.2019387149907,25.7546705193564],[-80.2016899478997,25.7548438244702],[-80.2013767010797,25.7550620381305],[-80.201198113535,25.7551897668912],[-80.2008804758021,25.7554113087073],[-80.2005620707898,25.755633533411],[-80.2003920689646,25.7557551196935],[-80.2001044392759,25.756031676076],[-80.1998628070244,25.7562641129335],[-80.1998438317007,25.7562823677106],[-80.2000331094968,25.7565295676722],[-80.199993260849,25.7566331818048],[-80.1999132395465,25.7567380509986],[-80.1998919350228,25.7567717238341],[-80.1998647699136,25.7568017547477],[-80.1998325075364,25.7568272831898],[-80.1995528901485,25.7570128336042],[-80.199188581605,25.7572546647209],[-80.1990366298514,25.7573460817563],[-80.19867835185,25.757594736285],[-80.1983376255386,25.7578311057602],[-80.1981876974025,25.7579316471044],[-80.1978025917059,25.758187803422],[-80.1977903844046,25.7581959051629],[-80.1974514350801,25.7584212753276],[-80.1973053542423,25.7585183824853],[-80.1972466875054,25.7584481936994],[-80.19691283931,25.7580485065609],[-80.196912281611,25.7580478391322],[-80.1966226694521,25.7577011102652],[-80.1957618067044,25.7582798046838],[-80.195743210825,25.7582581664751],[-80.1955151775476,25.7579927363289],[-80.1955068882543,25.7579829743732],[-80.195467322212,25.7579367583702],[-80.1954689543478,25.7579356643486],[-80.1953667399321,25.757815551278],[-80.1941758183925,25.7586701865107],[-80.1940906364605,25.7587313119628],[-80.1940697305167,25.758718789278],[-80.1938919717524,25.7586122886969],[-80.193674798173,25.7584821737672],[-80.1934479812737,25.7583462822809],[-80.1934222456553,25.7583308623143],[-80.1934213035115,25.7583302983529],[-80.1934945135866,25.7582869460807],[-80.1936004987279,25.7582225386236],[-80.1937220239651,25.7581386088412],[-80.193813791581,25.7580750991518],[-80.1938144815912,25.7580746218592],[-80.1938473668065,25.7580518630573],[-80.1939679387281,25.7579685298515],[-80.1940846958709,25.7578878409561],[-80.1942062210046,25.7578038259033],[-80.1943287015077,25.757719128211],[-80.1944523247585,25.7576337498162],[-80.1945645016751,25.7575562152211],[-80.1946911783448,25.7574685300808],[-80.1947978228275,25.757394835269],[-80.1949336571208,25.7573010110704],[-80.1950507914711,25.7572200661987],[-80.1951696457673,25.7571378408469],[-80.1952946050222,25.7570513498044],[-80.1954140298644,25.7569688692399],[-80.1955326915529,25.7568868997712],[-80.1956545997286,25.7568025416663],[-80.1957795551314,25.7567162225761],[-80.1958924938943,25.7566380908607],[-80.1960191674614,25.7565505778102],[-80.196143735424,25.7564642833348],[-80.1966250574481,25.7561384981657]]]},"properties":{"FID":876,"M21_ZONE":"T3-R","Map_Code":"T3","Transect":"T3","Transect_D":"Sub-Urban Zone","Bldg_Heigh":" ","Intensity":"R","FLR":" ","Enact":"13114","Shape_STAr":2992891.47809,"Shape_STLe":12412.4338723,"Shape__Area":344190.8359375,"Shape__Length":4206.8335973107078}},{"type":"Feature","id":877,"geometry":{"type":"Polygon","coordinates":[[[-80.1967190552405,25.7553323539389],[-80.1971995290929,25.754998967107],[-80.2013065943582,25.7521490483353],[-80.2021374584037,25.7515689372954],[-80.2029998634172,25.7509667958887],[-80.2030025640517,25.7509700078716],[-80.2032609236646,25.7512774504184],[-80.2033070787539,25.75133237582],[-80.2034150629022,25.7514608754118],[-80.2032781948822,25.7515622330296],[-80.2031831956177,25.7516281738228],[-80.2031014837086,25.7516850081815],[-80.2029620357713,25.7517818615684],[-80.202933107002,25.7518019425259],[-80.2028196016533,25.7518807646429],[-80.2026870204297,25.7519728947518],[-80.2025907077419,25.7520398903747],[-80.2025885591319,25.7520396872454],[-80.2024586728729,25.7521398564907],[-80.2024554016812,25.7521359598691],[-80.2024542872037,25.7521346349872],[-80.2023285745417,25.7522219027717],[-80.2022682919533,25.7522637869365],[-80.2022095361905,25.7523046477073],[-80.2020809598106,25.7523939621432],[-80.2019666918244,25.7524733814594],[-80.2018472730622,25.752556298214],[-80.201742734182,25.7526289782074],[-80.2017186965677,25.7526456980686],[-80.2016051906232,25.7527245191973],[-80.2014855798442,25.7528076060946],[-80.2013615816213,25.7528937631219],[-80.2012478846804,25.75297275532],[-80.2011225521696,25.7530598507971],[-80.2010006493279,25.753144556702],[-80.2008785589146,25.7532292641793],[-80.2007539868203,25.7533158480844],[-80.2006357122328,25.7533980813609],[-80.2005220109254,25.7534769871932],[-80.2004037365949,25.753559134523],[-80.2002829785803,25.7536431591703],[-80.2001530643791,25.7537334104677],[-80.2000927812659,25.7537752945949],[-80.2000324966978,25.7538170920334],[-80.1999071618459,25.7539042730637],[-80.1997984233666,25.7539797655668],[-80.199676523203,25.7540643872888],[-80.1995595781177,25.7541456818854],[-80.1994285194016,25.7542366979867],[-80.1993132934251,25.7543167976903],[-80.1990691865265,25.7544746018796],[-80.1988690747051,25.754612095216],[-80.1988302587114,25.7546523773627],[-80.198764155523,25.7546841697247],[-80.1986205134248,25.7547827703208],[-80.1985779606801,25.7548136595817],[-80.198345745578,25.7549814995762],[-80.1983131169023,25.7550050497664],[-80.1981576431392,25.7551120092001],[-80.198110714251,25.7551442507638],[-80.1980108884223,25.7552016620819],[-80.197928038417,25.7552586270619],[-80.1978647047655,25.7553021263235],[-80.1978561199512,25.7553080121647],[-80.1978468892519,25.7552971294729],[-80.1975985125038,25.7554678019753],[-80.1974226280988,25.7555884902879],[-80.1973621544646,25.7556301140302],[-80.197241208644,25.7557132756924],[-80.197120278821,25.7557962568078],[-80.1971196400545,25.7557954914464],[-80.1968045662837,25.7554204434993],[-80.1967190552405,25.7553323539389]]]},"properties":{"FID":877,"M21_ZONE":"T5-R","Map_Code":"T5","Transect":"T5","Transect_D":"Urban Center Zone","Bldg_Heigh":" ","Intensity":"R","FLR":" ","Enact":"13114","Shape_STAr":583935.417092,"Shape_STLe":5657.80431676,"Shape__Area":67153.587890625,"Shape__Length":1917.5233328283509}},{"type":"Feature","id":878,"geometry":{"type":"Polygon","coordinates":[[[-80.1962263718177,25.7556680312508],[-80.1963083963346,25.7557615538708],[-80.1966244156867,25.7561377336882],[-80.1966250574481,25.7561384981657],[-80.196143735424,25.7564642833348],[-80.1960191674614,25.7565505778102],[-80.1958924938943,25.7566380908607],[-80.1957795551314,25.7567162225761],[-80.1956545997286,25.7568025416663],[-80.1955326915529,25.7568868997712],[-80.1954140298644,25.7569688692399],[-80.1952946050222,25.7570513498044],[-80.1951696457673,25.7571378408469],[-80.1950507914711,25.7572200661987],[-80.1949336571208,25.7573010110704],[-80.1947978228275,25.757394835269],[-80.1946911783448,25.7574685300808],[-80.1945645016751,25.7575562152211],[-80.1944523247585,25.7576337498162],[-80.1943287015077,25.757719128211],[-80.1942062210046,25.7578038259033],[-80.1940846958709,25.7578878409561],[-80.1939679387281,25.7579685298515],[-80.1938473668065,25.7580518630573],[-80.1938144815912,25.7580746218592],[-80.193813791581,25.7580750991518],[-80.1937220239651,25.7581386088412],[-80.1936004987279,25.7582225386236],[-80.1934945135866,25.7582869460807],[-80.1934213035115,25.7583302983529],[-80.1928909762259,25.7580125593312],[-80.1928853214248,25.7580091719212],[-80.1929428365498,25.7579759238525],[-80.1933488181276,25.7576891212144],[-80.1935921621564,25.7575172124622],[-80.1938248559275,25.7573528229796],[-80.1957502424687,25.7559925412935],[-80.1957571767055,25.7559877025659],[-80.1962263718177,25.7556680312508]]]},"properties":{"FID":878,"M21_ZONE":"T5-R","Map_Code":"T5","Transect":"T5","Transect_D":"Urban Center Zone","Bldg_Heigh":" ","Intensity":"R","FLR":" ","Enact":"13114","Shape_STAr":284147.558946,"Shape_STLe":3139.46018949,"Shape__Area":32679.02734375,"Shape__Length":1064.0011993197666}},{"type":"Feature","id":879,"geometry":{"type":"Polygon","coordinates":[[[-80.1966250574481,25.7561384981657],[-80.1966244156867,25.7561377336882],[-80.1963083963346,25.7557615538708],[-80.1962263718177,25.7556680312508],[-80.1967190031677,25.7553323897578],[-80.1967190552405,25.7553323539389],[-80.1968045662837,25.7554204434993],[-80.1971196400545,25.7557954914464],[-80.197120278821,25.7557962568078],[-80.1971283271344,25.7558058332041],[-80.1970604783748,25.7558524682936],[-80.1968790457405,25.755977171014],[-80.196888240093,25.7559881167507],[-80.1967641449431,25.7560737727102],[-80.1966419292491,25.7561585814101],[-80.1966250574481,25.7561384981657]]]},"properties":{"FID":879,"M21_ZONE":"CS","Map_Code":"CS","Transect":"CS","Transect_D":"Civic Space Zone","Bldg_Heigh":" ","Intensity":" ","FLR":" ","Enact":"13207","Shape_STAr":45374.0698544,"Shape_STLe":856.355964246,"Shape__Area":5218.220703125,"Shape__Length":290.41339207065073}},{"type":"Feature","id":884,"geometry":{"type":"Polygon","coordinates":[[[-80.2016715647254,25.7909083975429],[-80.201768849186,25.790906321906],[-80.2028931696847,25.7908691533524],[-80.2028949158335,25.7909204054226],[-80.2028988150223,25.7910363170371],[-80.2029048988625,25.7912170824358],[-80.2029161333485,25.791554004595],[-80.20291972054,25.7916467940318],[-80.2028758363001,25.7916472693352],[-80.2016886024964,25.7916601378245],[-80.20168167834,25.7916602126517],[-80.2016715647254,25.7909083975429]]]},"properties":{"FID":884,"M21_ZONE":"CI","Map_Code":"CI","Transect":"CI","Transect_D":"Civic Institution Zone","Bldg_Heigh":" ","Intensity":" ","FLR":" ","Enact":"13114","Shape_STAr":112448.481409,"Shape_STLe":1365.71523493,"Shape__Area":12939.775390625,"Shape__Length":463.05129074255808}},{"type":"Feature","id":891,"geometry":{"type":"Polygon","coordinates":[[[-80.2194645048368,25.7652262728174],[-80.2195036610645,25.7652233939006],[-80.2195029051401,25.7651944796214],[-80.2195614782573,25.7651933954766],[-80.2196281891345,25.7651989488305],[-80.219790772072,25.7651949198849],[-80.2197956092197,25.7652971741732],[-80.2199441373454,25.7652934993853],[-80.2200919019039,25.7652898203544],[-80.2202478360673,25.7652859267793],[-80.2204164948543,25.7652817572779],[-80.2205990545449,25.7652718173257],[-80.2207884350006,25.7652645755873],[-80.2209500780993,25.7652583910947],[-80.2210953898296,25.7652528059505],[-80.2212399404132,25.7652473032436],[-80.2213943672735,25.7652414226567],[-80.2215419592498,25.7652357644137],[-80.2216958159097,25.7652298804569],[-80.2217156452925,25.765229116326],[-80.2217540477146,25.7652276354981],[-80.2218466326976,25.7652240667407],[-80.2220008721144,25.765218184507],[-80.2221454206341,25.7652126826934],[-80.2223135266988,25.7652062712572],[-80.2223343389675,25.76520550778],[-80.2225037575529,25.7652172013715],[-80.2226261668005,25.7652256523112],[-80.2227758353106,25.7652218092159],[-80.2228542761727,25.7652197349109],[-80.2229329074313,25.7652176606774],[-80.2230884638073,25.765213592339],[-80.2232368015609,25.7652097398607],[-80.2233874175896,25.7652058145373],[-80.2235458198744,25.7652017590884],[-80.2236941595994,25.7651979070566],[-80.2238483852066,25.7651938290022],[-80.2240012815042,25.7651898276441],[-80.2241532272478,25.7651859104215],[-80.2243158082868,25.765181704],[-80.2244907376982,25.765177133524],[-80.2245816333477,25.7651748818299],[-80.224581084774,25.7651577447023],[-80.2246652080714,25.7651554505587],[-80.2247739305482,25.7651527169043],[-80.2248429837907,25.7651509814747],[-80.2249924602597,25.7651472199236],[-80.2251371857629,25.7651436062371],[-80.2252885631529,25.7651398545009],[-80.2253294176961,25.7651388470363],[-80.2254319613257,25.7651363192087],[-80.2255516876913,25.765133330307],[-80.2255880846701,25.7651324209112],[-80.2257394606017,25.7651285838481],[-80.2258942536127,25.7651247657029],[-80.2260484764563,25.7651209416532],[-80.2262063118707,25.7651169660429],[-80.2263605356944,25.76511314257],[-80.2265255877362,25.7651089468099],[-80.2266146288526,25.7651067453701],[-80.2266127895302,25.7650375407191],[-80.2266962128359,25.7650355702466],[-80.2267597892207,25.7650338472335],[-80.2268766496816,25.7650306804394],[-80.2270570875038,25.7650257922186],[-80.2272407535662,25.7650208351603],[-80.2274232797029,25.7650159575718],[-80.2275683890532,25.7650119986861],[-80.2276023867487,25.7650110616106],[-80.2277579424112,25.7650068998091],[-80.2279040017094,25.7650029465309],[-80.2280513903197,25.7649989135008],[-80.2281193937406,25.7649982622574],[-80.2281174878556,25.764941526545],[-80.2282074955188,25.7649392119081],[-80.2282601860833,25.7649372039509],[-80.2283009523675,25.7649356508809],[-80.2286411447136,25.76492268211],[-80.2286438952066,25.7650258395744],[-80.2286761836071,25.7650250096326],[-80.2287039146975,25.7650242882252],[-80.2287910941361,25.765022006985],[-80.2288372472408,25.7650207919172],[-80.2288575682745,25.7650202957],[-80.2289400008008,25.7650181535053],[-80.2290154040894,25.7650162330939],[-80.2290357266614,25.7650156529129],[-80.2290894776456,25.7650143019902],[-80.2291588032309,25.7650125199171],[-80.2292244940049,25.765010782652],[-80.2292273823795,25.765010705876],[-80.2292407454161,25.7650103596099],[-80.2293142595846,25.7650084516066],[-80.2293741235739,25.765006897352],[-80.2293920669159,25.7650064317992],[-80.2294139813857,25.7650058627011],[-80.2294646000094,25.7650045501188],[-80.2295368619207,25.765002674188],[-80.2295882592203,25.76500134041],[-80.2296115236479,25.765000736905],[-80.2296810238131,25.7649989329405],[-80.2297706527839,25.7649966063062],[-80.2298447511944,25.764994683073],[-80.2299237070822,25.7649926329519],[-80.2300009281598,25.7649946445901],[-80.2300984461681,25.7648997605025],[-80.2296957835426,25.7645454127972],[-80.230185834743,25.7645343048274],[-80.2306572496109,25.7645424054269],[-80.2306595999198,25.7646155925848],[-80.2307517024123,25.7646131673877],[-80.2307530587846,25.7646821997807],[-80.2311238345731,25.7646679949162],[-80.231127894074,25.7647453126276],[-80.2311318063005,25.7648160916204],[-80.2311353626573,25.7648830017531],[-80.2311385850821,25.7649429470304],[-80.2311400483634,25.7649694224483],[-80.2311669074139,25.7649682022118],[-80.2312128055678,25.7649657068818],[-80.2312476437733,25.7649638120643],[-80.2313226800812,25.7649597392932],[-80.2313975280098,25.764955661878],[-80.2314697158617,25.7649516579369],[-80.2315517814899,25.764947192497],[-80.2316260582181,25.7649431137537],[-80.2317077450696,25.7649386426155],[-80.2317860111653,25.7649344124399],[-80.2318570600735,25.7649304889502],[-80.2319284887712,25.7649265665271],[-80.2319862995436,25.764923408979],[-80.23201176488,25.7649220494446],[-80.2320655897499,25.7649191226756],[-80.23209033817,25.7649177909381],[-80.2321627163715,25.7649137885593],[-80.2322288238241,25.7649101818301],[-80.2322333724071,25.764988289217],[-80.2322744916029,25.7649881251804],[-80.2326352581498,25.7649763559207],[-80.2327534190315,25.7649823938425],[-80.2327943731979,25.7649813848053],[-80.2328647361551,25.764979651566],[-80.2332448356209,25.7649629124612],[-80.2332764101161,25.7649622582684],[-80.2332762991634,25.7649570294969],[-80.2332753525657,25.7649124314693],[-80.2334052711512,25.7649085582442],[-80.2335539901337,25.7649040969777],[-80.2337040398608,25.7648996425647],[-80.2338540901372,25.7648951013447],[-80.2340096489239,25.7648904174533],[-80.2341562809775,25.7648860321457],[-80.2343063286946,25.764881575295],[-80.2344569511157,25.7648770364623],[-80.2346106093832,25.7648724285872],[-80.2346693002775,25.7648706737175],[-80.234744262262,25.764868842793],[-80.2347441532549,25.7648654771154],[-80.2348227840177,25.7648637439697],[-80.2348668356644,25.7648620646119],[-80.2349065559259,25.7648605511292],[-80.2349437804523,25.7648591337394],[-80.2350010196841,25.7648569495649],[-80.2350519662639,25.7648550030954],[-80.2350803525626,25.7648539192415],[-80.2352258533741,25.7648484067128],[-80.2353705906083,25.7648428909298],[-80.2354303475448,25.7648406024665],[-80.2355088707898,25.7648375992494],[-80.2355459215141,25.7648359235352],[-80.2355491525311,25.7648928503144],[-80.2356769554664,25.7648887093992],[-80.2358290786439,25.7648837798569],[-80.2359810811694,25.7648788540353],[-80.2361011638038,25.7648751280655],[-80.236135121278,25.7648740795623],[-80.2361377832958,25.7648740131956],[-80.2362329376844,25.7648710625633],[-80.2362408452953,25.7648708152054],[-80.2363013163693,25.7648689336193],[-80.2363307212736,25.7648680326891],[-80.2363613365858,25.7648670956782],[-80.2363773152389,25.7648666090267],[-80.2364242082432,25.7648651878208],[-80.2364507974339,25.7648643813169],[-80.2365298114046,25.764861958726],[-80.2365985689082,25.7648598262132],[-80.236711962401,25.7648562939312],[-80.2367778081841,25.7648541478701],[-80.2367783346251,25.7648541316747],[-80.2367775106099,25.7648285072383],[-80.2368557205792,25.7648260089443],[-80.237027235256,25.7648206337058],[-80.2371769071701,25.7648159995146],[-80.2373254396969,25.7648113619072],[-80.2374825181432,25.7648064241017],[-80.2376359880027,25.7648016387313],[-80.237783950327,25.7647969976689],[-80.2379364706474,25.764792293664],[-80.2380665775622,25.7647882457537],[-80.2381191912552,25.7647865434318],[-80.2381328663423,25.7647861862471],[-80.2381340171845,25.7648142206812],[-80.2381674472738,25.7648130200042],[-80.2381679374301,25.7648254034166],[-80.238256071212,25.7648222531391],[-80.2382544268862,25.764782350693],[-80.238242341402,25.7645039774419],[-80.238386446909,25.7644995908863],[-80.2383838849164,25.7644305584963],[-80.2383837376786,25.7644266067947],[-80.2383817978007,25.7643742768199],[-80.2383736593042,25.7642198184487],[-80.2383724861621,25.7641976132579],[-80.2383667141163,25.7640890935698],[-80.2383587549193,25.7639374722801],[-80.2383513769477,25.7637892796134],[-80.238348974827,25.7637044145394],[-80.2383560825156,25.7637042260656],[-80.2383538096447,25.7636415959248],[-80.2383491680229,25.7634760621754],[-80.2383452733491,25.7633423473957],[-80.238622750518,25.7633331142566],[-80.2387615551181,25.7633301799358],[-80.238758421214,25.7629922374491],[-80.2387563088997,25.7627641988516],[-80.2387562140369,25.7627612547891],[-80.2380721730688,25.7627803841232],[-80.2380638955141,25.7624716328294],[-80.238061829249,25.7624135152405],[-80.2381565680713,25.7624110169813],[-80.238340644984,25.7624061599138],[-80.2383383840029,25.7623388567663],[-80.2383383157671,25.7623370528994],[-80.2383329997582,25.7621989437469],[-80.2383303685181,25.7621301474698],[-80.2383266970038,25.7620353546255],[-80.2383250217773,25.76199263842],[-80.2383198219997,25.7618552194997],[-80.2383092152039,25.7615828691944],[-80.2383061092493,25.7614934907352],[-80.2382992260221,25.7614936722595],[-80.2382964893845,25.761404998902],[-80.238291352759,25.7612875263286],[-80.238288197003,25.7612165771678],[-80.2382850422406,25.7611456289142],[-80.2382757241361,25.7609394022982],[-80.2382695764859,25.7608019783986],[-80.2382632546786,25.7606615432214],[-80.2382611852588,25.7605790682858],[-80.2381167771044,25.7605831995709],[-80.2381155519716,25.7605371332408],[-80.2381013735048,25.7602636259379],[-80.2380939080399,25.760119680644],[-80.2380931794928,25.7601056052982],[-80.2380737884484,25.7597317285416],[-80.2380733166548,25.7597131908957],[-80.238071727047,25.7596508287754],[-80.2380717087876,25.759650097527],[-80.2382483250587,25.7596454370467],[-80.2382427676058,25.7595572155815],[-80.2382409612245,25.7595191257001],[-80.2382395871926,25.7594901377752],[-80.2382383765216,25.7594660106153],[-80.2382336946215,25.7593697681977],[-80.2382330385656,25.7593558900096],[-80.2382293466241,25.7592797793348],[-80.2382261578014,25.7592143334875],[-80.2382249736712,25.7591894843392],[-80.2382229747746,25.7591475111166],[-80.2382196110329,25.7590794854591],[-80.2382168214134,25.7590241189725],[-80.2382162401805,25.7590125745462],[-80.2382147015064,25.758981115183],[-80.2382130482688,25.7589473019907],[-80.2382098699875,25.758880049977],[-80.238206011271,25.75880024204],[-80.2382028829902,25.7587165637161],[-80.2381986448758,25.7587166760352],[-80.238196260924,25.7586321052658],[-80.2381921903539,25.7585558192918],[-80.2381882734906,25.7584851260878],[-80.2381843768482,25.758411420819],[-80.2381808156308,25.7583445107092],[-80.2381775959505,25.7582843750293],[-80.238177424282,25.7582811290753],[-80.2381762296864,25.7582597966249],[-80.2381743593531,25.7582254849286],[-80.2381743585579,25.7582254533314],[-80.2381732513617,25.7582043271442],[-80.2381718000981,25.7581769798424],[-80.2381683044278,25.7581121398683],[-80.238168252698,25.7581111863907],[-80.2381645201036,25.7580416116372],[-80.238161459481,25.7579854502882],[-80.2381570497685,25.7579028015009],[-80.2381086192763,25.7579040961174],[-80.23810568019,25.7578009358005],[-80.2380939659069,25.7578012445857],[-80.2380939180781,25.7577999923486],[-80.2380906459795,25.7577152779113],[-80.2380893029348,25.7576878454212],[-80.2380861326171,25.7576190462807],[-80.2380796209591,25.7574790397136],[-80.2380721314278,25.7573135793847],[-80.2380658020563,25.7571746894514],[-80.2380592835018,25.7570354564178],[-80.238053794745,25.7569138558805],[-80.2380464192601,25.7568201854469],[-80.238039051044,25.7566655576369],[-80.2380323394111,25.7565267532484],[-80.2380257789968,25.7563944000447],[-80.238018902602,25.7562518965978],[-80.2380118615214,25.7561055243953],[-80.2380053203574,25.7559701600166],[-80.2379974891026,25.7558880971763],[-80.2379909654265,25.7557501521847],[-80.237984290435,25.7556059311177],[-80.2379781034827,25.7554742658722],[-80.2379715886062,25.7553349470729],[-80.2379652425718,25.7551983804574],[-80.2379578843828,25.7550422046063],[-80.237956584779,25.7550031307476],[-80.2379621367186,25.7550029846901],[-80.2379597572454,25.7549570964268],[-80.237953423653,25.7548188960577],[-80.2379472618915,25.7546834478885],[-80.2379412757048,25.7545503213706],[-80.2379349356557,25.7544129811936],[-80.2379291272301,25.7542818351314],[-80.2379221340545,25.7541279819065],[-80.2379208196548,25.7540704567225],[-80.2379647729072,25.7540688850613],[-80.2379619788619,25.754013926515],[-80.2379572911219,25.7539153686754],[-80.2379539446017,25.7538446784109],[-80.2379527664112,25.7538209413507],[-80.2379507507164,25.7537797470037],[-80.2379468806254,25.7537019157735],[-80.2379433739187,25.7536264956402],[-80.2379401822249,25.7535612221348],[-80.2379366683121,25.7534870882509],[-80.2379316177461,25.7533860371675],[-80.2379246373763,25.7532596988325],[-80.2379206400313,25.7531719801107],[-80.237917645866,25.753105589241],[-80.2379142889638,25.7530365309212],[-80.237912593529,25.7529956045302],[-80.2379113024765,25.7529689377492],[-80.2379079494334,25.7528992755696],[-80.2379044508949,25.7528227370767],[-80.2379014553017,25.7527562595412],[-80.2378989494156,25.7527028541635],[-80.2378967706053,25.7526577044085],[-80.2378894780421,25.7525207879747],[-80.2378840144207,25.7524248067553],[-80.237880451148,25.7523584147055],[-80.2378763419184,25.7522882340467],[-80.2378729428015,25.7522257955975],[-80.237910546586,25.7522246167617],[-80.2379080133809,25.7521455044184],[-80.23790577345,25.7520796320029],[-80.2379033921066,25.7520067117896],[-80.2379008441086,25.7519299182971],[-80.2378988369633,25.7518642736654],[-80.2378206701768,25.7518663369141],[-80.2378204925867,25.7518594920256],[-80.23781773486,25.7517935473921],[-80.2378063984582,25.751517668014],[-80.237795038469,25.7512395553242],[-80.2377948409405,25.7512327112334],[-80.2377936183397,25.7511786148063],[-80.2377753044062,25.7511773472903],[-80.2377753082764,25.7511704943244],[-80.2377752725148,25.751164384942],[-80.2377751122279,25.7511018894184],[-80.2377710030376,25.7508302623601],[-80.2387438154163,25.7508110878919],[-80.2387473717555,25.7508925561169],[-80.2387506598726,25.750974353312],[-80.2387525167055,25.7510269058982],[-80.2387527541743,25.7510337474897],[-80.2387566750224,25.7511501333708],[-80.2387569084932,25.7511569767465],[-80.238761164505,25.7512789518371],[-80.2387614039563,25.751285795244],[-80.2387647000338,25.7513794804951],[-80.2387649374977,25.7513863229889],[-80.2387690249296,25.7515059746529],[-80.2387692583897,25.7515128198336],[-80.2387739829963,25.7516518215158],[-80.2387741506683,25.7516586672551],[-80.2387745377397,25.7517244451329],[-80.2387745578528,25.751731297322],[-80.2388303429239,25.7517298251494],[-80.2388322585728,25.7518025551726],[-80.2388365768969,25.7519293101568],[-80.2388391353641,25.7520045556381],[-80.2388413551933,25.7520733498506],[-80.2388455181382,25.7521947720119],[-80.238734604458,25.7521984915449],[-80.2387384924889,25.7522737421701],[-80.2387422317993,25.7523424585721],[-80.2387457854614,25.7524107461426],[-80.2387500096039,25.7524925328701],[-80.2387588550456,25.7526242968966],[-80.2387633126016,25.7527290430662],[-80.2387662787399,25.7527999037497],[-80.2387689347259,25.7528598451529],[-80.2387717422806,25.7529257187189],[-80.2387752182527,25.7530060410273],[-80.2387780219626,25.7530725184506],[-80.2387810041074,25.7531407136632],[-80.2387849499202,25.7532367717676],[-80.2387873936182,25.7533003082498],[-80.2387986000299,25.7533000120911],[-80.238800629953,25.7533685724134],[-80.2388027000154,25.7534056617483],[-80.2388062555664,25.753469282573],[-80.2388103428959,25.7535429879724],[-80.2388120837143,25.7535737163545],[-80.2388139259661,25.7536062018406],[-80.2388158528639,25.7536405761311],[-80.2388176768599,25.7536731111677],[-80.2388219300157,25.7537505138192],[-80.2388256682981,25.7538194026095],[-80.2388287451808,25.753872897611],[-80.2388333434696,25.7539558913272],[-80.2388349270838,25.7540186316752],[-80.2388189682362,25.7540190546374],[-80.2388216244891,25.7540963162463],[-80.2388248591519,25.754184634836],[-80.2388277809302,25.7542624619931],[-80.2388303706683,25.7543328025681],[-80.2388329642116,25.754402546505],[-80.2388354086011,25.7544656668554],[-80.2388360633689,25.7544852290851],[-80.2388331628529,25.7544875635421],[-80.2388643137218,25.7549637099938],[-80.2388653545096,25.7549636847443],[-80.2388700741906,25.7550449992352],[-80.2388749444369,25.7551447576315],[-80.2388784842572,25.7552147655705],[-80.2388820270995,25.7552847690113],[-80.2388855831888,25.755352538441],[-80.2388887777039,25.755417297419],[-80.2388897832537,25.7554382813617],[-80.2388921423283,25.7554852373516],[-80.2388955217368,25.7555508584312],[-80.2388990690803,25.7556200016588],[-80.2389026044519,25.7556908670955],[-80.2389058049137,25.7557548516207],[-80.2389096855278,25.7558311348116],[-80.2389119442062,25.7558999409271],[-80.238919719301,25.7558999039423],[-80.2389239485217,25.7559768560184],[-80.2389288990371,25.7560938989249],[-80.238934682284,25.756229172661],[-80.2389404763924,25.7563629001977],[-80.2389464177007,25.7565032476952],[-80.2389523666879,25.7566423919867],[-80.2389574845094,25.7567632178957],[-80.2389586047263,25.7568006181785],[-80.2389615094051,25.7568974073621],[-80.2389682462019,25.7570311840447],[-80.2389748176748,25.7571616561312],[-80.2389748495709,25.7571616562979],[-80.2389776797185,25.7572193175584],[-80.2392821231398,25.757205004692],[-80.2392859524921,25.7572457273703],[-80.2392868491036,25.7572838206259],[-80.23928698502,25.7572893970566],[-80.2392882089511,25.7573388519772],[-80.2393056387298,25.7576719309874],[-80.2393103723811,25.7577476670863],[-80.2391938395597,25.7577509251437],[-80.2391976975345,25.7578661452584],[-80.2391798353878,25.7578667099513],[-80.2391827454744,25.7582145067337],[-80.2391428617515,25.7582155881967],[-80.2390522011581,25.7582180886153],[-80.2390496060375,25.7582181608035],[-80.2390023186944,25.7582194634956],[-80.2390234617354,25.75868516328],[-80.2390440765241,25.759325705139],[-80.2390453926069,25.7593666295073],[-80.2390511293892,25.7595448766843],[-80.2390527218252,25.7595943651098],[-80.2390762683796,25.759593745299],[-80.2390786285077,25.7596832462476],[-80.2390897553152,25.7599634217462],[-80.2390940056913,25.7600711752878],[-80.2391010743412,25.7602519171345],[-80.2391011601477,25.7602540938913],[-80.2391090272788,25.7604553194099],[-80.2391116640441,25.7605352030715],[-80.2390878448703,25.7605357140435],[-80.2390924174904,25.7606182480973],[-80.2391035801899,25.7609822526815],[-80.2391042147962,25.7610018581164],[-80.2391043806304,25.7610055544644],[-80.239104999869,25.761027570818],[-80.2392799040316,25.7610258202707],[-80.239279681517,25.7610011413444],[-80.2392797023344,25.7609978747343],[-80.2394278623617,25.7609913409774],[-80.2394335096645,25.7611671396359],[-80.2394374009695,25.7612882758908],[-80.2394379193398,25.7613043865286],[-80.2394397468487,25.7613612815744],[-80.2394431112456,25.7614468404253],[-80.2393898470431,25.7614483972336],[-80.239354194004,25.7614494394599],[-80.2392977054794,25.7614510895108],[-80.2392857995351,25.7614513847469],[-80.2391486825671,25.7614545044454],[-80.2391507583017,25.7615448424546],[-80.2391563171817,25.7618187432927],[-80.2391563566911,25.7618206769921],[-80.2391602800095,25.7620138463965],[-80.2391619241895,25.7620947908926],[-80.2391626624665,25.7621068912674],[-80.2391657569857,25.7621575041144],[-80.2390958216447,25.7621593500829],[-80.2390991882922,25.7622371686506],[-80.2391019329767,25.7623131019252],[-80.2391049945168,25.7623987521599],[-80.2391077248569,25.7624770927458],[-80.2391248158154,25.7624765800079],[-80.2391836974463,25.7624747385398],[-80.2392159614758,25.7624737102418],[-80.2392201293432,25.762621174837],[-80.2392240976335,25.7627611661862],[-80.239228249057,25.7629076152],[-80.2392285973236,25.7629805941814],[-80.2393773572525,25.7629766678229],[-80.2393991916221,25.7629760931845],[-80.2394014495478,25.7630503837772],[-80.2394155274951,25.7634635829646],[-80.2392457326301,25.7634675104454],[-80.2392516574323,25.7636105232698],[-80.2392551113692,25.7636943711271],[-80.2392558913805,25.7637584187558],[-80.2392558972139,25.7637598494984],[-80.2392992688666,25.7643937525589],[-80.2394953442258,25.7643861838244],[-80.2396336689411,25.7643808442142],[-80.2399029179242,25.7643704500088],[-80.2399855449551,25.7643672690186],[-80.2401251557944,25.7643618941335],[-80.2402282957521,25.7643579607587],[-80.2402834112645,25.76435736473],[-80.2402850978806,25.7643843088354],[-80.2407504674401,25.7643662737276],[-80.2408141964682,25.7643654037881],[-80.2408175051083,25.7644681931322],[-80.2409061499934,25.7644617483063],[-80.2412218124464,25.7644538503453],[-80.2415298795939,25.7644459978746],[-80.2416052205991,25.7644447132977],[-80.2415964743459,25.7642275803398],[-80.2429243648081,25.7641688425816],[-80.2429809701854,25.7641667286891],[-80.2430468790039,25.7641643201451],[-80.2431467888823,25.7641607127151],[-80.2432795600114,25.7641558137485],[-80.243272701814,25.7639495162238],[-80.2432706802016,25.7638858412427],[-80.2432690159072,25.7638334161406],[-80.2432674786305,25.7637850130401],[-80.2432660340099,25.7637432214885],[-80.243256655517,25.7634550578149],[-80.2432552128947,25.7634132662719],[-80.2432504640821,25.7632637234903],[-80.2432455258719,25.7631141815263],[-80.2432356642829,25.7628126045247],[-80.2432342224114,25.7627703815115],[-80.2432324764328,25.7627163781304],[-80.2432310351121,25.7626740684643],[-80.2432294516265,25.7626246234486],[-80.2432240393961,25.7624596038353],[-80.2432203756039,25.7623486715623],[-80.2433617014376,25.7623415828796],[-80.2435719868169,25.762331069375],[-80.2437644125368,25.7623214060629],[-80.2439674768753,25.7623111974819],[-80.2440155672648,25.7623087943263],[-80.2440666580763,25.7623062397442],[-80.2441684507945,25.7623011519759],[-80.2442393053373,25.7622975635037],[-80.2443181472603,25.7622943251707],[-80.2443493372427,25.7622930437317],[-80.2443768250158,25.7622919163788],[-80.2446002020226,25.7622827583376],[-80.2446692091585,25.7622809437219],[-80.2446804506039,25.7626972620678],[-80.2446822022593,25.7627621289657],[-80.2446904447464,25.7630673144849],[-80.244699707554,25.7634103799251],[-80.2447238306207,25.764303646601],[-80.244739668041,25.764637844987],[-80.2448162360219,25.7646348699236],[-80.2449091115333,25.764632516498],[-80.245008823785,25.7646301091112],[-80.2450960023958,25.7646278966197],[-80.2451987544835,25.7646254191153],[-80.2451978211834,25.7645928301198],[-80.2452646699608,25.7645918850473],[-80.2453381684913,25.7645909771283],[-80.2454205931565,25.764589858188],[-80.2454920013772,25.7645889366471],[-80.2455793628308,25.7645877565515],[-80.2456140332553,25.7645872881326],[-80.2460908151925,25.7645678183446],[-80.2460907180911,25.7645650421673],[-80.2461666956832,25.7645622546976],[-80.2461667828142,25.7645647157955],[-80.246623806943,25.7645460509107],[-80.2466658659254,25.7645443323884],[-80.2466780236484,25.7645438365639],[-80.2467538112851,25.7645411335567],[-80.2469945024816,25.7645340645086],[-80.2470027961904,25.7647393222952],[-80.2470102488786,25.764923833538],[-80.2477335866113,25.7649064397179],[-80.2477024489957,25.7642863220796],[-80.2483607821378,25.7642626315488],[-80.248387073114,25.7648907225381],[-80.2492717538214,25.764869438608],[-80.2493885957207,25.7648666273277],[-80.2495137287006,25.7648636167894],[-80.2496005491637,25.7648307129677],[-80.2496992977368,25.7647485231265],[-80.2497243418471,25.764686648586],[-80.2497909419724,25.764446153462],[-80.2497931761712,25.7644319977467],[-80.2499007922593,25.7644281609185],[-80.2499687824836,25.7644268765546],[-80.2500483597928,25.764425480353],[-80.2501288866045,25.7644240041495],[-80.2501987797455,25.7644227303838],[-80.2502827231931,25.7644211850394],[-80.2503571733236,25.764419848916],[-80.2504340911149,25.7644184397093],[-80.2505138583537,25.7644169584785],[-80.2505835600968,25.764415684445],[-80.2506591485901,25.764414354028],[-80.2507345482314,25.7644129359442],[-80.250809756936,25.7644116034939],[-80.2508927533952,25.7644100538259],[-80.2509613142436,25.7644088585899],[-80.2510325196255,25.7644075216714],[-80.2511086948836,25.7644060920394],[-80.2515352565787,25.7643986573662],[-80.2516144540809,25.7643972592573],[-80.2516909930814,25.7643958456329],[-80.2516903541686,25.7643767556223],[-80.2517780974555,25.7643752289489],[-80.2520060012323,25.7643712415658],[-80.2520728908939,25.7643696400478],[-80.2520732799113,25.7643659420469],[-80.2521644188307,25.7643648333686],[-80.2527716155692,25.7643510141613],[-80.2529224185373,25.764347575514],[-80.2529985697196,25.7643472785082],[-80.2530752920734,25.764346985296],[-80.2531402851072,25.7643454800682],[-80.2540041454138,25.7643230639187],[-80.2540783769877,25.7643211190854],[-80.2540709932292,25.7642413836443],[-80.2541547581487,25.7642401510792],[-80.2543058267359,25.7642354982794],[-80.2544566659801,25.7642308549798],[-80.254585522475,25.7642268878764],[-80.2545808451568,25.7640859678069],[-80.254580815444,25.7640859369644],[-80.2545809320996,25.7640859330485],[-80.2545762854392,25.7639480857862],[-80.2545713218218,25.7638001776607],[-80.2545668521432,25.7636644805319],[-80.2548208718277,25.7636579451654],[-80.2548400801048,25.7636574513522],[-80.2549681721856,25.7636541560778],[-80.2550937310666,25.7636528119145],[-80.2551404223585,25.7646872116348],[-80.2551700851953,25.7655637419235],[-80.2551792707195,25.7659586816327],[-80.2551908299292,25.7662414717325],[-80.2551914872339,25.7662575451394],[-80.2552004667244,25.766477219826],[-80.2552196632656,25.7669133142044],[-80.2552210941058,25.7669143794426],[-80.2552519791715,25.7674731408951],[-80.255253852179,25.7676678784277],[-80.2552854160582,25.7682012921157],[-80.2553112614804,25.768868015486],[-80.2553198459618,25.7691658881274],[-80.2553237401712,25.769266627641],[-80.2553378863729,25.7695950079043],[-80.255364803984,25.770026245581],[-80.2551934375313,25.7700675833381],[-80.2546205952406,25.7700750997923],[-80.2546196170647,25.7700077898375],[-80.2546048687031,25.7696328112238],[-80.2547694514519,25.7696269734822],[-80.2547695549452,25.7696270028972],[-80.2548895119936,25.7696227201616],[-80.254916674485,25.76962174173],[-80.2549098637999,25.7694959222539],[-80.2548981477816,25.769273776597],[-80.2548983313763,25.7692443743262],[-80.2548963490006,25.7691778896683],[-80.2548838568964,25.7691782210784],[-80.2548815687343,25.7691003613521],[-80.2548762579948,25.7689776429579],[-80.2548707626962,25.7688541491355],[-80.2548647884686,25.7687160370053],[-80.2548594514423,25.7685975320822],[-80.2548539770161,25.7684708591954],[-80.2548496517943,25.7683724770095],[-80.2548486429837,25.7682907333645],[-80.2547946737982,25.7682921630713],[-80.2547919621958,25.7682136368104],[-80.2547870159182,25.7680630633066],[-80.2547838504001,25.7679617642424],[-80.2547800525322,25.7678400853139],[-80.2547778158706,25.7677726668944],[-80.254777036688,25.7677451498568],[-80.2547759315575,25.7676919270307],[-80.2547899130811,25.7676915572174],[-80.2547881543622,25.767637477129],[-80.2547873761854,25.7676099582907],[-80.2547839972522,25.767512184817],[-80.2547791795744,25.7673716702881],[-80.2546241917158,25.7673757771889],[-80.2544775599994,25.7673796694684],[-80.2544650639537,25.7670088662236],[-80.2544616587788,25.7669419843077],[-80.25475253812,25.7669342776731],[-80.2547502491446,25.7668650229689],[-80.254744016756,25.7666771296303],[-80.2547424206047,25.766628627898],[-80.2547392331127,25.7665308544889],[-80.254737946417,25.7664936186245],[-80.2546988179272,25.7664949663318],[-80.2546621606723,25.7664961542754],[-80.2546395560437,25.7664968978519],[-80.2546051750994,25.7664980116854],[-80.2546048104148,25.7664654256262],[-80.2546025480017,25.766432311722],[-80.2545940447545,25.7663039876651],[-80.2545896867004,25.7662415446564],[-80.2545874496851,25.76617404137],[-80.2545836187397,25.7660576915421],[-80.254580740289,25.7659712688419],[-80.2545967093081,25.7659685126618],[-80.2546105872759,25.7659661763401],[-80.2546094647745,25.7659329834215],[-80.2546044658167,25.765760399157],[-80.2546040119793,25.7657566110799],[-80.2545988537312,25.7655906984531],[-80.2531400278595,25.7656410645733],[-80.2531264031258,25.7652262092528],[-80.2530426225408,25.7652279231535],[-80.252741569397,25.7652373840424],[-80.2527066206259,25.7652384936155],[-80.252608612145,25.7652416001372],[-80.2525107930406,25.7652447102732],[-80.2524819225216,25.7652455937485],[-80.2521814405063,25.7652550555075],[-80.2521037871785,25.765257310349],[-80.2521027230463,25.7652243000568],[-80.2520262675711,25.7652282074621],[-80.2519481914748,25.7652327076691],[-80.2519005069221,25.7652355569137],[-80.2518716315551,25.7652372138217],[-80.2518564340194,25.7652380816957],[-80.2517908943085,25.7652419575243],[-80.2517479603133,25.7652444023751],[-80.2517217440059,25.7652459880726],[-80.2516457557905,25.7652504112924],[-80.2516214395185,25.76525183343],[-80.2515674867515,25.7652549951527],[-80.2514878893938,25.7652596587953],[-80.2514043021164,25.7652645600347],[-80.2513355331288,25.7652685048021],[-80.2512616337702,25.7652728537149],[-80.2511704479776,25.7652781453985],[-80.2510883383706,25.7652806078524],[-80.2510873053584,25.7652485608548],[-80.2510057718095,25.7652527936324],[-80.2508011955043,25.7652611131022],[-80.2506251130787,25.7652682024283],[-80.2504326932623,25.7652760676435],[-80.2502512911242,25.765283387282],[-80.2500820454992,25.765290253005],[-80.2500799647113,25.7652450940016],[-80.2500006030589,25.765248253312],[-80.2499281992112,25.7652511352112],[-80.2498618138882,25.7652537781964],[-80.2497804380695,25.7652570181749],[-80.2496266165114,25.7652631414461],[-80.2495253438026,25.7652664800008],[-80.2495261759389,25.7653300883298],[-80.2494171229619,25.7653329100899],[-80.2490437184785,25.7653419035554],[-80.2488988014974,25.7653453685326],[-80.248740779537,25.7653491962953],[-80.2485886449068,25.765352881871],[-80.2484408794431,25.7653564174394],[-80.2482803883321,25.7653602319525],[-80.2481231259365,25.7653640620639],[-80.2479751710557,25.7653675970831],[-80.2478171470756,25.7653714229287],[-80.2476752699153,25.7653748166424],[-80.2475136388666,25.7653787101697],[-80.2473647339924,25.7653822396564],[-80.2472108892214,25.7653860007001],[-80.2470959820278,25.7653887597514],[-80.2470268557638,25.7653902129046],[-80.2470232737908,25.7653050917454],[-80.2470195029655,25.7653053628945],[-80.2469329635827,25.765311567782],[-80.2467476077296,25.7653133599878],[-80.2465835227401,25.7653150038992],[-80.2465864773481,25.7653884441262],[-80.2464409867703,25.7653925924128],[-80.2462865694497,25.7653970373401],[-80.246141837437,25.7654011901579],[-80.2459866600787,25.7654055432723],[-80.245836609913,25.7654098388392],[-80.2456880798982,25.7654141421291],[-80.2455391706344,25.7654183566463],[-80.2453817124043,25.765422872408],[-80.2453789260206,25.7653532142767],[-80.2452357159311,25.7653569444187],[-80.2450550899794,25.7653615942425],[-80.244901610779,25.7653677630318],[-80.2447542185394,25.7653723303342],[-80.2446769091182,25.7653756679882],[-80.2445995966919,25.7653790073908],[-80.2446027856012,25.7654628005346],[-80.2444555754555,25.7654681880907],[-80.2442946104678,25.7654740781755],[-80.2441414815902,25.7654796811095],[-80.2439840572436,25.7654854412005],[-80.2438356924386,25.7654908690695],[-80.2436903646504,25.7654962024431],[-80.24353840722,25.7655017765275],[-80.2433899268238,25.7655071925086],[-80.2433920729559,25.7655642877472],[-80.2432437513809,25.7655696403145],[-80.2430329344336,25.7655772448215],[-80.2429544560447,25.7655790878979],[-80.242950308893,25.7655267916098],[-80.2428758609928,25.7655287666343],[-80.2427677781615,25.7655329334119],[-80.2426942690495,25.7655357328405],[-80.2426306362183,25.7655381530539],[-80.2425744119769,25.765540267879],[-80.242551807408,25.7655411819878],[-80.2424634821128,25.7655445902175],[-80.2423878831013,25.7655474643668],[-80.2423358366449,25.7655494284372],[-80.2423357598607,25.7655494325508],[-80.2423063952058,25.7655505650794],[-80.242214271894,25.7655541266972],[-80.2421686825113,25.7655558661641],[-80.2421240450783,25.7655576132813],[-80.2420932728807,25.7655587420487],[-80.2420389475832,25.7655608656518],[-80.2419629687726,25.7655637366996],[-80.2418811228069,25.7655635703962],[-80.2418211007493,25.7655654918387],[-80.2417451246576,25.7655679340244],[-80.241676365681,25.7655702404605],[-80.2416112162989,25.7655723941663],[-80.2415386573232,25.7655748531455],[-80.2414685695679,25.7655771534619],[-80.2414039899072,25.765579225194],[-80.2413346607323,25.7655815293993],[-80.2412621012976,25.7655839024857],[-80.2411790983898,25.7655866498536],[-80.241085456619,25.7655897722718],[-80.240971682586,25.7655934765694],[-80.2409023188214,25.7655969854359],[-80.2408978115705,25.7655972137711],[-80.2408252219482,25.765600882698],[-80.2406592164661,25.7656056926747],[-80.2405161937354,25.765609845196],[-80.2403684224575,25.7656142336627],[-80.2402074041863,25.7656188940353],[-80.2402131345375,25.76574002537],[-80.240052488097,25.7657509203583],[-80.2400464680693,25.7656236449242],[-80.239892629012,25.7656281709262],[-80.2398153242021,25.7656304327566],[-80.2397382103302,25.7656326097907],[-80.239745584923,25.7657888098378],[-80.2397557794793,25.7660048148267],[-80.2397644556989,25.7660820364417],[-80.2397646307146,25.7661331196357],[-80.2397841699413,25.766532998673],[-80.2398012631144,25.7668827737556],[-80.2397977707446,25.7669360339548],[-80.2394204767073,25.7669483943553],[-80.238903514401,25.7669658907714],[-80.2388993183619,25.7668275934961],[-80.2388776687373,25.7661144768173],[-80.2375730603984,25.7661485031941],[-80.2373854974405,25.7661533932767],[-80.2373855059977,25.766150650147],[-80.2373860602185,25.7659551862865],[-80.2376453125975,25.7656735307025],[-80.237459323651,25.7656818186149],[-80.2373584973006,25.7656838647423],[-80.2371961189286,25.7656871597647],[-80.2370418929169,25.7656902897274],[-80.2368944962603,25.765693282021],[-80.2368169828515,25.7656976001238],[-80.2368119848256,25.7656978772104],[-80.2368297080236,25.7661416819934],[-80.2358751601415,25.7661698167732],[-80.2358065162168,25.7661718403053],[-80.2358058349938,25.7661110274488],[-80.2357899834066,25.765725339161],[-80.2357241969503,25.7657270175014],[-80.2357116324831,25.7657273387672],[-80.2356358877788,25.7657292707785],[-80.2354793968236,25.7657333376869],[-80.235338086751,25.7657369795946],[-80.2351800549939,25.7657409911481],[-80.2350425984783,25.7657445221318],[-80.2348572250872,25.7657492778527],[-80.2347774074361,25.7657488410986],[-80.2347795962946,25.7658267699321],[-80.2346988460571,25.7658306041159],[-80.2346050994812,25.7658333941422],[-80.2344312230421,25.7658385663233],[-80.2343231478589,25.7658417826801],[-80.234221531776,25.7658447729737],[-80.2340175374699,25.7658508359922],[-80.2340157092333,25.7658099874789],[-80.2337463506891,25.7658226114438],[-80.2337465030589,25.7658254294371],[-80.232729582852,25.7658400888199],[-80.2327294609642,25.7658362545956],[-80.2327054685713,25.7658368737146],[-80.2326423604048,25.7658395125679],[-80.2326305633975,25.7658400055075],[-80.2324780444333,25.7658442760717],[-80.2323291335706,25.765848472532],[-80.2321711069933,25.7658528906467],[-80.2321855107499,25.7662114096501],[-80.2321879952544,25.7662781398886],[-80.2320269387756,25.7662823820831],[-80.2318794881255,25.7662945760908],[-80.2318798070956,25.7662888495175],[-80.2318798486317,25.766288126709],[-80.2318835398436,25.7662220184938],[-80.2318783409888,25.7660921069449],[-80.2318740301018,25.7659843810529],[-80.2318691069203,25.7658613573196],[-80.2317101318656,25.7658658439456],[-80.2315661593673,25.765869891478],[-80.2314047139862,25.7658743927105],[-80.2312607424608,25.7658784417508],[-80.231135194172,25.7658819813827],[-80.2311358387677,25.7659018450294],[-80.2311476861109,25.7662478830879],[-80.2311499058305,25.766311059983],[-80.2311499225629,25.766311557435],[-80.2311502510468,25.7663209161038],[-80.2311404434102,25.7663211486332],[-80.2311427596072,25.7663879177062],[-80.2311466378128,25.7664974051073],[-80.2311501085455,25.7665954049579],[-80.2311630404938,25.7669603268632],[-80.2311692716029,25.7671361529492],[-80.2311717655456,25.7672013306686],[-80.2311810998213,25.7672010857088],[-80.2311832526403,25.7672653661909],[-80.2311924189312,25.7675522371715],[-80.2312026607915,25.7678785788443],[-80.2312098451387,25.7679609200614],[-80.2311483390034,25.7679830234569],[-80.2311497069693,25.7680505989941],[-80.231158612217,25.7683487319075],[-80.2311607938651,25.7684227711453],[-80.2311630115247,25.7684912213274],[-80.231167704782,25.768647038206],[-80.2311720661885,25.7687180497132],[-80.2312543781028,25.7693409848526],[-80.2312485174433,25.7693411326222],[-80.2312489226424,25.7693534397663],[-80.2312511629156,25.7694211733503],[-80.2312477948368,25.7694212647812],[-80.2312505502908,25.7694944468082],[-80.2312533286777,25.769564533749],[-80.2312559129023,25.7696350493277],[-80.2312586865315,25.7697055659062],[-80.231261273528,25.769775651834],[-80.2312640398485,25.7698474582676],[-80.2312664646872,25.7699131600415],[-80.2312685943836,25.7699658737478],[-80.2312683083976,25.7700396643423],[-80.2312682892711,25.7700447994496],[-80.2312719753659,25.7700447096983],[-80.231301825995,25.7702555255447],[-80.2313004964574,25.7702567136384],[-80.2313047041848,25.7702565851194],[-80.2313074768504,25.7703271016867],[-80.2313101756667,25.7703928337882],[-80.2313162512246,25.7705425532676],[-80.2313192841216,25.7706095057168],[-80.2313230460066,25.7707034992603],[-80.2313237874646,25.7707629574927],[-80.2329312426543,25.770713515388],[-80.2329713772324,25.7715919496372],[-80.232990572209,25.7720490265839],[-80.2330695591284,25.7720467502408],[-80.2333649447606,25.7720427245864],[-80.2336464554646,25.7720388410022],[-80.2339173073506,25.7720273247737],[-80.2339722021148,25.77202563692],[-80.2340996457879,25.7720218178853],[-80.2341064958633,25.7720216156351],[-80.2342718892358,25.7720166620416],[-80.2342774490795,25.7720164954193],[-80.2344240904631,25.7720120215874],[-80.2345821267984,25.7720073502834],[-80.2345619555938,25.7716287686816],[-80.2345528253508,25.7715464986308],[-80.2349201685397,25.7715405997366],[-80.2349647227685,25.7722768524195],[-80.2350168218437,25.7724683440217],[-80.2357710541242,25.7724484983342],[-80.2363197347273,25.7724340566962],[-80.2370632720728,25.7724144830638],[-80.2370455461409,25.7718993678933],[-80.2371434133981,25.7718972496971],[-80.2373064002771,25.7718905379075],[-80.2374585577617,25.7718842855113],[-80.2376154674507,25.7718778854437],[-80.2377672471014,25.7718716298421],[-80.2379159871649,25.7718655296695],[-80.2380685254158,25.7718592777255],[-80.2380486120773,25.7714387404813],[-80.2380467331752,25.7713693876735],[-80.2380470652087,25.7713693776773],[-80.2381904168515,25.7713656988103],[-80.2381907488792,25.7713656897164],[-80.2381913800321,25.7713656722592],[-80.2381917120483,25.7713656649707],[-80.2384910442073,25.7713579811392],[-80.2384888407978,25.7712875750391],[-80.2384846929129,25.7711936635169],[-80.2384830320227,25.771156339908],[-80.2384795264211,25.7710806608938],[-80.2384767229204,25.7710138415161],[-80.2384722908013,25.7709151083171],[-80.2384614650717,25.7706696283743],[-80.2384584606606,25.7706024261178],[-80.2384524807257,25.770468182427],[-80.2384501829076,25.7704003890154],[-80.2384621466936,25.7704000743078],[-80.238461786661,25.7703904139981],[-80.2384594547676,25.7703276463996],[-80.2384547158655,25.7702071647826],[-80.2384541763579,25.7701936049595],[-80.238454024345,25.7701897759972],[-80.2384491525127,25.77006716251],[-80.2384494855452,25.7700671516155],[-80.2389014361378,25.7700499254745],[-80.2390144140005,25.7700502770541],[-80.2390301837808,25.7703668300526],[-80.2396612416787,25.7703501353819],[-80.2396632833584,25.7704180267409],[-80.239668039784,25.7705656747857],[-80.2396723151969,25.7706994798788],[-80.2396767767361,25.770833801359],[-80.2396815380986,25.77098067765],[-80.2396856477901,25.7711106112781],[-80.239690422866,25.7712553375071],[-80.2396922622624,25.7713163342121],[-80.2396924054926,25.7713210784212],[-80.2396949241103,25.7713210103402],[-80.2396971572533,25.7713906168356],[-80.2397023598046,25.7715261463186],[-80.2397077364586,25.7716675214104],[-80.2397061345966,25.7716676511483],[-80.2397079179782,25.7716958251573],[-80.2397142441314,25.7718014627125],[-80.2398589644501,25.77179678019],[-80.2398600153636,25.7717975357869],[-80.2398599829167,25.7717966826069],[-80.2400125106386,25.7717920605697],[-80.2401497085502,25.7717879585991],[-80.2403118840069,25.7717830770094],[-80.240465069588,25.771778466958],[-80.2406296679785,25.7717735128094],[-80.2407449876598,25.7717700408072],[-80.2407493509622,25.7717699110222],[-80.2407727070483,25.7717692078439],[-80.2409145743911,25.7717649580065],[-80.2409763072239,25.7717630459163],[-80.2410659630662,25.7717604173827],[-80.2411974068443,25.7717564595305],[-80.2412786735555,25.7717554191276],[-80.2412815408939,25.7717553835276],[-80.2413002242815,25.7722508923792],[-80.2404426738036,25.7722733399142],[-80.2404494771169,25.7723919799924],[-80.240459462571,25.7727326757605],[-80.2404040829082,25.7727339112957],[-80.2403470182169,25.7727351840494],[-80.2402100715781,25.7727381682046],[-80.2401329397091,25.7727401015552],[-80.2401332209616,25.7727488479605],[-80.2401213308882,25.7727491352039],[-80.2400540724284,25.7727507644205],[-80.2399288959545,25.7727547539534],[-80.2397930785374,25.7727590308015],[-80.2397956902898,25.7728260215573],[-80.2397989827852,25.7729053967051],[-80.2398014313329,25.7729684311663],[-80.2398053892366,25.7730625980095],[-80.2398080033752,25.7731289027561],[-80.2398112770669,25.7732115436134],[-80.2398138932208,25.7732778456613],[-80.2398173570592,25.7733600596511],[-80.2398196388668,25.773419224452],[-80.2398224349212,25.7734873336533],[-80.2398252263423,25.7735557009895],[-80.2398278348339,25.773623207138],[-80.2398307930121,25.7736954441293],[-80.2398335691007,25.7737662187681],[-80.2398362161956,25.7738281367706],[-80.2398391641682,25.7739016636026],[-80.2398414479775,25.7739608293124],[-80.2398442273641,25.7740310876464],[-80.2398468539458,25.7740957568362],[-80.2398499750573,25.7741724655308],[-80.2398524244735,25.7742348997195],[-80.2398555567492,25.7743095440961],[-80.2398581636064,25.7743773101942],[-80.2398611325795,25.774448169781],[-80.2398637558837,25.7745133552694],[-80.2398665456914,25.7745819807474],[-80.239869313493,25.774654216735],[-80.2398722726058,25.7747266252259],[-80.2398761993563,25.7748256933075],[-80.239878025019,25.774866799881],[-80.2398806460483,25.7749325007705],[-80.2398836010753,25.7750050825474],[-80.2396780822945,25.7750095114565],[-80.2396024861219,25.7750108360095],[-80.2396053467213,25.7750688014857],[-80.2396087437937,25.7751317533297],[-80.2396117774739,25.7751921261908],[-80.2396156560916,25.7752688388354],[-80.2396192117825,25.7753367804871],[-80.2396259533205,25.7754709413933],[-80.2396281957537,25.7755236014335],[-80.2396314044503,25.7755989051384],[-80.2396344696327,25.7756842122305],[-80.2396370544641,25.7757554155177],[-80.2396398144651,25.7758288546961],[-80.2396420534508,25.7758947259905],[-80.2396448045857,25.7759697131765],[-80.239647405862,25.7760383376585],[-80.239649976452,25.776111776747],[-80.2396524059567,25.7761774766271],[-80.2396553104442,25.7762579672029],[-80.2396574795896,25.7763235357388],[-80.2396498985252,25.7763237353292],[-80.2396519640665,25.7763958602167],[-80.2396544557533,25.776481678817],[-80.2396563225994,25.776546344018],[-80.2396583348275,25.7766182312263],[-80.239660208252,25.7766818647248],[-80.2396623904513,25.7767563344161],[-80.2396644159316,25.7768259867154],[-80.2396664480798,25.7768944367111],[-80.2396684768535,25.7769635727071],[-80.239670031823,25.77701757681],[-80.2396724973118,25.7770848285359],[-80.2396677579926,25.7770849536124],[-80.2396700273591,25.7771671766672],[-80.2396705263893,25.7771785076069],[-80.2396738445524,25.7772536927168],[-80.239676854189,25.7773178466608],[-80.2396798364127,25.7773863016165],[-80.2396831765578,25.7774581957555],[-80.239686152216,25.7775276815087],[-80.2396894967449,25.7775988887481],[-80.2396923225453,25.7776620117981],[-80.2396956352919,25.777738206044],[-80.2396986241122,25.7778056283919],[-80.2397004675543,25.7778653667635],[-80.2396909878627,25.7778656160088],[-80.2396934126205,25.7779380090421],[-80.2396983234212,25.7780315769288],[-80.2397024002195,25.7781070873395],[-80.2397059428477,25.7781770923684],[-80.2397094955443,25.7782452054825],[-80.2397130698699,25.7783103950068],[-80.2397147585869,25.7783434193699],[-80.2397164429148,25.7783771324362],[-80.2397198280273,25.7784419770588],[-80.239723228481,25.7785044152806],[-80.2397269538718,25.7785756245007],[-80.2397289111323,25.7786311164655],[-80.2397298973183,25.7786310873176],[-80.2397304504518,25.7786414391563],[-80.2397338157342,25.7787045478658],[-80.2397505651081,25.7790187325059],[-80.2403126067778,25.7790035870153],[-80.2403128072139,25.7790035799379],[-80.2405179573597,25.7789967490697],[-80.2407046883399,25.7789905646786],[-80.2407242570098,25.7789899157863],[-80.240921249047,25.7789833775645],[-80.2409740419752,25.7789815949198],[-80.2411108337291,25.7789769728485],[-80.241308585404,25.7789704380633],[-80.2414497289347,25.7789654989657],[-80.2416740722657,25.7789584144886],[-80.2418535863585,25.7789528156453],[-80.2419620542918,25.7789494262497],[-80.2420408887025,25.7789469132397],[-80.2422281900375,25.7789410105874],[-80.2423087331849,25.7789385072338],[-80.2424118823513,25.7789352613097],[-80.2425608118024,25.7789305340789],[-80.24260773258,25.7789290596703],[-80.2427175294024,25.7789256766281],[-80.2427950327844,25.7789233286886],[-80.2428670290858,25.7789209520512],[-80.2429817648208,25.778917422102],[-80.243172105859,25.7789113607377],[-80.2433673882995,25.7789053880062],[-80.2434358141149,25.7789030620242],[-80.2434377814948,25.7789030054574],[-80.2439219227692,25.778889034114],[-80.2439221075574,25.7788598828864],[-80.2441131537126,25.7788548638124],[-80.244294940167,25.7788501339882],[-80.2444727378759,25.778845382322],[-80.2446668705598,25.7788403722284],[-80.2448458087414,25.7788356269289],[-80.2450313945876,25.7788307425921],[-80.2452110924238,25.7788259998817],[-80.245396866668,25.778821116958],[-80.2454623779636,25.7788193128892],[-80.2454629932154,25.7788383630347],[-80.2457538550773,25.7788317381469],[-80.245941716645,25.7788273807642],[-80.2464067147841,25.7788165496893],[-80.2464712358481,25.7788147824621],[-80.2464731006318,25.7788726271353],[-80.2465501527322,25.7788697404835],[-80.2466244280731,25.778867200476],[-80.2467112431467,25.7788642108372],[-80.2467781110504,25.7788619781189],[-80.2468584647912,25.7788592988556],[-80.2469372981946,25.7788566125819],[-80.247014613186,25.7788540881069],[-80.2470839505869,25.7788516956202],[-80.2472000173032,25.7788478262184],[-80.2472440993983,25.7788463915907],[-80.2472684045383,25.7788455993297],[-80.2473574965949,25.7788426210843],[-80.2474665358042,25.7788388866227],[-80.2475341673844,25.7788372830472],[-80.2475302329227,25.7787705022048],[-80.2475301643589,25.7787693599894],[-80.2476158912523,25.7787667505186],[-80.2477868570681,25.7787614440528],[-80.2479699767982,25.7787556829817],[-80.248151388669,25.7787500861648],[-80.248329191529,25.7787446428847],[-80.2485145922107,25.7787388938132],[-80.248692963381,25.7787332824209],[-80.2488749484582,25.778727685855],[-80.2490964408766,25.7787207485085],[-80.249184195796,25.778716041777],[-80.2491977489674,25.7791360105883],[-80.2501775819209,25.7791105715948],[-80.2501676994879,25.7787757070946],[-80.2501676812664,25.778775116663],[-80.2501649756612,25.7786834261541],[-80.2502375514679,25.7786819244276],[-80.2505922165676,25.7786694796415],[-80.2505908156436,25.778620635964],[-80.2506673601561,25.778619481225],[-80.250742196825,25.7786184909613],[-80.2508172229919,25.77861733013],[-80.2508875006715,25.7786163163176],[-80.2509813071178,25.7786130297474],[-80.2509836749003,25.7786863801291],[-80.2510823200719,25.7786833503862],[-80.2511539277053,25.7786823432912],[-80.2512327533138,25.7786810311982],[-80.2513136705063,25.7786797280194],[-80.2513871763969,25.7786785572668],[-80.2513907863785,25.7786784052379],[-80.251462773934,25.7786772266352],[-80.2515427389597,25.7786760917407],[-80.251620995326,25.7786747747037],[-80.2516874747142,25.7786737409691],[-80.2518458876055,25.7786711164675],[-80.2519233832338,25.7786699659584],[-80.2520006905136,25.7786686438374],[-80.2520766667924,25.7786674881439],[-80.2521503640902,25.7786663179892],[-80.2522282406193,25.7786649986731],[-80.2523030793919,25.7786638370153],[-80.2523767746944,25.7786626667356],[-80.2525101153615,25.7786604299044],[-80.2526325971644,25.7786557866554],[-80.2528174090994,25.7786535873457],[-80.2528174539219,25.7786535938945],[-80.2528816587698,25.7786516759664],[-80.2529466252797,25.7786496021503],[-80.2530085530533,25.7786476833069],[-80.2530775063108,25.7786456298996],[-80.2531582406057,25.7786431215126],[-80.253234223344,25.7786409317043],[-80.2533060299008,25.7786387222303],[-80.2533844811277,25.7786363735062],[-80.253460310245,25.7786340374635],[-80.2534657816859,25.7786338660487],[-80.2534978785962,25.7786328310935],[-80.2535347400057,25.7786316391401],[-80.2536143317056,25.7786292988509],[-80.2537005731469,25.7786266460049],[-80.2537735182115,25.7786244394313],[-80.2538464622605,25.7786222355238],[-80.2539207352415,25.778620035686],[-80.2539900713783,25.7786178123039],[-80.254077642717,25.7786151669552],[-80.2541593230896,25.7786126610567],[-80.2542349290373,25.7786102972887],[-80.2543073038301,25.7786080893296],[-80.2543779018256,25.7786054344403],[-80.254538871175,25.7786005255481],[-80.2546801426275,25.778596219652],[-80.254756438401,25.7785954613636],[-80.2552705580404,25.7785836755417],[-80.2552562519714,25.7782484517883],[-80.2552549579051,25.778223224002],[-80.2552535620176,25.7781767805272],[-80.2552447603664,25.7779046085026],[-80.2552349865599,25.7776022809126],[-80.2552335404366,25.7775627668817],[-80.2552337194604,25.7775585244031],[-80.2552335583236,25.7775527167799],[-80.2551955827224,25.7761826567421],[-80.2551955111907,25.7761800621366],[-80.2552004389281,25.7761799311992],[-80.2551976175996,25.7761075930843],[-80.255195710316,25.7760515670684],[-80.2551931551891,25.7759765124112],[-80.255190487842,25.7758981949724],[-80.255187822333,25.7758199028166],[-80.2551834858983,25.7756925986024],[-80.2551767579824,25.7754950093045],[-80.2551712785922,25.7753673020649],[-80.2549858496498,25.7753722137818],[-80.2549852170108,25.7752241664799],[-80.2549838967389,25.7751606838946],[-80.2549824440651,25.7750907854392],[-80.2549792546114,25.7749374165084],[-80.2549779015031,25.7748723279236],[-80.2549766235552,25.7748108485507],[-80.254975062745,25.7747357574483],[-80.2549733855755,25.7746550340646],[-80.2549723306526,25.7745948782261],[-80.2549820817765,25.7745397874648],[-80.2549790303706,25.7744003905743],[-80.2549757593698,25.7742508205008],[-80.2549743877577,25.774188215931],[-80.2549727923535,25.7741153117864],[-80.2549712943644,25.7740467634662],[-80.254969740298,25.7739757009548],[-80.2549695595474,25.7739674488296],[-80.254968292222,25.7739235848811],[-80.2549712179937,25.7738557732103],[-80.2549677547821,25.7737120793505],[-80.2549641562226,25.7735627612333],[-80.2549609649383,25.77343028068],[-80.2549575734533,25.7732896300408],[-80.2549572412325,25.7732757806573],[-80.2549394729799,25.7725454507361],[-80.2549371847232,25.7724746236563],[-80.2549349926101,25.7724067595932],[-80.2549330502375,25.7723466362023],[-80.2549309459292,25.7722814742446],[-80.2549284010751,25.7722027286306],[-80.2548325128188,25.772204478073],[-80.2547689881155,25.7722056376596],[-80.2546968101978,25.772206955098],[-80.254644894901,25.7722079023855],[-80.2545768969272,25.7722097177765],[-80.2545074287734,25.7722110110891],[-80.2544398272878,25.7722127120041],[-80.2543733471934,25.772214434881],[-80.254288823814,25.7722164949376],[-80.2542101914908,25.7722185093116],[-80.2541294613172,25.7722205778825],[-80.2540646909482,25.7722221378759],[-80.2540646321207,25.7722221393797],[-80.2539815517936,25.7722242752562],[-80.2539121676745,25.7722259983805],[-80.2538276437498,25.7722281439186],[-80.2537535113067,25.7722300285685],[-80.2536689760894,25.7722327038169],[-80.2536004059782,25.7722345013743],[-80.2535198706534,25.7722364956853],[-80.2534412343898,25.7722384996939],[-80.2533652632854,25.7722404388022],[-80.2533570892709,25.7722406469016],[-80.2533566439855,25.7722369292753],[-80.2524580993524,25.7722765422015],[-80.2524579836219,25.7722722602992],[-80.2524510896881,25.7722724613831],[-80.2523262111529,25.7722761065784],[-80.2522092030845,25.7722794617358],[-80.2520984645015,25.772282675709],[-80.2520274234593,25.7722847179858],[-80.2519535347732,25.7722868322455],[-80.2519426650145,25.772021360573],[-80.2519388484174,25.7719236399413],[-80.2518900083768,25.7719271854629],[-80.2518796837353,25.7718295044893],[-80.2518785175692,25.7717959223177],[-80.2520423828302,25.7717906851975],[-80.2520428084807,25.7717906900931],[-80.2520418644401,25.7717685800442],[-80.2520377813433,25.7715716667328],[-80.251870827793,25.7715750221826],[-80.2518664916985,25.7714488696529],[-80.2520346616405,25.7714454599785],[-80.2520383875562,25.7714453852515],[-80.2523132203,25.7714398163381],[-80.2523399152514,25.771439858705],[-80.2524824150446,25.771440067177],[-80.2529009129476,25.7714321605574],[-80.2531215299943,25.7714279907299],[-80.2533268774584,25.7714241276607],[-80.2534205100434,25.7714219063701],[-80.2534202303609,25.7714132312904],[-80.253508136257,25.7714104425806],[-80.2536509651532,25.7714080799217],[-80.253793793062,25.7714057153121],[-80.25385457072,25.7714047370342],[-80.2539366204215,25.7714034381173],[-80.2539324068644,25.7712573392893],[-80.2539283230444,25.7711207849323],[-80.253924233477,25.770984831714],[-80.2539201618767,25.7708466436027],[-80.2539157557884,25.7707008876898],[-80.2539154470997,25.770689193068],[-80.2539121664694,25.7705762879604],[-80.253907914411,25.770436032731],[-80.2543421177975,25.7704252769004],[-80.2544243801644,25.770421903574],[-80.2544482727482,25.7710337785036],[-80.2544611999662,25.7714021122842],[-80.2541706278955,25.7714152149113],[-80.2541950415665,25.7718523043734],[-80.2545598704615,25.7718354109112],[-80.2548336479652,25.7718342142527],[-80.2548179558417,25.7713586657089],[-80.2554464501551,25.7713427732062],[-80.2554056703153,25.7706281083659],[-80.2558051878566,25.7706181979392],[-80.2558054877568,25.7706290936623],[-80.2558073106647,25.7706959737556],[-80.255809101806,25.7707617136278],[-80.2558109520566,25.7708296445546],[-80.2558136544051,25.770928784753],[-80.2558205993757,25.7709991879353],[-80.2558206262717,25.7710003100778],[-80.2558222910694,25.7710655293698],[-80.2558237913424,25.771065540652],[-80.2558262717168,25.7711550384137],[-80.2558285985756,25.7712386211692],[-80.2558304650699,25.7713047486625],[-80.2558323251363,25.7713719069588],[-80.255834179033,25.7714398947662],[-80.2559086284241,25.7714388997864],[-80.2559878211371,25.7714379001332],[-80.2559958060276,25.7714377965292],[-80.2560725372703,25.7714368131311],[-80.2561474002128,25.7714358445148],[-80.25645925052,25.771431812762],[-80.2565331025043,25.7714308586406],[-80.2566108068007,25.7714300234522],[-80.2566140221069,25.771429979398],[-80.2566865722309,25.7714290086194],[-80.2567646307263,25.771427965741],[-80.2568331950362,25.7714270223745],[-80.2568526682825,25.7714267625562],[-80.2568693698949,25.7714265391314],[-80.2569306260815,25.7714257208798],[-80.2569964634685,25.7714219562437],[-80.2570052622473,25.7714221067761],[-80.2570058214674,25.7714221141445],[-80.2570824827234,25.7714234036538],[-80.2571655071986,25.7714227803727],[-80.2572412349382,25.7714222145827],[-80.2572552071305,25.7714221324406],[-80.2572764791054,25.7714219837461],[-80.2573148441564,25.7714216632165],[-80.257382454742,25.7714211489029],[-80.2574265159397,25.7714208592152],[-80.2574618415172,25.7714205222353],[-80.2575476850681,25.7714199284647],[-80.257588707795,25.7714196214214],[-80.2576097893724,25.7714194708042],[-80.2576908847967,25.7714188527278],[-80.25774254328,25.7714184283848],[-80.2577693235428,25.7714182210568],[-80.2578388331762,25.7714177171191],[-80.2578975196464,25.7714173285611],[-80.2579163203628,25.7714171671715],[-80.2579924787289,25.7714166076995],[-80.2580515445352,25.7714161370663],[-80.2581385260711,25.7714154611907],[-80.2581827786827,25.7714151704444],[-80.2582131656492,25.771414981419],[-80.2582971116824,25.7714142917817],[-80.2583744084732,25.7714137397171],[-80.2584532260357,25.7714131096078],[-80.2585240665093,25.7714126112211],[-80.2585784453841,25.7714122148841],[-80.2586006036692,25.7714120569713],[-80.2586685950783,25.7714115421946],[-80.2587548189845,25.7714108629939],[-80.2588509194854,25.7714101491908],[-80.2589556904725,25.7714064871593],[-80.2590549637216,25.7713910706165],[-80.2591764991292,25.771388786385],[-80.2592544655314,25.7713873192567],[-80.2593358985806,25.7713857884903],[-80.2594182299444,25.7713842414885],[-80.2595021346211,25.771382663631],[-80.2595685127617,25.7713799413469],[-80.2596561484515,25.7713789122439],[-80.2597911508531,25.7713768268921],[-80.25979546889,25.7713767585886],[-80.2598111308284,25.7713765178033],[-80.2599135035543,25.7713748892119],[-80.2599571870831,25.7713742511184],[-80.2600946965669,25.7713720274893],[-80.2602320161162,25.7713698876147],[-80.2603718039163,25.7713677628627],[-80.2605197597593,25.7713654177088],[-80.2605896043348,25.7713639492153],[-80.2606648633137,25.7713635760406],[-80.2608310452612,25.7713620967405],[-80.2609601914437,25.7713610348652],[-80.2610910478201,25.7713598930978],[-80.2626142981768,25.7713240847327],[-80.262600803734,25.7708114961364],[-80.2626192266967,25.7708100179508],[-80.2626778570848,25.7708107554999],[-80.2628015366138,25.7708074419359],[-80.2628263028409,25.770806776656],[-80.2628394392261,25.7708064261662],[-80.2629759899272,25.7708027669379],[-80.2631258047356,25.7707987369511],[-80.2631233325521,25.7707383419121],[-80.2631208730874,25.770675564818],[-80.263119712159,25.7706480476755],[-80.2631172436886,25.7705867292331],[-80.263114597595,25.7705231794186],[-80.2631103122452,25.7704172323995],[-80.2631102319181,25.7704140970553],[-80.2631065270123,25.7703320012459],[-80.2625952603214,25.7703455755835],[-80.2625741492275,25.7699004853344],[-80.2626456681611,25.7698983012921],[-80.2628606919783,25.7698934465145],[-80.2630875455171,25.7698847897385],[-80.263089191705,25.7698847394009],[-80.2630887446644,25.7698780294719],[-80.2630648563093,25.769519798969],[-80.2630638961519,25.7695198229924],[-80.2630635197761,25.7694437223433],[-80.2630631919966,25.7693775087736],[-80.2630652539469,25.769377447904],[-80.2630685851752,25.769377349231],[-80.2630628663412,25.7692441237753],[-80.2630485219924,25.7689789281814],[-80.262953337003,25.7689819927319],[-80.2629383812564,25.7686145641717],[-80.2629341293234,25.7685382588425],[-80.2628961357126,25.7685397598195],[-80.2628822362027,25.7685402328262],[-80.2628814403546,25.7685238256581],[-80.2628786129321,25.7684654462453],[-80.2628718202959,25.7682738628743],[-80.2628658818829,25.768069065271],[-80.2628607503565,25.7680691584327],[-80.2628544643041,25.7680692737294],[-80.2627789615663,25.7680694193667],[-80.2627787522539,25.7680634435997],[-80.2627697241283,25.7678037088902],[-80.2627695127421,25.767798068902],[-80.2627681850678,25.7677680279683],[-80.2627656917916,25.7677144686406],[-80.2626911604433,25.7677145812447],[-80.2626571514856,25.7666649591372],[-80.2628364518262,25.7666623298129],[-80.2628327674573,25.7665716217827],[-80.2628291618299,25.7662948397656],[-80.2628260948993,25.7662949316492],[-80.2628023799901,25.7662956483056],[-80.2627992830708,25.7662957535767],[-80.2627992954956,25.7662956787188],[-80.2627921536789,25.7659915236616],[-80.2627878520074,25.7659071554903],[-80.2627614454651,25.7659079009336],[-80.2627660830697,25.7658676874374],[-80.2627681011275,25.7658501932701],[-80.2627603446729,25.7656302189905],[-80.2627687054216,25.765429939342],[-80.2627570457545,25.7652376443173],[-80.2627417351769,25.7652382627199],[-80.2626963343619,25.7652401837935],[-80.262691428513,25.7651521306003],[-80.2613705924815,25.7652002931945],[-80.2613547105903,25.7649069771071],[-80.261274725812,25.7649102152363],[-80.2612705274984,25.7649106272062],[-80.2612694967568,25.7649107871618],[-80.2611046303044,25.7649173169557],[-80.2609710563452,25.7649226839498],[-80.2609665860947,25.7649227406874],[-80.2609305507819,25.7649241879274],[-80.2608297758254,25.7649244877006],[-80.2605862266011,25.7649363194242],[-80.2605947541661,25.7650768753329],[-80.2598368572088,25.7651003315579],[-80.2598312111843,25.7649729988974],[-80.2596253533177,25.7649829969031],[-80.2596220736711,25.76498315624],[-80.2596220226641,25.7649818976725],[-80.2595472950756,25.7649832317039],[-80.2593976262334,25.7649920583162],[-80.2592265822659,25.7650022545504],[-80.2592082949459,25.7645739215303],[-80.259610381323,25.7645530198768],[-80.2608520277503,25.7645101505835],[-80.2613097900487,25.7644937315273],[-80.2619994510726,25.7644697013651],[-80.2626870968299,25.7644457389612],[-80.2633087346471,25.7644240723081],[-80.265315813529,25.7643589868908],[-80.2670047420087,25.7643049092596],[-80.2673784196016,25.7642816838795],[-80.2675810219341,25.7642851975077],[-80.2692414998155,25.7642247602741],[-80.2698206712473,25.7642291281364],[-80.2706478840173,25.764196820451],[-80.2714638595108,25.7641702983531],[-80.2725982672924,25.7641173338426],[-80.2733150943654,25.7640939155947],[-80.2735131529148,25.7640951632873],[-80.2748084567481,25.7640336996683],[-80.2756149122,25.764010717481],[-80.2762869239296,25.7639869766953],[-80.2770484563455,25.7639502647843],[-80.2777652836197,25.7639267406386],[-80.2782878702102,25.7639293326078],[-80.2792586931684,25.7638893472625],[-80.2796617859792,25.76386855667],[-80.2806649373963,25.7638207270216],[-80.2808598448334,25.763809052794],[-80.2817507919581,25.7637882583818],[-80.2830734054194,25.7637317572852],[-80.2837972441992,25.7637101289993],[-80.2856233182406,25.7636473097741],[-80.285824633108,25.7636439106738],[-80.2867208520016,25.7635984391616],[-80.2878521092173,25.7635627940127],[-80.2899629053107,25.7634889319985],[-80.2905294002323,25.7634849873599],[-80.2912704760978,25.7634704565787],[-80.2919047268165,25.7634407846679],[-80.292650401701,25.7634188745983],[-80.2932239967947,25.7634030035923],[-80.2933286620111,25.7633972346177],[-80.2938893569597,25.763378803395],[-80.2941081091243,25.7633808121566],[-80.2942604797759,25.7633689100571],[-80.2949900298338,25.7633443308945],[-80.2958784269972,25.7633115034165],[-80.2962427312864,25.7633058064358],[-80.2969084081057,25.763300806267],[-80.2978846440862,25.7632618247845],[-80.29801926889,25.7632601831023],[-80.2997878511631,25.7632127856326],[-80.2999381659749,25.7632069471372],[-80.3008888442672,25.7631896110956],[-80.3018991300114,25.7631598009547],[-80.3028673538165,25.7631283949624],[-80.30390462176,25.7630978461799],[-80.3047529175325,25.7630696461839],[-80.3058681885369,25.7630285345681],[-80.3066709372222,25.76302118253],[-80.3074340067615,25.7629792448025],[-80.3079797209802,25.7629640873947],[-80.3079810045585,25.764054386043],[-80.3078434421551,25.7640577344144],[-80.3077841877639,25.7640586568017],[-80.3074803185033,25.7640633152774],[-80.3073767794694,25.764066192302],[-80.3073653208174,25.7637351409729],[-80.3073539340485,25.7634061390232],[-80.3072520591507,25.7634087025376],[-80.3070362960953,25.7634152417039],[-80.3068877661587,25.7634197799433],[-80.3068286964976,25.7634215612616],[-80.3067006831429,25.7634255082726],[-80.3066296461289,25.763427663083],[-80.3064419770968,25.7634333657214],[-80.3064070433329,25.7634344268979],[-80.3062059045841,25.7634405199937],[-80.3059840613448,25.7634472849757],[-80.3058955762449,25.7634491341826],[-80.3058784273674,25.7634494911055],[-80.3058782674349,25.7634445951856],[-80.3057812495271,25.7634470923684],[-80.3055890308001,25.7634538274241],[-80.3053932035577,25.7634607174156],[-80.3053633836188,25.7634617783714],[-80.3052273881329,25.763466631988],[-80.3051960470475,25.7634676847464],[-80.3051620474162,25.763468899925],[-80.3051033570002,25.7634709414176],[-80.30507144721,25.7634720798956],[-80.3049966112562,25.7634747320966],[-80.3048045823652,25.7634815518717],[-80.3046178720035,25.7634881395407],[-80.3046062854319,25.7634885147613],[-80.3044005810907,25.763495785899],[-80.3043143479415,25.7634989844607],[-80.3042178569734,25.7635025654146],[-80.3040106359389,25.763509571491],[-80.3039225735558,25.7635100350238],[-80.3039249331142,25.7635821656836],[-80.3038413749305,25.7635849389624],[-80.3035673218893,25.7635895594681],[-80.3035547818183,25.7635907036272],[-80.3033612782034,25.7635898634443],[-80.3033488512215,25.7635904186862],[-80.3030275364893,25.7636047737965],[-80.3029278354886,25.7636087077135],[-80.3029276629548,25.7636034299045],[-80.3028513037273,25.7636057370113],[-80.3024387918506,25.7636139916021],[-80.3020164039222,25.7636224549267],[-80.3018369213253,25.7636270128939],[-80.3014249785612,25.7636354379421],[-80.301013984225,25.7636439548388],[-80.3008243052698,25.7636477521962],[-80.3004123518347,25.7636581529667],[-80.3000119829384,25.7636683510186],[-80.2999216835269,25.7636708558369],[-80.2999121649047,25.7633796761607],[-80.2996002264806,25.7633884840122],[-80.2995639924084,25.7634181517746],[-80.2994248510636,25.7635218022897],[-80.2992709753644,25.7635967022619],[-80.2991393881748,25.7636501898484],[-80.2989980701991,25.7636872840911],[-80.2988694453161,25.7636907302103],[-80.2987448704186,25.7636774151836],[-80.2985871877455,25.7636358441706],[-80.2984009916606,25.7635658920751],[-80.2982795157436,25.763506697393],[-80.2981755995512,25.7634220517842],[-80.2978895801988,25.7634338766779],[-80.2978990195493,25.7637227804048],[-80.2978137611179,25.7637220712716],[-80.2973978155508,25.7637330463206],[-80.2969955438931,25.7637436547449],[-80.2968105414776,25.7637504130417],[-80.2964048648169,25.7637587692874],[-80.2959829855121,25.7637679369684],[-80.2958931922949,25.7637706267789],[-80.2958928831826,25.7637611788979],[-80.295789502715,25.7637635619094],[-80.2957870351333,25.7637636257955],[-80.2955448095156,25.7637696967268],[-80.2955329851189,25.7637699933467],[-80.2954330061728,25.7637724981784],[-80.2950776499639,25.7637814390955],[-80.2949916629118,25.7637835871295],[-80.2949917422869,25.7637860129736],[-80.2948987245765,25.7637881386354],[-80.2945623674235,25.7637955374021],[-80.2944641329837,25.76379769708],[-80.2941906832714,25.7638037091907],[-80.2940803606003,25.763808129843],[-80.2940413864718,25.7638096910964],[-80.2939300423356,25.7638122047666],[-80.2936744496293,25.763817970342],[-80.2933175791939,25.7638260402731],[-80.293276670143,25.7638269320802],[-80.2932756423284,25.7637954602106],[-80.2932319099737,25.763796391555],[-80.2931549851808,25.7638005737812],[-80.2929603025303,25.7638065932443],[-80.2928024660473,25.7638115024582],[-80.2926495688376,25.7638162621913],[-80.2924955297453,25.7638211028691],[-80.2923447193863,25.7638257848661],[-80.2921946720805,25.7638303873719],[-80.2920381643299,25.7638353004116],[-80.2918913452314,25.7638398316491],[-80.2917038790456,25.7638456227619],[-80.2915221116721,25.7638512743772],[-80.2913488895902,25.7638567073996],[-80.2912788090583,25.7638587122306],[-80.2912786241457,25.763853087733],[-80.2912003915473,25.7638560701375],[-80.2909095966229,25.763865745797],[-80.2906184223921,25.7638753323705],[-80.2905528331613,25.7638772522249],[-80.2905466885039,25.7638774316949],[-80.2905469528636,25.7638841072811],[-80.2904856196782,25.7638857761466],[-80.2903161999701,25.7638907968039],[-80.2901593128587,25.7638954487117],[-80.2900100250512,25.7638998793545],[-80.289979635784,25.7639007628711],[-80.289850860673,25.763904605575],[-80.2897063217284,25.7639088884703],[-80.2895469659449,25.7639136134241],[-80.2894753618624,25.7639156713308],[-80.2894035658888,25.7639178122132],[-80.2892495301635,25.7639223895003],[-80.2892544383188,25.7641191418278],[-80.2892564303765,25.7641989334963],[-80.2892600429376,25.764262718918],[-80.2885120446048,25.7643393458132],[-80.288513286864,25.7644000181074],[-80.2885190270615,25.764615853194],[-80.2885251122356,25.764837365007],[-80.288529352238,25.7648988426832],[-80.2884890258571,25.7648999210318],[-80.2884832341908,25.7649000741566],[-80.2884822032697,25.7649001025159],[-80.2879109050678,25.7649153692792],[-80.2879048389765,25.7646744764647],[-80.287899135234,25.7643514673971],[-80.2874465334789,25.7643651646687],[-80.2874465132218,25.7643612109031],[-80.2874461418062,25.7642878405892],[-80.2874397338086,25.7639935038776],[-80.2872877816705,25.7639988655759],[-80.287135829049,25.7640041395545],[-80.2869793204011,25.7640096483162],[-80.286831924736,25.764014860351],[-80.2866702833924,25.7640205169441],[-80.2865251709653,25.7640256504931],[-80.2864180375753,25.7640294490967],[-80.2863696072977,25.7640311578141],[-80.286339119211,25.7640322224231],[-80.286208919355,25.7640367400365],[-80.2859399637669,25.7640462546819],[-80.2858386067805,25.7640496072962],[-80.2858367412995,25.7640496694541],[-80.285709186837,25.7640538908878],[-80.2854119250086,25.7640655006457],[-80.2852550308548,25.7640716086371],[-80.2851066834988,25.7640774163255],[-80.2849484590583,25.7640836014001],[-80.284790804772,25.7640897918119],[-80.2846530945779,25.7640951349783],[-80.2845283003117,25.7641000242736],[-80.2844979094458,25.7641011629926],[-80.2843372163023,25.7641074228252],[-80.2842877149618,25.7641093638859],[-80.2841774701223,25.7641136880396],[-80.2840323544363,25.7641193363093],[-80.283856086759,25.7641262077353],[-80.2836938615756,25.7641342655479],[-80.2835092287321,25.7641425567997],[-80.2833821504993,25.7641482932036],[-80.2832358877114,25.7641548810214],[-80.2831057706229,25.7641606888754],[-80.2829724237862,25.7641666522094],[-80.2828238817014,25.764173315943],[-80.2827488262666,25.764180855262],[-80.282415655372,25.764194947508],[-80.2822260856807,25.7642029546297],[-80.282036327055,25.7642110463251],[-80.281805728685,25.7642207416025],[-80.2816497806569,25.7642271103357],[-80.2814681823274,25.7642358436362],[-80.2812913353978,25.7642443411055],[-80.2811300624785,25.7642521425949],[-80.2809439060624,25.7642611099881],[-80.2807866229464,25.7642686735464],[-80.2806238640617,25.764270620585],[-80.2805933988773,25.7642720054496],[-80.2804975471808,25.7642763600334],[-80.2804549978078,25.7642782971422],[-80.2803269693377,25.7642841985848],[-80.2802437700197,25.7642880008424],[-80.2801556314077,25.7642919492293],[-80.2800938969128,25.7642948258061],[-80.2800270337291,25.7642978475926],[-80.2799208493593,25.7643027410296],[-80.2798758303185,25.764304752407],[-80.2797487522999,25.7643105713865],[-80.2795927822651,25.7643207208618],[-80.279419364229,25.7643270828799],[-80.2793587742303,25.7643292760784],[-80.2793153795674,25.7643308710727],[-80.2792886838996,25.7643318527833],[-80.2791977024602,25.7643350995872],[-80.2791374892549,25.7643372945593],[-80.2790161163255,25.7643417672987],[-80.2789887637259,25.764342749311],[-80.2788259838595,25.7643486487972],[-80.2786753593677,25.7643540929171],[-80.2785222656954,25.7643596961483],[-80.2783705012968,25.7643652200552],[-80.2782049400915,25.7643597576876],[-80.2780358874478,25.7643665693689],[-80.2780056868586,25.7643677112843],[-80.2778924778729,25.7643722217737],[-80.2778316948878,25.7643746715396],[-80.2777403300133,25.7643783451962],[-80.2776491560524,25.7643819330871],[-80.2775976810049,25.7643839992785],[-80.2774763044115,25.7643888994784],[-80.2774417341776,25.7643902768456],[-80.2772994639358,25.764395933418],[-80.2771991941024,25.7643999434448],[-80.2771648581502,25.7644013164935],[-80.2771541543392,25.7644017444584],[-80.2769932936587,25.7644041265263],[-80.27695923766,25.764405690476],[-80.2768496888882,25.7644107229224],[-80.2768194867296,25.7644121209396],[-80.2766939266845,25.7644179438861],[-80.2766331415911,25.7644207352492],[-80.276531895868,25.7644253925906],[-80.2764333097226,25.7644298888682],[-80.2763795513079,25.7644323729449],[-80.2762581744582,25.7644379599544],[-80.2762237900465,25.7644395952145],[-80.2760837947568,25.7644460363924],[-80.2760507483609,25.7644466456204],[-80.2760205753857,25.7644476672065],[-80.2757610898881,25.7644564672219],[-80.2757667523346,25.7645863595878],[-80.2757667575049,25.7645864932075],[-80.2757775807028,25.7648115003798],[-80.2757769884675,25.7648115172917],[-80.2756447499793,25.7648155413921],[-80.2756132541978,25.7648163793876],[-80.275566431257,25.7648176267273],[-80.2755383542444,25.7648183743047],[-80.2741743510535,25.7648547038004],[-80.2741674786065,25.7648548870724],[-80.2737835548542,25.7648651102135],[-80.2737730263523,25.7648653889615],[-80.2735582297436,25.7648711096615],[-80.2735493733666,25.7648519976339],[-80.2735477683245,25.7646844718409],[-80.2735393906647,25.7645349600643],[-80.2734690597142,25.764537731347],[-80.2733203311756,25.7645437796497],[-80.2733136822621,25.7645440903702],[-80.2732080713864,25.7645483778834],[-80.2731265849351,25.764551754048],[-80.2730961913696,25.7645529797322],[-80.2729613282996,25.7645584948334],[-80.2728466003011,25.764563252868],[-80.2727206643888,25.7645683835773],[-80.2725970067276,25.7645734407123],[-80.2724794282662,25.7645782699653],[-80.2723531130093,25.7645834851155],[-80.2722480722656,25.7645877747809],[-80.2721859578339,25.7645903012811],[-80.272123845394,25.7645928277647],[-80.272015385478,25.7645972725725],[-80.2719732439322,25.7645989944033],[-80.2718655149331,25.7646034012325],[-80.2717623726447,25.7646076133879],[-80.271621070905,25.7646134371407],[-80.2715986318829,25.7646142266133],[-80.271501779564,25.7646171593948],[-80.2714889965914,25.7646178635829],[-80.2705651751865,25.764668714592],[-80.2704060672691,25.7646732753734],[-80.2703220226963,25.7646756830295],[-80.2702503552387,25.7646777365623],[-80.2701800327657,25.764679752573],[-80.2701027440576,25.7646819665047],[-80.2699296288611,25.7646869268119],[-80.2697600970582,25.7646940523214],[-80.2695633085255,25.7647024345667],[-80.2694987242911,25.7647052056852],[-80.2694248340598,25.7647083606371],[-80.2691873556396,25.7647094549582],[-80.2691703577927,25.7647095329973],[-80.2690676200481,25.7647100064479],[-80.2690596948789,25.7647101977324],[-80.2689634403807,25.7647125098906],[-80.268912240862,25.7647143108118],[-80.2687625701341,25.7647855715018],[-80.2685884836495,25.7648330163002],[-80.2684269571129,25.7648510746942],[-80.268261308945,25.7648463028443],[-80.268120327291,25.764820999239],[-80.267956273125,25.7647611366241],[-80.2677492988586,25.7647658924535],[-80.2677436941482,25.7647661188086],[-80.2674180571083,25.7647850266483],[-80.2674104581383,25.7647855047255],[-80.2671006438379,25.7647994212405],[-80.2670311542141,25.7648016691967],[-80.2670311073579,25.7648016698635],[-80.2670311031941,25.7648015362487],[-80.2670283167152,25.7647155509798],[-80.2669377403368,25.7647188282546],[-80.2669035371253,25.7647203114773],[-80.2667159599069,25.764728442895],[-80.2666855672057,25.7647298387485],[-80.2665381649137,25.764736231608],[-80.2664148210066,25.7647416009949],[-80.2663541032793,25.7647442466794],[-80.2661685179691,25.7647523368809],[-80.2660237726925,25.7647586577636],[-80.2659933819841,25.764760051677],[-80.2658469285958,25.764766451328],[-80.2658165364293,25.764767757639],[-80.2656583083691,25.764774612226],[-80.2656279141947,25.7647759202926],[-80.2654313131813,25.7647845578556],[-80.2653492836936,25.7647873600475],[-80.2653789970163,25.7651612982161],[-80.2648929789939,25.7651742393718],[-80.2645947404608,25.7651820970749],[-80.2639061356947,25.7652002359994],[-80.2637742666443,25.7652037402617],[-80.2637769812431,25.7652861307905],[-80.2637850731949,25.7654324677117],[-80.2637923496174,25.7655448866482],[-80.263799623533,25.7656738739031],[-80.2638078201673,25.765816175551],[-80.2638124140454,25.7659597867873],[-80.2638192931944,25.7660731054639],[-80.2638220070273,25.7661142552303],[-80.2638264474474,25.7661819059094],[-80.2638266158092,25.7661841859785],[-80.2638321707892,25.7662557056806],[-80.263814788259,25.7662576713157],[-80.2638135842041,25.7662578069434],[-80.2638167325066,25.7663035083148],[-80.2638186162642,25.7663308711603],[-80.2638202166708,25.7663813822006],[-80.2638204291586,25.7663871747443],[-80.263823368144,25.766452588256],[-80.2638263565843,25.7665185499322],[-80.2638267983971,25.76652611285],[-80.2638302840734,25.7666362252555],[-80.2638361994825,25.7666360665183],[-80.2638373839498,25.7666360364027],[-80.2638384460854,25.7666627866982],[-80.2638387306246,25.7666680497445],[-80.2638390347846,25.7666746569512],[-80.2638429424857,25.7667425360119],[-80.263843318463,25.7667491363606],[-80.2638445115368,25.7667704975331],[-80.2638473937375,25.7668221713612],[-80.2638477587277,25.7668287752649],[-80.2638509813867,25.7668892526554],[-80.2638513403962,25.7668958565287],[-80.2638545618622,25.7669528108294],[-80.2638549358468,25.7669594111678],[-80.263858500309,25.7670228185159],[-80.2638588693097,25.767029418829],[-80.2638620917963,25.7670876630353],[-80.263862459795,25.767094264246],[-80.2638663680085,25.7671635180569],[-80.2638667369988,25.7671701201751],[-80.2638708123689,25.7672442744707],[-80.2638711793659,25.7672508765788],[-80.2638731173566,25.767326498621],[-80.2638733472092,25.7673349712501],[-80.2638709702636,25.7673350350519],[-80.2638733828413,25.7673364671384],[-80.2638921088093,25.7677001479784],[-80.2638924408572,25.7677067598386],[-80.2638924849708,25.7677080120515],[-80.2638947944837,25.767772212803],[-80.2638950378179,25.7677788233118],[-80.2638975611527,25.7678463388098],[-80.2638978134476,25.7678529511692],[-80.2639005074528,25.7679212420121],[-80.2639007587567,25.7679278534637],[-80.2639024603001,25.7679776510005],[-80.2639027205702,25.7679842634],[-80.2639054733669,25.7680620938519],[-80.263843152209,25.7680643701877],[-80.2638365347842,25.7681320985137],[-80.2638396409728,25.7681910967478],[-80.2638450549719,25.7682940454424],[-80.2638519002476,25.7684241840821],[-80.2638954931335,25.7684230361314],[-80.2639789090645,25.7684208402777],[-80.263991728442,25.7686935960242],[-80.263991733588,25.7686937314492],[-80.2639924696441,25.7687158169459],[-80.2639924747846,25.7687159532736],[-80.263993719066,25.7687736269099],[-80.2638487339507,25.7687781083186],[-80.2638514511037,25.7688411891169],[-80.2638516304302,25.7688463785141],[-80.2638517610956,25.7688529920627],[-80.2638519067441,25.768855237715],[-80.2638519770547,25.7688574143841],[-80.2638522940121,25.7688592005463],[-80.2638799339301,25.7691382532797],[-80.2638802729684,25.7691448633687],[-80.2638338382166,25.7691460862992],[-80.263848413835,25.7694312823443],[-80.2638488097154,25.76943788911],[-80.2638512791657,25.7695076727058],[-80.2638514372631,25.76951274826],[-80.2639478407966,25.7695098571863],[-80.2639500897199,25.7695877654108],[-80.2639537314045,25.7696747081809],[-80.2639563592201,25.7697375754913],[-80.2639596933808,25.7698165164289],[-80.2639624819623,25.7698706143068],[-80.263962679468,25.7698772209714],[-80.2636623615358,25.769887671121],[-80.2635765760796,25.7698898457591],[-80.263596888185,25.7702338547384],[-80.263602483537,25.7703190219299],[-80.2636454425849,25.7710464933626],[-80.2636492885223,25.7711083829288],[-80.2636686472305,25.7716628240871],[-80.2637455311464,25.7716620053111],[-80.2645410247728,25.7716397403482],[-80.2647427478012,25.7716340962042],[-80.2656768816767,25.7716079471095],[-80.2656768941609,25.7716081863774],[-80.2657252193012,25.7724448809375],[-80.2657252297918,25.7724451201952],[-80.2657273451598,25.7725104157441],[-80.2647501078034,25.7725287324385],[-80.2647525738145,25.7726142069166],[-80.2647913176321,25.7733448691853],[-80.2647935393184,25.7734230814255],[-80.2647857520489,25.7734232876064],[-80.2646708882658,25.7734263386478],[-80.2644861862903,25.7734312445414],[-80.2643419464856,25.7734345485299],[-80.2643382793949,25.7735026771796],[-80.2643598146092,25.7738784828809],[-80.264380753327,25.7742438499005],[-80.2643829994168,25.7743191927022],[-80.2643858592528,25.7743937866903],[-80.2643990537869,25.774753672403],[-80.2643998749522,25.7748234069947],[-80.2643891538372,25.774823574853],[-80.2644046759563,25.7751362984295],[-80.2644091850023,25.7752079418289],[-80.2644374464035,25.7756447976023],[-80.2644327121248,25.7756449244151],[-80.2644359729368,25.7757105994348],[-80.2644360391634,25.7757123085036],[-80.2644377227691,25.7757561627878],[-80.2644419861599,25.7758655496378],[-80.2644477461646,25.7760095059729],[-80.2644524155335,25.7760722941837],[-80.2644544775133,25.7761498556754],[-80.264458613693,25.7762798766672],[-80.2644627541189,25.7764092098518],[-80.264466575166,25.7765287385407],[-80.2644699128473,25.7766343376553],[-80.2644738999926,25.7767576502249],[-80.2644780424373,25.7768869825088],[-80.2644802454724,25.7769521800799],[-80.264462964127,25.7769528437379],[-80.2644643097692,25.7769997716662],[-80.2644650345297,25.7770249983349],[-80.264467896937,25.7771897282409],[-80.2644691005607,25.7772588798205],[-80.2644711546134,25.7773876879264],[-80.2644725875515,25.7773877998782],[-80.264485307148,25.7778089203408],[-80.2644938309264,25.7780910976382],[-80.264493816369,25.7780955603109],[-80.2644951309516,25.7782424340929],[-80.2647473491998,25.7782425118747],[-80.264771066994,25.7782425206946],[-80.2648015192866,25.7782425319454],[-80.2648663748524,25.778242554531],[-80.2649691778842,25.7782425927693],[-80.2650192416321,25.7782425856967],[-80.2651995543129,25.7782425540135],[-80.2654407555017,25.7782425668325],[-80.2656612552486,25.7782426480868],[-80.2659087241968,25.7782426917622],[-80.2659638188287,25.7782413593677],[-80.2659740681706,25.7782411131953],[-80.2659866936618,25.7782408058934],[-80.2659871614932,25.7783029761981],[-80.2660684686838,25.778301278629],[-80.2661338031347,25.7783010909407],[-80.2662154734995,25.7783006444013],[-80.2662534589228,25.7783004902398],[-80.266292963656,25.7783003473401],[-80.2663685546482,25.778300040662],[-80.2664465998113,25.7782997932556],[-80.2664525019668,25.7782997760726],[-80.2665134069016,25.7783016943532],[-80.2666080460948,25.7783002315829],[-80.2666141001401,25.7783001573887],[-80.2666785110552,25.7782995396483],[-80.2667542956457,25.7782987165217],[-80.2668245721536,25.778297866504],[-80.2668948475906,25.7782971906601],[-80.2669639845479,25.7782965054361],[-80.266965002519,25.778316286025],[-80.2671188401932,25.7783162025315],[-80.2672550161417,25.7783160281286],[-80.2673963193474,25.7783158785109],[-80.2674667405372,25.7783137119315],[-80.2675819346589,25.778314939933],[-80.2679860033562,25.7783202219825],[-80.2681126835608,25.7783198265966],[-80.2682258811733,25.7783193650994],[-80.2682410745011,25.7783194415092],[-80.2683389527138,25.7783191402796],[-80.2683894973864,25.7783192418824],[-80.2684675774292,25.778317051044],[-80.2684684436489,25.7783437344034],[-80.2685394958065,25.7783417501061],[-80.2686878548852,25.7783371656372],[-80.2688232955282,25.7783328591114],[-80.2689490488011,25.7783288486038],[-80.2689540067588,25.7784186348836],[-80.2692808993608,25.7784128823127],[-80.2693064440312,25.7784116900043],[-80.2693306394232,25.778410559518],[-80.2693399268477,25.7784101268436],[-80.2693468228617,25.7784098049217],[-80.2693445280164,25.7783334446426],[-80.2694226999431,25.7783312275756],[-80.2695807115631,25.7783321914684],[-80.2697455591882,25.7783331904007],[-80.2700011368425,25.7783345324393],[-80.2701255819363,25.7783352695622],[-80.2702686347241,25.7783361260781],[-80.2703023938299,25.7783363296833],[-80.2703369445214,25.7783365345424],[-80.2704795855823,25.7783373887861],[-80.270677479809,25.7783383808404],[-80.2708694840722,25.7783395164215],[-80.2710487644329,25.7783405861999],[-80.271241911213,25.7783417261107],[-80.2714316375639,25.7783426762303],[-80.271622311968,25.7783438014511],[-80.2718226736286,25.7783449758049],[-80.2719087720921,25.7783439596956],[-80.2719066416333,25.7782990344815],[-80.2719697992208,25.7782953390825],[-80.2720313345818,25.7782928126084],[-80.2720335280936,25.778292782963],[-80.2724485119771,25.778273384273],[-80.2724521070785,25.7782732153986],[-80.2725929091517,25.7782666412164],[-80.2726306551135,25.7782648855813],[-80.2727773757267,25.7782580573713],[-80.2728885075906,25.7782528573974],[-80.2729620352019,25.7782493903083],[-80.2731466918485,25.77824085659],[-80.2733313495362,25.7782321484287],[-80.2735160044285,25.7782235681963],[-80.2737004762375,25.7782149254343],[-80.2738019085412,25.778210215233],[-80.2738577026121,25.7782076367643],[-80.2738631037144,25.7782073866017],[-80.2738851319429,25.7782063682057],[-80.2740697884875,25.778197833313],[-80.2742544470633,25.7781891248847],[-80.2742833962095,25.7781877834947],[-80.2745846189646,25.778173713759],[-80.2746235726997,25.7781718769718],[-80.2746833059698,25.7781691002824],[-80.2746966571542,25.7781684790079],[-80.274823997971,25.7781625594944],[-80.2750293621546,25.7781529206294],[-80.2750207964326,25.7779563760109],[-80.275018122433,25.7778950512868],[-80.275017361399,25.7778775575473],[-80.275014977251,25.7778018422494],[-80.2758598739423,25.77777986962],[-80.276103625266,25.7777735615196],[-80.2761012433293,25.7777057463231],[-80.2760915733034,25.7774081569224],[-80.2760815593259,25.7771155006442],[-80.2760813415579,25.7770605392639],[-80.2770051860712,25.7770273823337],[-80.2770080771832,25.7770864442506],[-80.2770085013643,25.7770950839188],[-80.2770226053664,25.7774002072816],[-80.2770251221227,25.7774550762819],[-80.2770380910793,25.7777366056619],[-80.2770526477728,25.7780525920596],[-80.2770679307895,25.7783824821226],[-80.2770636804963,25.7783826812544],[-80.2770672568987,25.778473600554],[-80.2754663503022,25.778534161343],[-80.2751204175277,25.7785472474101],[-80.2750563294657,25.7785496694973],[-80.2750483628306,25.7785499710105],[-80.2747195000721,25.7785624100159],[-80.2742059605127,25.7785882488043],[-80.2740118136651,25.778598017383],[-80.2731342237792,25.7786421684304],[-80.2726150855656,25.7786850230648],[-80.2725022595539,25.7786900401388],[-80.2725055624967,25.7787622929196],[-80.2725250409458,25.7792117136642],[-80.2724289792245,25.7792164633551],[-80.2724231172325,25.7792167526813],[-80.2720006915189,25.7792376376974],[-80.2719989817564,25.7792376291427],[-80.2718818775467,25.7792414427388],[-80.2718860321594,25.7793820230083],[-80.2717948928635,25.7793821184247],[-80.2714258512554,25.7793831576694],[-80.2710366878924,25.7793846484986],[-80.2707010806591,25.7793860610202],[-80.2703094468997,25.7793875366183],[-80.2699206624326,25.779389025459],[-80.2696389982566,25.7793900192671],[-80.2696387091942,25.7793919630474],[-80.2696333754755,25.7793921077792],[-80.2696112070595,25.7793926978652],[-80.2695751838715,25.7793939026122],[-80.2695579707633,25.7793941131747],[-80.2695451798531,25.7793945508397],[-80.2694824560333,25.7793973149052],[-80.2691626240901,25.7793970844157],[-80.2688063267833,25.7793968432857],[-80.2687748012873,25.7793968554573],[-80.2684167902615,25.7793966038581],[-80.2680728211447,25.7793996887394],[-80.267994766924,25.7793991805323],[-80.2679992447621,25.77950535399],[-80.2679880002398,25.7795116250607],[-80.2679108739174,25.7795139134008],[-80.2679047996826,25.7795140182368],[-80.2674779900687,25.7795213651505],[-80.2674756222888,25.7791647143613],[-80.2674241487643,25.7791653136379],[-80.2673565305869,25.779166178225],[-80.2672936598752,25.7791670639797],[-80.267216546748,25.7791680512898],[-80.2672178097589,25.7792404518247],[-80.2670757416205,25.7792411137187],[-80.2669256979358,25.7792417334856],[-80.2669276432262,25.7794814498501],[-80.2665658547787,25.779485691566],[-80.2664426642995,25.7794871367227],[-80.2661025537004,25.7794911237071],[-80.2660967212559,25.7794917920437],[-80.2660957153309,25.7794930840908],[-80.2660040580131,25.7794955409394],[-80.2660045641091,25.7795399904243],[-80.2660045738418,25.7795408389729],[-80.2660051391197,25.7795907381087],[-80.2660092669228,25.7799542272249],[-80.2660214476737,25.7805890231104],[-80.2660280408317,25.7809326191817],[-80.2660286770409,25.780965808645],[-80.2660288312068,25.7809794765808],[-80.2660321840319,25.7812775695036],[-80.2660341192237,25.7814497722701],[-80.2660366401933,25.7816738889926],[-80.2660453422379,25.7824480431051],[-80.2655949278282,25.7824599590556],[-80.2655941939071,25.7824599797226],[-80.2652290360712,25.7824696376646],[-80.2652310545291,25.7825321759219],[-80.2652342084881,25.7829450615587],[-80.2652377004168,25.7834265563404],[-80.265241683852,25.7834891171511],[-80.2652423206454,25.7835205572537],[-80.2651117050836,25.7834681544366],[-80.2649986464507,25.7834227951877],[-80.2647657794441,25.7833293677419],[-80.2645112845915,25.7831659603169],[-80.2643743868896,25.7829481679949],[-80.264328623449,25.7827566271636],[-80.2643089118222,25.7825513523181],[-80.2643097858473,25.7824492678696],[-80.2642183562297,25.7824490293666],[-80.2641891814233,25.7824489531267],[-80.2639825372279,25.7824479078678],[-80.2639259362617,25.78244760978],[-80.2639268183691,25.7825385904778],[-80.2639098188465,25.7829851479667],[-80.2639069155904,25.7832529483989],[-80.2639033187706,25.7835848096791],[-80.2638277553847,25.7835870495562],[-80.2638489457479,25.7838907018007],[-80.2637973765823,25.7844022462466],[-80.2637896154024,25.784471587986],[-80.2637750580899,25.7845400314874],[-80.2637538226813,25.7846070276272],[-80.2637260789573,25.7846720437906],[-80.2636920444609,25.784734562949],[-80.2636503708111,25.7847962644385],[-80.2636025756383,25.7848542141716],[-80.2635490677969,25.7849079150421],[-80.2634903037709,25.784956907194],[-80.2634267886546,25.7850007707343],[-80.2633590671573,25.7850391292988],[-80.2632007774965,25.7851107993996],[-80.2631209159563,25.7851453079084],[-80.2630405902872,25.7851789240004],[-80.2629598124881,25.7852116423198],[-80.262878597549,25.7852434575258],[-80.2627969564437,25.7852743687706],[-80.2627149011993,25.7853043661855],[-80.2626324437923,25.785333448025],[-80.2625495972358,25.7853616062305],[-80.2624663764638,25.7853888444879],[-80.2623827925122,25.7854151520204],[-80.2623829975882,25.7853525049928],[-80.2621740514788,25.7853662517062],[-80.2618449179892,25.7853814138933],[-80.2616612375762,25.7854115611803],[-80.2615028421576,25.7854102390584],[-80.2614663340587,25.7839797688963],[-80.2614625601299,25.7838318618714],[-80.2614497118752,25.7833284276188],[-80.2628588152318,25.7832895268041],[-80.2628321449679,25.782468772424],[-80.2629684655185,25.7824651528859],[-80.2634651328236,25.7824519690893],[-80.2635239356868,25.7824504072919],[-80.2635178913613,25.7822318954517],[-80.263517952528,25.7822087525024],[-80.2635139322338,25.7820662619623],[-80.2635119867339,25.7819948003804],[-80.2635118173429,25.7819884881352],[-80.2635095967946,25.7819068359517],[-80.2635049143146,25.7817424200903],[-80.2635002743004,25.7815711288907],[-80.2634958983981,25.7814185809226],[-80.2634956025096,25.7814048229092],[-80.2634909316605,25.7812386884339],[-80.2634861075622,25.7810665351547],[-80.2634815954194,25.7809052162561],[-80.2634778394113,25.7807699844042],[-80.2634755365585,25.7806869723871],[-80.2634711224568,25.7805406155432],[-80.2634675975951,25.7803732836061],[-80.2634642632226,25.7802057802219],[-80.2634608810095,25.780046185687],[-80.263457407117,25.7798706018913],[-80.2634540483172,25.779707055628],[-80.2634506597429,25.7795484927893],[-80.2634395852451,25.7792118966619],[-80.2634711656929,25.7792110464513],[-80.2634694609978,25.7791495126001],[-80.2634565770983,25.7787155383919],[-80.2634555221465,25.778715563742],[-80.2634371635087,25.7787161153066],[-80.2631774143947,25.7787239116128],[-80.2631763125421,25.7787239439448],[-80.262983104613,25.778729743479],[-80.2629846269583,25.7789023882879],[-80.2629853569866,25.7789851188541],[-80.2629875169821,25.7792301122748],[-80.2621839401297,25.7792571822788],[-80.2614083180118,25.779283315581],[-80.2612510532067,25.7792886137411],[-80.2610197883923,25.7792964054633],[-80.2606355027445,25.7793093488806],[-80.2598447698385,25.779335982873],[-80.2598532102149,25.7795046784826],[-80.2598539252369,25.7795268189114],[-80.2598899582453,25.7806403372282],[-80.2598905542052,25.7807210270652],[-80.2599039854665,25.7825379293471],[-80.2599110963911,25.7826402168026],[-80.258612512743,25.7826642729354],[-80.2558097968172,25.7827161545145],[-80.2557897280576,25.7827156880868],[-80.2553209959044,25.7827300645994],[-80.2553201571044,25.7826908389435],[-80.2553172063507,25.7826404853497],[-80.2553115051512,25.7824585255843],[-80.2553066145544,25.7822987536708],[-80.2556388794639,25.7822860096934],[-80.2557849013822,25.7822830783827],[-80.2557703103893,25.781644009826],[-80.2557675064109,25.7815212196203],[-80.2557645278782,25.7813907739841],[-80.2557614181589,25.781297806918],[-80.2557458809892,25.7808335439137],[-80.2555797116766,25.7808379210935],[-80.2555400838728,25.7808389658052],[-80.2553368065542,25.7808443199654],[-80.2549090540161,25.7808556527379],[-80.2549085030473,25.7808418699473],[-80.2549062277071,25.7807814217659],[-80.254862307405,25.7797974680131],[-80.254815702107,25.7797977122485],[-80.2544447201842,25.779806987556],[-80.2541352845996,25.7798146872686],[-80.2541352704092,25.7798146447709],[-80.2539673458574,25.7798147921135],[-80.2539549771544,25.7793702881181],[-80.2536529758982,25.7793737246826],[-80.2536574738261,25.7795348703111],[-80.2532618365063,25.7795392031725],[-80.2530990131576,25.7795438456593],[-80.2530995936015,25.7795618033973],[-80.2529547548012,25.7795653122335],[-80.2521673592314,25.7795906713891],[-80.252062042058,25.7795936206197],[-80.2520637344209,25.7796460069096],[-80.2519715654436,25.7796483024383],[-80.2516160999666,25.7796669368449],[-80.251612620447,25.7795857556225],[-80.2515662718478,25.7795868928664],[-80.2515665826276,25.7795978996617],[-80.2514189759712,25.7796035040446],[-80.251402639801,25.7796039345099],[-80.2512461053368,25.7796098357928],[-80.2511081252474,25.7796134105795],[-80.2511043247184,25.7796104023201],[-80.2508852785377,25.7796169806888],[-80.2507140753099,25.7796221225627],[-80.2506418735669,25.7796242953126],[-80.2506418647815,25.7796242654796],[-80.2505290286966,25.7796276379376],[-80.2503563538955,25.7796329406066],[-80.250174752374,25.7796383667666],[-80.2501007012619,25.7796397407945],[-80.2501069679145,25.7799128512042],[-80.2500450383337,25.7799095586547],[-80.2498640373695,25.7799142229642],[-80.2498638688572,25.7799142266087],[-80.2495889541913,25.7799213093029],[-80.249585100355,25.779779253653],[-80.2491529366599,25.7797926716598],[-80.2490825891644,25.7797926299584],[-80.2490788802877,25.7796648586935],[-80.2489892287266,25.7796709411373],[-80.2488311910291,25.7796742522655],[-80.2485556457284,25.7796797654555],[-80.2483922207212,25.7796808033755],[-80.248339733945,25.7796811090306],[-80.2481318365272,25.7796825054344],[-80.2479935079983,25.779692623335],[-80.2478509259242,25.779694587081],[-80.2478481620641,25.7796946251474],[-80.247757410349,25.7796958737354],[-80.2476111572053,25.7796978688151],[-80.2474038998595,25.7797057386332],[-80.2469746353343,25.7797213983374],[-80.2469744763414,25.7797214733377],[-80.2467893445628,25.7797282824317],[-80.2466042416865,25.7797350905366],[-80.2464270386826,25.7797416080465],[-80.2463455075683,25.7797350323436],[-80.2462419273814,25.7797380703],[-80.2460582284451,25.7797446845927],[-80.2459974394901,25.7797467778717],[-80.2459018852816,25.7797502371961],[-80.2458857364149,25.779750841322],[-80.2456948203896,25.779757761661],[-80.2455637433044,25.7797624140513],[-80.2454896661071,25.7797642739316],[-80.2454029809112,25.7797667995374],[-80.2450612193313,25.7797768505531],[-80.2450607901104,25.7797649621474],[-80.2450595725906,25.779731918608],[-80.2450588578168,25.7797128507973],[-80.2450570857218,25.7797129246469],[-80.2447349495605,25.7797264725198],[-80.2445875907578,25.779722956226],[-80.2442622163953,25.7797283162966],[-80.2439581149855,25.7797334440729],[-80.2438818444326,25.779744113396],[-80.2438673647449,25.7793395732449],[-80.2434530680225,25.7793506489691],[-80.2434483146394,25.779350776802],[-80.2425165786276,25.7793756788311],[-80.2425186436918,25.7794662052227],[-80.242518660643,25.779466989719],[-80.2425318842208,25.7798670290553],[-80.2412435286496,25.779912076198],[-80.2411728627658,25.7799142856494],[-80.2411008669448,25.779916489935],[-80.2410231734828,25.7799188368709],[-80.2409456684531,25.779921182943],[-80.2408530054026,25.7799232106823],[-80.2408531442456,25.7799325674338],[-80.240797824514,25.7799345128602],[-80.2407269716747,25.7799358617908],[-80.2406502327721,25.779937352375],[-80.2405725436795,25.7799390103663],[-80.240497893363,25.7799405135768],[-80.2404099477008,25.7799421179411],[-80.2403415662838,25.7799434795863],[-80.2402678660589,25.7799449867364],[-80.2402078421238,25.7799462204535],[-80.2401213723301,25.77994839651],[-80.2401171624185,25.7799485017976],[-80.2401169260055,25.7799411673882],[-80.2400612429749,25.7799427044417],[-80.2399702619152,25.779943776367],[-80.2398952361555,25.7799445876779],[-80.2398270484334,25.7799454355793],[-80.239747274215,25.77994622381],[-80.2397498525599,25.7800184587585],[-80.2397519482476,25.7800771053147],[-80.239752111362,25.7800812331085],[-80.2397543526115,25.7801467613685],[-80.2397564439178,25.7802060957244],[-80.2397593439165,25.7802876179691],[-80.2397616236374,25.7803469551137],[-80.2397637018745,25.7804081840738],[-80.2397661072607,25.7804778374219],[-80.2397662683761,25.7804819661076],[-80.2397690304858,25.7805554043483],[-80.2397712450269,25.7806205885529],[-80.2397714269939,25.7806266075082],[-80.2397738434366,25.7806943707513],[-80.2397760998583,25.7807578338093],[-80.2397762663611,25.7807612737969],[-80.239778520779,25.7808247386493],[-80.2397811144862,25.78089456719],[-80.2397812708274,25.7809000705949],[-80.2397838371497,25.780974195632],[-80.239786107127,25.7810349074646],[-80.2397862723331,25.7810388637642],[-80.239788683303,25.7811074872056],[-80.2397907658445,25.7811681998631],[-80.2397909265703,25.7811730154672],[-80.2397933606712,25.7812378541939],[-80.2397962640939,25.7813186877191],[-80.2397985643504,25.7813895094482],[-80.2397920911408,25.7813896272713],[-80.2397935110486,25.781452629209],[-80.239795191945,25.7815166046698],[-80.2397969843274,25.7815929642424],[-80.2397984660437,25.7816583134055],[-80.2398001017971,25.7817296840845],[-80.2398017552808,25.7817979605527],[-80.2398032337081,25.7818638260157],[-80.2398050521117,25.7819365732939],[-80.2398067024145,25.7820051927527],[-80.2398081091161,25.7820649495702],[-80.2398084959021,25.782081379919],[-80.2398095413672,25.7821300827361],[-80.2398095443022,25.7821302479374],[-80.2398098154011,25.7821427736971],[-80.2398114722827,25.7822103614533],[-80.2398129604624,25.7822748540249],[-80.2398144453633,25.7823398610924],[-80.2398165748729,25.7824229255367],[-80.2398180685324,25.7824865588072],[-80.2398196847756,25.7825606788646],[-80.2398211771566,25.7826248257381],[-80.2398228251732,25.7826939614976],[-80.2398244941325,25.7827596555412],[-80.2401198577918,25.782756213174],[-80.2402045528111,25.7827543745052],[-80.2402147946403,25.7831417348235],[-80.2401281663047,25.7831449579979],[-80.240128723172,25.7831562955489],[-80.2399427255823,25.7831612038529],[-80.2399458537412,25.7832372977854],[-80.2399526570482,25.7833915781527],[-80.2399551373392,25.7834756219933],[-80.2395793471383,25.7833266464351],[-80.2395738285944,25.783170937551],[-80.2394640616209,25.7830824135636],[-80.2391526885362,25.7830689372443],[-80.2389425604047,25.7830643439989],[-80.2389422734731,25.7830555632741],[-80.2389379940182,25.7829242289352],[-80.2389357543076,25.7828585282949],[-80.238933526661,25.7827909375573],[-80.2389314685723,25.7827266171231],[-80.2389289070701,25.7826519749008],[-80.2389265154532,25.7825800830542],[-80.2389243018241,25.7825110779267],[-80.2389242976861,25.7825109452148],[-80.2389235391291,25.7824893614686],[-80.2389218882048,25.7824423217879],[-80.2389196848069,25.7823707766408],[-80.2389172689339,25.7823028428078],[-80.2389150654415,25.7822314691635],[-80.2389124963821,25.7821578568264],[-80.2389102610664,25.7820914701844],[-80.2389080301416,25.7820243957416],[-80.23890582885,25.7819526781944],[-80.2389034383325,25.7818806166477],[-80.2389010288544,25.7818119950204],[-80.2388988078206,25.7817433716703],[-80.2388964052456,25.7816732002187],[-80.238894200466,25.7816023428804],[-80.2388921128844,25.7815424913283],[-80.2388895613887,25.7814661295882],[-80.2388986915962,25.7814658532977],[-80.2388926788151,25.7813347716337],[-80.2388897924858,25.7812513556936],[-80.2388873975851,25.7811799828434],[-80.2388849967032,25.7811103286169],[-80.2388824355411,25.7810351700615],[-80.2388800492352,25.7809627637137],[-80.2388774735961,25.7808901866755],[-80.2388749276134,25.7808129629218],[-80.2388725271418,25.7807426208707],[-80.2388701232853,25.780672965722],[-80.2388675552462,25.7805993551803],[-80.2388651755349,25.7805259171276],[-80.2388627642,25.7804571221684],[-80.2388603692209,25.7803859208147],[-80.2388578001979,25.7803123093624],[-80.2388555669129,25.7802459227148],[-80.2388531830215,25.7801728285486],[-80.2388507639131,25.7801054091924],[-80.2388485383055,25.7800378202461],[-80.2388460992021,25.7799674418794],[-80.2388429926193,25.7798760525184],[-80.2388105919302,25.7798771349968],[-80.2387308795622,25.7798797996151],[-80.2386529591321,25.7798824058673],[-80.238581039783,25.7798848124029],[-80.238505860633,25.7798873255058],[-80.2384271394603,25.7798899572336],[-80.2383616742681,25.7798922494077],[-80.2383624650207,25.7800567787486],[-80.2383728210673,25.7803786368346],[-80.2383503583251,25.7803792233181],[-80.2382930961507,25.7803807153179],[-80.2379032945457,25.7803920875408],[-80.2378789814586,25.7803928213214],[-80.2375260337136,25.7804031796245],[-80.2374958295646,25.7804040530703],[-80.2374335763554,25.7804055655126],[-80.2374157831177,25.7798525083278],[-80.2373466326339,25.7798562782348],[-80.237240065215,25.7798593302236],[-80.2371074729609,25.7798632783172],[-80.2369353701326,25.7798682205153],[-80.2368061974766,25.7798720156662],[-80.2366699962758,25.7798759435274],[-80.236528286851,25.7798800147648],[-80.2364978924169,25.7798808870072],[-80.2364978699304,25.7798795717206],[-80.236422665548,25.7798816629765],[-80.2364272187912,25.7800232105683],[-80.2363379992749,25.7800256948988],[-80.2362528985274,25.7800278279985],[-80.2360429978792,25.7800332585446],[-80.235927122702,25.7800364349082],[-80.2359238533165,25.7798945519471],[-80.2357804328882,25.7798989591868],[-80.2357124258877,25.7799010156664],[-80.2356495493451,25.7799029140221],[-80.2355142960858,25.7799070181869],[-80.2354260705883,25.7799079546155],[-80.2354304329842,25.7800436294435],[-80.2353571399378,25.7800439727208],[-80.2353571179186,25.780042897543],[-80.2353267222332,25.7800441134448],[-80.2352378143036,25.7800475997818],[-80.2351760738205,25.780050029248],[-80.2351006538549,25.7800530718884],[-80.2350316943042,25.7800558036422],[-80.234943925864,25.780059296693],[-80.2348673683763,25.7800623332309],[-80.2347972661989,25.780065233077],[-80.2347193777849,25.7800682625372],[-80.2346570670517,25.7800706860753],[-80.2346460485105,25.7800711426284],[-80.2346324661066,25.7800716976229],[-80.2342697202666,25.7800846385658],[-80.234175309687,25.7800872368678],[-80.2341511880699,25.7800879710338],[-80.2340960977388,25.7800895712043],[-80.2339479296199,25.7800939498342],[-80.2337957707253,25.7800983072971],[-80.233518619195,25.7801063055329],[-80.2333568263522,25.7801091314299],[-80.2333563049039,25.7800928502062],[-80.2333532311616,25.7799746719872],[-80.2332181610216,25.7799767927492],[-80.232930260302,25.7799838684756],[-80.2329292601762,25.7799838929905],[-80.2326688816564,25.7799904001982],[-80.2325989867023,25.7799875916893],[-80.2325110949582,25.7799840644815],[-80.2322618620689,25.7799922084955],[-80.2322644437093,25.7801223912336],[-80.2319933629438,25.7801312779209],[-80.2319156423271,25.7801333183568],[-80.2319160070573,25.7801446449865],[-80.2318394186986,25.7801476608098],[-80.2315831724021,25.7801535298479],[-80.2315856470496,25.7803000491612],[-80.231587811641,25.7804357358829],[-80.2315900039553,25.7805671197947],[-80.2315924786115,25.7807136381974],[-80.231594980939,25.7808558619135],[-80.2315971533088,25.7809903418174],[-80.2315998029783,25.7811390979139],[-80.2316018269109,25.7812672160233],[-80.2316034910863,25.7813626597526],[-80.2316050323611,25.7814352440124],[-80.2315938960975,25.7814355372323],[-80.2315987764737,25.781504842633],[-80.2316013818525,25.7816310718435],[-80.2316040104841,25.7817536923627],[-80.2316070721373,25.7818974616496],[-80.2316099753741,25.7820364180471],[-80.2316130169647,25.7821834566364],[-80.2316138728655,25.7822274827033],[-80.2316148827425,25.782277011261],[-80.2312698452989,25.7822703629668],[-80.2312014159962,25.7822690454722],[-80.2308158268136,25.7822039660314],[-80.2308142601386,25.7821415780263],[-80.230813383464,25.782100818555],[-80.2308119522581,25.7820282475207],[-80.2308103029279,25.7819599710639],[-80.2308057979125,25.781891740889],[-80.2304477966594,25.7818895913606],[-80.2304231034213,25.7811205889197],[-80.2305131818953,25.7811175350781],[-80.2307945371096,25.781106298133],[-80.230793299658,25.7810332117952],[-80.230792043368,25.7809630463465],[-80.2307907561408,25.7808975230849],[-80.230789642676,25.7808345832354],[-80.230788380954,25.7807651055788],[-80.2307872819271,25.7806999272217],[-80.2307860368321,25.7806278716709],[-80.2307849134018,25.7805664771108],[-80.2307835032914,25.7804906367591],[-80.2307822436624,25.7804209894114],[-80.2307809885963,25.7803504800522],[-80.2307797421785,25.7802789390041],[-80.2307786154082,25.7802180625471],[-80.2307772308037,25.7801382677978],[-80.2307160587468,25.7801403499491],[-80.2306465341635,25.7801425621208],[-80.2305692193474,25.7801449045665],[-80.2305046317435,25.7801469703715],[-80.2304285705155,25.7801486342576],[-80.2304294047673,25.7801746260895],[-80.2303348359763,25.7801768518737],[-80.2302514592885,25.7801767565091],[-80.2301669430023,25.7801768238634],[-80.2300733096559,25.7801768438265],[-80.2299946824267,25.7801767716422],[-80.2299198515627,25.7801767195089],[-80.2298590756198,25.7801767417333],[-80.2298286876457,25.7801767532873],[-80.2297293567574,25.7801767446747],[-80.2296555921905,25.7801789267039],[-80.2296548500131,25.7801558391968],[-80.229638493852,25.7801562616934],[-80.2295760197472,25.7801578770198],[-80.2295087745122,25.7801595834957],[-80.2294354517767,25.7801614319657],[-80.2293533917288,25.7801634029166],[-80.2292758896959,25.7801653997713],[-80.2292162443832,25.7801668033615],[-80.229146531583,25.7801686699071],[-80.2290650397763,25.7801706455111],[-80.2289765192836,25.7801729277338],[-80.2289040867703,25.7801755578385],[-80.2289033049197,25.7801476806368],[-80.2288363217089,25.7801487987572],[-80.2287593789352,25.7801523454502],[-80.2287521578413,25.780152651084],[-80.2286811072261,25.78015588596],[-80.2286011257607,25.78015941646],[-80.2285268429234,25.7801628074332],[-80.228063540649,25.7801773831816],[-80.2280634284027,25.7800453089516],[-80.2277142600272,25.7800584165973],[-80.2273375513429,25.7800724097888],[-80.2272611469062,25.7800741180368],[-80.2272613792303,25.7800813459183],[-80.2271866710966,25.7800846770815],[-80.2268394069703,25.7800974479241],[-80.2268410194027,25.7802002868243],[-80.2265918172924,25.7802034332066],[-80.2261943207311,25.7802062635386],[-80.2261942010164,25.7801901406024],[-80.2261921908035,25.7801901876811],[-80.2261385393639,25.7801914278156],[-80.2259827830164,25.7801950358414],[-80.2259675892282,25.7801957800375],[-80.2257990427896,25.7802078128921],[-80.2255898913762,25.7802147821838],[-80.2255580681289,25.7802147373655],[-80.2255616606812,25.7803267532469],[-80.2255371059368,25.7803295399224],[-80.2255234296127,25.7803298110346],[-80.2253849587154,25.7803323423928],[-80.2252284407753,25.7803352920313],[-80.225083510447,25.7803381299084],[-80.2249306025603,25.7803409260465],[-80.2249291543725,25.7802422158661],[-80.2245711208972,25.7802461546316],[-80.2245711342255,25.7802451780315],[-80.2245198089464,25.7802477613796],[-80.2245196262697,25.7802468767081],[-80.2245194405963,25.7802459929233],[-80.224519392234,25.7802457642942],[-80.2245192469356,25.7802451109012],[-80.2245190482844,25.7802442297552],[-80.2245189455487,25.7802437769782],[-80.2245188456512,25.7802433476853],[-80.2245186350073,25.7802424709886],[-80.2245184719283,25.7802417922265],[-80.2245184194021,25.7802415906549],[-80.2245181987888,25.780240713905],[-80.2245179682764,25.7802398262706],[-80.2245177375997,25.7802389639096],[-80.224517500009,25.7802380915826],[-80.2245174308517,25.7802378411789],[-80.2245172534516,25.780237218305],[-80.2245170028889,25.7802363477142],[-80.2245168663745,25.7802358767041],[-80.2245167473297,25.780235478902],[-80.2245164857771,25.7802346118632],[-80.224516273936,25.7802339193014],[-80.2245162202368,25.7802337448031],[-80.2245159437008,25.7802328821976],[-80.2245156661795,25.7802320177816],[-80.2245156515423,25.7802319689603],[-80.2245153806592,25.7802311569336],[-80.2245150911453,25.780230296967],[-80.2245149971994,25.7802300256702],[-80.2245147956497,25.7802294369684],[-80.2245144941607,25.7802285787433],[-80.2245143188653,25.7802280921813],[-80.2245141846727,25.7802277240861],[-80.2245138731791,25.7802268712235],[-80.2245136085881,25.7802261648408],[-80.2245135537158,25.7802260174158],[-80.2245132282415,25.7802251680893],[-80.2245128977826,25.7802243187363],[-80.2245128723139,25.7802242490962],[-80.2245125613067,25.7802234747671],[-80.2245122218576,25.7802226280741],[-80.2245121050935,25.7802223395053],[-80.2245118743978,25.7802217867544],[-80.2245115219591,25.7802209445054],[-80.2245113108735,25.7802204424076],[-80.2245111645181,25.7802201049377],[-80.224510800075,25.7802192689434],[-80.2245104857013,25.7802185523661],[-80.22451043165,25.7802184320251],[-80.2245100562112,25.7802176004854],[-80.2245096787844,25.7802167680324],[-80.2245096365203,25.7802166748338],[-80.2245092903678,25.7802159391315],[-80.2245088999396,25.7802151129278],[-80.2245087553727,25.7802148070603],[-80.2245085045268,25.7802142866975],[-80.2245081001062,25.7802134658352],[-80.2245078482223,25.7802129517854],[-80.2245076946887,25.7802126449675],[-80.224507281284,25.7802118258626],[-80.2245069121019,25.7802111053826],[-80.2245068638621,25.7802110112495],[-80.2245064394499,25.7802101984045],[-80.2245060120527,25.7802093846409],[-80.2245059519728,25.7802092714889],[-80.2245055766389,25.7802085771531],[-80.2245051372374,25.7802077696441],[-80.2245049608563,25.7802074500673],[-80.2245046918307,25.7802069657137],[-80.2245042414275,25.780206163562],[-80.2245039467397,25.7802056393549],[-80.2245037860221,25.7802053640916],[-80.2245033236146,25.7802045681944],[-80.2245029016122,25.7802038447249],[-80.2245028602042,25.7802037731946],[-80.224502385804,25.7802029817468],[-80.2245019123891,25.7802021921095],[-80.2245018295027,25.7802020598803],[-80.2245014289812,25.7802014060297],[-80.2245009425767,25.7802006208364],[-80.2245007343814,25.7802002875502],[-80.2245004491759,25.7801998383139],[-80.2244999527491,25.7801990611912],[-80.2244996112401,25.7801985313186],[-80.2244994503406,25.7801982840365],[-80.2244989419153,25.7801975122658],[-80.2244984620903,25.7801967884881],[-80.2244984295022,25.7801967404737],[-80.2244979110723,25.7801959740655],[-80.2244973886428,25.7801952094413],[-80.2244972859409,25.7801950581508],[-80.2244968602141,25.7801944474931],[-80.22449632778,25.7801936882315],[-80.2244960867561,25.7801933439385],[-80.2244957913406,25.7801929316565],[-80.2244952449141,25.7801921777362],[-80.2244948595631,25.7801916440193],[-80.2244946984582,25.7801914283291],[-80.2244941450121,25.78019068069],[-80.2244936063498,25.7801899593066],[-80.2244935895603,25.7801899348455],[-80.2244930260919,25.7801891952768],[-80.2244924596268,25.7801884565948],[-80.2244923301013,25.7801882907188],[-80.2244918851626,25.7801877214808],[-80.2244913066932,25.7801869890534],[-80.2244910288353,25.7801866364402],[-80.2244907252094,25.7801862602206],[-80.2244901387233,25.780185534069],[-80.2244897025401,25.7801849982759],[-80.2244895462321,25.7801848114961],[-80.2244889507207,25.7801840934203],[-80.2244883492218,25.7801833762153],[-80.2244877427029,25.7801826643994],[-80.2244871311994,25.7801819525569],[-80.2244869788205,25.7801817748246],[-80.2244865156611,25.7801812479142],[-80.2244858961234,25.7801805450555],[-80.2244855794141,25.7801801877219],[-80.2244852715657,25.7801798475859],[-80.2244846410205,25.780179150987],[-80.2244841579633,25.7801786176519],[-80.2244840084638,25.7801784570854],[-80.2244833688933,25.7801777685623],[-80.2244827193886,25.7801770745704],[-80.2244820787272,25.7801764004839],[-80.2244814271347,25.7801757209233],[-80.22448124293,25.7801755312869],[-80.2244807695313,25.7801750458439],[-80.2244801089076,25.7801743752617],[-80.224479754338,25.7801740141156],[-80.2244794442845,25.7801737064634],[-80.2244787736445,25.780173043049],[-80.2244782386994,25.7801725166586],[-80.2244781000136,25.7801723796187],[-80.2244774203424,25.7801717251827],[-80.2244767406713,25.7801710707467],[-80.2244767030046,25.7801710371477],[-80.2244760519983,25.7801704207759],[-80.224475360311,25.7801697743998],[-80.2244751462508,25.7801695764803],[-80.2244746626068,25.7801691334074],[-80.2244739628853,25.7801684960149],[-80.2244735664441,25.7801681346457],[-80.2244732591643,25.7801678604064],[-80.2244725494205,25.7801672310844],[-80.2244719655666,25.7801667134598],[-80.2244718386739,25.7801666026597],[-80.2244711219047,25.7801659805214],[-80.2244704011359,25.7801653601672],[-80.2244703436301,25.7801653111173],[-80.2244696743326,25.7801647479046],[-80.2244689465441,25.7801641338315],[-80.2244686996259,25.7801639294183],[-80.2244682127094,25.7801635296553],[-80.2244674768868,25.7801629245659],[-80.2244670385505,25.780162566584],[-80.2244667360442,25.7801623248657],[-80.2244659901816,25.7801617305546],[-80.2244653543987,25.780161226193],[-80.2244652413224,25.7801611371302],[-80.2244644884285,25.7801605509055],[-80.2244637325261,25.7801599673727],[-80.224463652167,25.7801599064666],[-80.224462970601,25.7801593901264],[-80.2244622076731,25.7801588137774],[-80.2244619288762,25.7801586055837],[-80.2244614397135,25.7801582446228],[-80.2244606677544,25.7801576772522],[-80.2244601864969,25.7801573271653],[-80.2244598917665,25.7801571161787],[-80.2244591127643,25.7801565586997],[-80.2244584250406,25.7801560694063],[-80.2244583297626,25.7801560030047],[-80.2244575417233,25.7801554554067],[-80.2244567536841,25.7801549078088],[-80.2244566454986,25.7801548332145],[-80.2244559586193,25.7801543673946],[-80.2244551605343,25.7801538314776],[-80.224454848856,25.7801536204006],[-80.224454360432,25.7801532991604],[-80.2244535553274,25.7801527695245],[-80.2244530321278,25.7801524300459],[-80.2244527481819,25.780152247099],[-80.2244519370194,25.7801517291653],[-80.2244511993136,25.7801512603665],[-80.2244511228542,25.7801512130209],[-80.2244503036574,25.780150704071],[-80.2244494834519,25.7801501969209],[-80.2244493474049,25.7801501140542],[-80.2244486572296,25.7801496951547],[-80.224447829981,25.7801491978963],[-80.2244474813923,25.7801489902331],[-80.2244469977066,25.7801487069296],[-80.2244461644235,25.780148217763],[-80.2244455962852,25.7801478897793],[-80.2244453241207,25.7801477348774],[-80.2244444847856,25.7801472565102],[-80.2244436950804,25.7801468118058],[-80.2244436404481,25.7801467808244],[-80.2244427930728,25.7801463123436],[-80.2244419436919,25.7801458456574],[-80.2244417807627,25.7801457572315],[-80.2244410882825,25.7801453861603],[-80.2244402328495,25.7801449302737],[-80.2244398483475,25.7801447260297],[-80.2244393724025,25.7801444788736],[-80.2244385099264,25.7801440328786],[-80.2244379008197,25.7801437191189],[-80.224437644436,25.7801435904781],[-80.2244367769107,25.7801431543854],[-80.2244359391821,25.7801427356019],[-80.2244359063827,25.780142720082],[-80.2244350308231,25.7801422929729],[-80.2244341542373,25.7801418703717],[-80.2244339614232,25.7801417781759],[-80.2244332736226,25.7801414540676],[-80.2244323919992,25.7801410395633],[-80.2244319725572,25.7801408423543],[-80.2244315073497,25.7801406304589],[-80.2244306186773,25.780140226749],[-80.2244299665729,25.7801399326184],[-80.2244297289728,25.7801398284494],[-80.2244288352569,25.7801394337391],[-80.2244279454937,25.7801390444657],[-80.2244270407352,25.7801386614311],[-80.2244261409497,25.7801382802282],[-80.2244259182391,25.7801381860677],[-80.2244252371295,25.780137906225],[-80.2244243312919,25.7801375358217],[-80.2244238758837,25.7801373501554],[-80.2244234224283,25.7801371708182],[-80.2244225145147,25.7801368130409],[-80.2244218184157,25.7801365385342],[-80.2244216006135,25.7801364561344],[-80.2244206846657,25.7801361073409],[-80.2244197597571,25.7801357566942],[-80.2244188477031,25.7801354223639],[-80.2244179257032,25.7801350843699],[-80.224417671067,25.7801349936499],[-80.2244170016448,25.7801347562942],[-80.2244160745839,25.7801344300077],[-80.224415582189,25.7801342594893],[-80.2244151464791,25.7801341109369],[-80.2244142173479,25.7801337963738],[-80.2244134801983,25.7801335487279],[-80.2244132832086,25.7801334853947],[-80.2244123480313,25.7801331807286],[-80.2244114108425,25.7801328787598],[-80.2244113680503,25.7801328667972],[-80.2244104725922,25.7801325867145],[-80.2244095323363,25.7801322964638],[-80.2244092467713,25.7801322091894],[-80.2244085900453,25.7801320125208],[-80.2244076457312,25.7801317330803],[-80.2244071153469,25.7801315786072],[-80.224406699388,25.7801314590449],[-80.2244057510215,25.7801311895119],[-80.2244049747916,25.7801309723478],[-80.2244048016229,25.7801309253894],[-80.2244038511863,25.7801306675799],[-80.2244028987381,25.7801304124677],[-80.2244028260787,25.7801303940273],[-80.2244019412466,25.7801301663551],[-80.2244009847402,25.780129922053],[-80.2244006672321,25.7801298409269],[-80.2244000271959,25.780129684064],[-80.2243990676283,25.7801294505774],[-80.2243985012308,25.780129314868],[-80.2243981060316,25.780129222496],[-80.2243971433969,25.7801290007276],[-80.2243963280866,25.7801288140453],[-80.2243961787565,25.7801287807538],[-80.2243952130488,25.7801285716061],[-80.2243942483322,25.7801283633664],[-80.224394146779,25.780128342064],[-80.2243932785721,25.7801281641263],[-80.2243923078152,25.7801279648809],[-80.2243919603165,25.7801278962321],[-80.2243913379905,25.7801277755696],[-80.2243903651575,25.7801275889503],[-80.2243897657142,25.7801274756311],[-80.2243893932862,25.780127407752],[-80.2243884183771,25.7801272337588],[-80.2243875659393,25.7801270838874],[-80.2243874424593,25.7801270615654],[-80.2243864644831,25.7801268992903],[-80.2243854874862,25.7801267397283],[-80.2243853600184,25.7801267173851],[-80.2243845084602,25.7801265855715],[-80.224383528402,25.780126436825],[-80.2243831469311,25.7801263797296],[-80.2243825483028,25.7801262943969],[-80.2243815651834,25.780126156466],[-80.2243809336677,25.7801260691527],[-80.2243805840285,25.7801260230588],[-80.2243796008386,25.7801258959593],[-80.2243787112616,25.780125784704],[-80.2243786156314,25.7801257724597],[-80.2243776303655,25.7801256579863],[-80.2243766450937,25.7801255444155],[-80.2243764876825,25.7801255273286],[-80.2243756577694,25.7801254398603],[-80.2243746694363,25.780125337105],[-80.2243742609306,25.7801252979185],[-80.2243736840354,25.7801252433919],[-80.2243726946233,25.780125153268],[-80.2243720290237,25.7801250946579],[-80.2243717051818,25.7801250676572],[-80.2243707166844,25.7801249901753],[-80.2243697949411,25.7801249193678],[-80.2243697251844,25.7801249144827],[-80.2243687336258,25.7801248478163],[-80.2243677440492,25.7801247829658],[-80.2243675576915,25.7801247711405],[-80.2243667514232,25.7801247271256],[-80.2243657597707,25.7801246749011],[-80.2243653192571,25.7801246517917],[-80.2243647690798,25.7801246280977],[-80.2243637743718,25.7801245857862],[-80.2243630786586,25.7801245586084],[-80.2243627826195,25.7801245489063],[-80.2243617888263,25.7801245192368],[-80.2243608388868,25.7801244916063],[-80.2243607960183,25.7801244913778],[-80.2243598031457,25.7801244734476],[-80.2243588092703,25.7801244564148],[-80.2243585969333,25.7801244534775],[-80.2243578163273,25.7801244493161],[-80.2243568223756,25.7801244440173],[-80.2243563538009,25.7801244433246],[-80.2243558303708,25.7801244459501],[-80.2243548363311,25.7801244541907],[-80.2243541114834,25.7801244611583],[-80.2243538412768,25.7801244651338],[-80.2243528491664,25.7801244833138],[-80.224351862023,25.7801245042283],[-80.2243508628636,25.7801245332025],[-80.2243498706533,25.780124566727],[-80.2243496303198,25.7801245762777],[-80.2243488773992,25.7801246074673],[-80.2243478841216,25.780124651818],[-80.2243473884768,25.78012467445],[-80.2243468928027,25.7801247015951],[-80.2243459004515,25.7801247567825],[-80.2243451504338,25.7801248015274],[-80.2243449100591,25.7801248173964],[-80.2243439186345,25.7801248834206],[-80.224342921193,25.7801249548287],[-80.2243419376676,25.7801250326295],[-80.2243409491399,25.7801251131116],[-80.2243406818008,25.7801251360581],[-80.2243399605594,25.7801252017173],[-80.2243389729523,25.7801252939389],[-80.2243384502081,25.7801253444086],[-80.2243379862952,25.7801253933867],[-80.2243369966238,25.780125496429],[-80.224336223418,25.780125580767],[-80.224336010899,25.780125605811],[-80.2243350251449,25.780125719706],[-80.2243340423523,25.7801258381301],[-80.2243340004455,25.7801258433226],[-80.224333057513,25.7801259646672],[-80.2243320746499,25.7801260939227],[-80.2243317802936,25.7801261320702],[-80.2243310907488,25.7801262294913],[-80.2243301108003,25.7801263704969],[-80.2243295659355,25.7801264497336],[-80.2243291288226,25.7801265169075],[-80.2243281507916,25.7801266696578],[-80.2243273553948,25.7801267935942],[-80.2243271717461,25.7801268251107],[-80.2243261946475,25.7801269877951],[-80.2243252195134,25.7801271550032],[-80.2243251496511,25.7801271663653],[-80.2243242433413,25.7801273285244],[-80.2243232691395,25.7801275056668],[-80.2243229517067,25.7801275662575],[-80.2243222958995,25.7801276882301],[-80.2243213256034,25.7801278780304],[-80.2243207585886,25.7801279905471],[-80.2243203562807,25.7801280714464],[-80.2243193869169,25.7801282711809],[-80.224318573264,25.7801284428605],[-80.2243184195294,25.7801284736337],[-80.2243174520773,25.7801286860155],[-80.2243164886071,25.7801288993211],[-80.2243163927656,25.7801289195712],[-80.2243155250841,25.7801291207503],[-80.2243145625345,25.7801293457954],[-80.2243142220487,25.7801294252189],[-80.2243136019377,25.7801295771693],[-80.2243126433231,25.7801298103592],[-80.2243120571374,25.7801299579772],[-80.2243116876406,25.7801300525912],[-80.2243107289379,25.7801302993204],[-80.224309902037,25.7801305151594],[-80.2243097761992,25.7801305487893],[-80.2243088244046,25.7801308063872],[-80.2243078735894,25.7801310666982],[-80.224307754736,25.7801310994627],[-80.2243069237241,25.7801313342355],[-80.2243059788083,25.7801316072151],[-80.2243056162255,25.7801317117951],[-80.2243050328663,25.7801318847025],[-80.2243040888946,25.780132165811],[-80.2243034855378,25.7801323476382],[-80.2243031498724,25.7801324523618],[-80.2243022088152,25.7801327452203],[-80.2243013666315,25.7801330115264],[-80.2243012707195,25.7801330426079],[-80.2243003345708,25.7801333472271],[-80.2242994014128,25.7801336518622],[-80.2242992565332,25.7801337007357],[-80.22429847019,25.7801339655342],[-80.2242975389437,25.7801342828166],[-80.2242971582339,25.7801344152823],[-80.2242966146408,25.780134605552],[-80.2242956883088,25.7801349336925],[-80.2242950687426,25.78013515515],[-80.2242947639296,25.7801352681619],[-80.2242938435205,25.7801356053605],[-80.2242929930442,25.7801359203656],[-80.2242929240849,25.7801359461749],[-80.2242920075873,25.7801362951288],[-80.2242910950598,25.7801366468119],[-80.2242909281359,25.7801367127183],[-80.2242901824853,25.7801370057159],[-80.224289273881,25.780137367349],[-80.2242888750383,25.7801375286029],[-80.2242883682264,25.7801377353165],[-80.2242874615456,25.7801381077917],[-80.2242868357277,25.7801383707379],[-80.2242865598201,25.7801384848066],[-80.2242856610443,25.7801388681558],[-80.2242848062514,25.7801392336864],[-80.2242847642565,25.7801392524182],[-80.2242838713919,25.7801396466308],[-80.2242829775186,25.7801400426432],[-80.2242827915355,25.7801401265011],[-80.2242820905829,25.7801404450113],[-80.2242812036236,25.7801408509898],[-80.2242807896271,25.780141042853],[-80.224280319614,25.7801412633026],[-80.2242794395746,25.7801416783445],[-80.2242788005322,25.7801419818396],[-80.2242785594941,25.7801420997048],[-80.2242776843749,25.7801425247021],[-80.2242768202161,25.7801429506605],[-80.2242759410151,25.7801433900786],[-80.2242750747803,25.780143828663],[-80.2242748677204,25.7801439340722],[-80.2242742134714,25.7801442763003],[-80.2242733521625,25.7801447239376],[-80.2242729270001,25.7801449464316],[-80.2242724938034,25.7801451779092],[-80.2242716384116,25.7801456355072],[-80.2242709950996,25.7801459823069],[-80.2242707869782,25.7801460976396],[-80.2242699384945,25.7801465661063],[-80.2242690889787,25.7801470399833],[-80.2242682514144,25.7801475157295],[-80.2242674108299,25.7801479959727],[-80.2242671856724,25.7801481247544],[-80.2242665741921,25.7801484825556],[-80.2242657415245,25.7801489718676],[-80.2242653061636,25.7801492295106],[-80.2242649098186,25.7801494666006],[-80.2242640860588,25.7801499658893],[-80.2242634414504,25.7801503587174],[-80.2242632622697,25.7801504696911],[-80.2242624434301,25.7801509789352],[-80.2242616255639,25.7801514917951],[-80.2242615935443,25.7801515096774],[-80.22426081365,25.7801520092],[-80.2242600037065,25.780152530226],[-80.2242597654243,25.7801526842119],[-80.2242591977156,25.780153056689],[-80.22425839668,25.7801535876916],[-80.2242579531146,25.7801538804944],[-80.2242575956326,25.7801541204996],[-80.224256801511,25.7801546614683],[-80.2242561596057,25.7801550985407],[-80.2242560083864,25.7801552024423],[-80.2242552211846,25.7801557524744],[-80.2242544349858,25.7801563016093],[-80.224254383901,25.7801563383457],[-80.2242536547098,25.7801568598022],[-80.2242528764218,25.7801574189084],[-80.2242526260002,25.7801575999092],[-80.2242521040744,25.7801579843648],[-80.2242513336974,25.7801585534424],[-80.2242508898912,25.7801588832526],[-80.2242505692786,25.7801591261623],[-80.2242498068301,25.7801597025033],[-80.2242491705894,25.7801601883493],[-80.224249047349,25.7801602824708],[-80.2242482928115,25.7801608687832],[-80.224247541253,25.7801614569168],[-80.224247471103,25.7801615125073],[-80.2242467976232,25.7801620523139],[-80.2242460529905,25.7801626486083],[-80.2242457924116,25.7801628584399],[-80.2242453143042,25.7801632503503],[-80.2242445795881,25.7801638548215],[-80.2242441335239,25.780164225239],[-80.2242438478218,25.7801644656269],[-80.2242431220253,25.7801650782694],[-80.2242424964515,25.7801656102075],[-80.2242423981992,25.7801656945331],[-80.2242416813048,25.780166318055],[-80.2242409634134,25.7801669415715],[-80.2242408771772,25.7801670178373],[-80.2242402564531,25.7801675705623],[-80.2242395494635,25.7801682040661],[-80.2242392817063,25.7801684445496],[-80.2242388464381,25.7801688412017],[-80.2242381493709,25.7801694819797],[-80.2242377070537,25.7801698894261],[-80.2242374552828,25.7801701245789],[-80.2242367661383,25.780170773523],[-80.2242361561927,25.7801713551903],[-80.2242360809699,25.7801714242936],[-80.2242354017478,25.7801720805118],[-80.224234723511,25.7801727385406],[-80.2242346241619,25.7801728382054],[-80.2242340532144,25.7801734020276],[-80.2242333858911,25.7801740682385],[-80.2242331159462,25.7801743384979],[-80.2242327225438,25.7801747362758],[-80.2242320641342,25.7801754115608],[-80.2242316295283,25.7801758596676],[-80.2242314096948,25.7801760895748],[-80.2242307602283,25.7801767694206],[-80.2242301649314,25.780177398104],[-80.2242301147261,25.7801774528982],[-80.2242294751645,25.780178142726],[-80.2242288385937,25.7801788325698],[-80.2242287241496,25.7801789538179],[-80.2242282079752,25.7801795269586],[-80.2242275793271,25.7801802249685],[-80.2242273081739,25.780180527717],[-80.2242269576399,25.7801809257235],[-80.2242263409082,25.7801816310182],[-80.2242259150105,25.7801821197909],[-80.2242257261703,25.7801823363235],[-80.224225120352,25.7801830498002],[-80.2242245466766,25.7801837264395],[-80.2242245145337,25.7801837632769],[-80.2242239166557,25.7801844822119],[-80.2242233217569,25.7801852029681],[-80.2242232001698,25.7801853494523],[-80.2242227338131,25.7801859273719],[-80.2242221488425,25.7801866544996],[-80.2242218794542,25.780186992461],[-80.2242215688273,25.780187386167],[-80.2242209957848,25.7801881187742],[-80.2242205835742,25.7801886491419],[-80.2242204257096,25.7801888550078],[-80.2242198605899,25.7801895957812],[-80.2242193044895,25.7801903293813],[-80.2242187442546,25.7801910855258],[-80.224218193045,25.7801918335945],[-80.2242180642914,25.7801920089254],[-80.2242176487905,25.7801925853109],[-80.2242171075093,25.7801933397511],[-80.2242168448823,25.7801937111467],[-80.2242165731772,25.7801940987417],[-80.2242160428212,25.7801948595587],[-80.2242156473003,25.7801954297321],[-80.2242155174382,25.7801956222075],[-80.2242149970046,25.7801963902987],[-80.224214479556,25.7801971593085],[-80.2242139720592,25.7801979310792],[-80.2242134675356,25.7801987055738],[-80.2242133356209,25.7801989070648],[-80.2242129679791,25.7801994828028],[-80.2242124733956,25.7802002618636],[-80.2242122185211,25.7802006676014],[-80.2242119837674,25.7802010454641],[-80.2242115001033,25.7802018318044],[-80.2242111272537,25.7802024418155],[-80.2242110204152,25.7802026199712],[-80.224210546697,25.7802034099751],[-80.2242100769489,25.7802042027082],[-80.2242100618245,25.7802042288045],[-80.2242096151588,25.7802049981916],[-80.2242091573388,25.7802057964042],[-80.2242090252245,25.7802060285844],[-80.2242087054829,25.7802065973565],[-80.2242082566002,25.7802074010327],[-80.2242080134659,25.7802078411339],[-80.2242078146843,25.7802082065513],[-80.2242073787266,25.7802090157123],[-80.2242070305422,25.7802096655716],[-80.2242069447628,25.7802098248839],[-80.2242065217419,25.7802106377244],[-80.2242060987151,25.7802114514676],[-80.2242060724716,25.7802115009736],[-80.2242056846255,25.7802122706744],[-80.2242052735267,25.7802130898971],[-80.2242051442154,25.7802133509771],[-80.224204871377,25.7802139127782],[-80.224204471227,25.7802147347672],[-80.2242042438207,25.7802152092531],[-80.2242040770235,25.7802155622039],[-80.2242036898044,25.7802163887751],[-80.2242033712699,25.7802170785093],[-80.2242033065555,25.7802172180755],[-80.2242029302675,25.780218050121],[-80.2242025579438,25.7802188857982],[-80.2242025245691,25.7802189587352],[-80.2242021915901,25.7802197233125],[-80.2242018322267,25.7802205590589],[-80.2242017087032,25.7802208499573],[-80.2242014758188,25.7802214002369],[-80.2242011283718,25.780222243268],[-80.2242009187048,25.7802227494413],[-80.2242007829186,25.7802230863097],[-80.2242004444264,25.7802239320965],[-80.2242001585326,25.7802246617214],[-80.2242001119041,25.7802247797204],[-80.2241997873456,25.7802256291921],[-80.2241994627753,25.780226480469],[-80.2241994262454,25.7802265786635],[-80.2241991501566,25.780227333615],[-80.2241988365352,25.7802281876583],[-80.2241987237901,25.7802285074991],[-80.2241985328772,25.7802290426574],[-80.2241982351716,25.7802299022014],[-80.2241980481995,25.7802304446019],[-80.2241979414537,25.7802307617667],[-80.2241976556996,25.7802316231799],[-80.224197403467,25.7802323890904],[-80.2241973709367,25.7802324855009],[-80.2241970971224,25.7802333505883],[-80.224196826299,25.7802342156916],[-80.224196784614,25.7802343400355],[-80.2241965624424,25.7802350826374],[-80.2241963045616,25.7802359505177],[-80.2241962006012,25.7802362992903],[-80.2241960496599,25.7802368202192],[-80.2241958027221,25.7802376917684],[-80.2241956424619,25.7802382659042],[-80.2241955597661,25.7802385642416],[-80.2241953257826,25.7802394367625],[-80.2241951131928,25.7802402389906],[-80.2241950927784,25.7802403119967],[-80.2241948727227,25.7802411891052],[-80.2241946516584,25.7802420680137],[-80.2241946147879,25.7802422185602],[-80.2241944405752,25.78024294517],[-80.2241942334563,25.7802438259581],[-80.224194146256,25.780244203705],[-80.224194033316,25.7802447067834],[-80.2241938381428,25.7802455903432],[-80.2241937065944,25.7802461953223],[-80.2241936489631,25.7802464721296],[-80.2241934657532,25.7802473557532],[-80.2241932958089,25.7802481925095],[-80.2241932865135,25.7802482421059],[-80.2241931162639,25.7802491257985],[-80.2241929499668,25.7802500149282],[-80.2241929159051,25.780250193472],[-80.2241927916629,25.7802509013925],[-80.2241926373292,25.780251790586],[-80.2241925658862,25.7802521982044],[-80.2241924889771,25.7802526798113],[-80.2241923446069,25.7802535699605],[-80.2241922477459,25.7802542067175],[-80.2241922082063,25.7802544610549],[-80.2241920777757,25.7802553539864],[-80.2241919544177,25.7802562325132],[-80.2241918348713,25.7802571381399],[-80.2241917223857,25.7802580311671],[-80.2241916961293,25.7802582359294],[-80.2241916158582,25.7802589278367],[-80.2241915153359,25.7802598209277],[-80.2241914656437,25.7802602566444],[-80.2241914187896,25.7802607158452],[-80.2241913302072,25.7802616126105],[-80.2241912670486,25.7802622793346],[-80.2241912456066,25.7802625102996],[-80.2241911709813,25.7802634071393],[-80.2241910973648,25.7802643021791],[-80.2241457469232,25.7802665850772],[-80.2239267466247,25.7802692010186],[-80.2238188610372,25.7802705156735],[-80.2237193319444,25.7802717042325],[-80.2234965321677,25.7802744716608],[-80.223481337637,25.780274561169],[-80.2233988417645,25.7802762321665],[-80.2234036198015,25.7804252839429],[-80.2233320337296,25.7804240524295],[-80.223180071214,25.7804277138052],[-80.2230182266219,25.7804318358592],[-80.2230188081797,25.7804591803348],[-80.2228596288723,25.780462628623],[-80.2226890532291,25.7804663606654],[-80.2225213345638,25.7804710654897],[-80.2225209017896,25.7804710785221],[-80.2224376319246,25.7804735445867],[-80.2224357489809,25.7804147690878],[-80.2223759982008,25.7804168824019],[-80.2223687801896,25.7804170171332],[-80.2215794619761,25.7804360847521],[-80.2212548561512,25.7804439248474],[-80.2211156479232,25.7804472849503],[-80.2209686145139,25.780452001231],[-80.2208115137111,25.7804570055533],[-80.220659921012,25.7804620401126],[-80.2205142186361,25.7804665897535],[-80.2203719358613,25.7804711440324],[-80.2202875628521,25.7804738340333],[-80.2202889778782,25.7805180111346],[-80.2202003036388,25.7805202781585],[-80.2200485060747,25.7805272020386],[-80.2198647940108,25.7805356750956],[-80.219864014428,25.7804806442909],[-80.2194846197167,25.780498040907],[-80.219409743511,25.7804995726918],[-80.2194110379567,25.7805514605122],[-80.2193212919626,25.7805549416361],[-80.2188754454518,25.7805747440047],[-80.2186446329553,25.7805795614435],[-80.2186055347943,25.7805802604387],[-80.2178649830066,25.7805934922088],[-80.2178583566511,25.7802279346134],[-80.2178545588669,25.7801277946692],[-80.2172507053342,25.7801455772715],[-80.2165394417748,25.7801804592808],[-80.2163711233764,25.7801881785758],[-80.2163786697102,25.7806583838065],[-80.2162951953266,25.7806596293758],[-80.2158701700924,25.780668053834],[-80.2158684246284,25.780554135114],[-80.2157814388043,25.7805558588264],[-80.2157802931315,25.7805558806334],[-80.2156748188945,25.7805579722014],[-80.2156411618534,25.7805584289356],[-80.2155898656486,25.7805591290588],[-80.2155419824285,25.7805597798667],[-80.2153345148729,25.7805638910882],[-80.2153189950721,25.780221548707],[-80.2153132293686,25.7802217288322],[-80.2152418362192,25.7802239497345],[-80.2152376031461,25.7800809016394],[-80.2152308322252,25.7798688447167],[-80.2149347134114,25.7798801614825],[-80.2147117508008,25.7799011219857],[-80.21430564804,25.7799076988328],[-80.214308619477,25.7800332431146],[-80.2143101267154,25.7800927486725],[-80.2143140819769,25.7802528283214],[-80.2139135903497,25.7802629826779],[-80.213912284095,25.7802630153371],[-80.2138282199286,25.7802651463237],[-80.2136564619871,25.7802695004633],[-80.2133428116124,25.7802794031485],[-80.2131527554746,25.7802855190262],[-80.2131678140275,25.7808577726152],[-80.2131708392065,25.7809727218451],[-80.2131808878726,25.7812942890754],[-80.2138611961783,25.7814813123757],[-80.2138634645476,25.7815565994896],[-80.2138756335291,25.7817850226512],[-80.2138890646267,25.7819658187799],[-80.2138960076111,25.7820573346518],[-80.2138996646207,25.782106030819],[-80.2139175604843,25.7823754355143],[-80.2133965166973,25.78215998163],[-80.212099252074,25.7816496271363],[-80.2113930079465,25.7813270907014],[-80.2108303577392,25.7809777872255],[-80.2109500079032,25.7808497992851],[-80.2109702827641,25.7808292664988],[-80.2110628900974,25.7807361610033],[-80.2113434010158,25.7804541390258],[-80.2113460459174,25.7803766552913],[-80.2113470986795,25.7803457542006],[-80.211340460012,25.7803458743745],[-80.2113224135488,25.7803462035063],[-80.2105336344921,25.7803726835286],[-80.2103887773371,25.7803771066533],[-80.2101472421003,25.780382162928],[-80.2099749434584,25.7802137521912],[-80.2096122807233,25.7798537268101],[-80.2093922185792,25.7796164507917],[-80.2089713838629,25.7794161424549],[-80.209055449885,25.7792733784487],[-80.2090974822651,25.7791862934427],[-80.2092739906298,25.7787737408419],[-80.2093107995711,25.7786690608705],[-80.2095703041565,25.7788912341865],[-80.2101626896056,25.7793523672491],[-80.2102593448967,25.7794365063452],[-80.2104952749388,25.7794345092114],[-80.2112920495669,25.7794123854952],[-80.2112968629072,25.7794787267134],[-80.2113008902269,25.7796161411869],[-80.2113046120663,25.7797430642846],[-80.2113052561702,25.7797600917901],[-80.2113102169164,25.7799289786639],[-80.2114633337841,25.779923447592],[-80.2115571776209,25.7799201722428],[-80.2116989376453,25.7798798426269],[-80.2120131457406,25.7798688217856],[-80.2121586594789,25.7798637615086],[-80.212311779724,25.7798583071877],[-80.2123136734268,25.779858238909],[-80.2126225616529,25.7798473594526],[-80.2127728270242,25.7798419821691],[-80.2129230912606,25.7798367753253],[-80.2130644277674,25.779831693349],[-80.2131460528214,25.7798146341845],[-80.2132344536577,25.7797961574408],[-80.2133839547525,25.7797914632125],[-80.2135319365077,25.7797867606178],[-80.213683906004,25.7797820794234],[-80.2138280892686,25.7797775293078],[-80.2139861373542,25.7797725358287],[-80.2141460877206,25.7797673809482],[-80.2143022374704,25.7797625510839],[-80.2142997538718,25.779649217804],[-80.2142981163874,25.7795804268579],[-80.2142963346623,25.7795049284257],[-80.2142946967692,25.7794366537932],[-80.2142936657529,25.7793914253453],[-80.2142853784406,25.7793199176097],[-80.2142771325462,25.7792487828922],[-80.2142738585992,25.7791112009976],[-80.214272216193,25.7790436132556],[-80.2142703959638,25.7789739619922],[-80.214267273658,25.7788425703987],[-80.2142636411379,25.778702063772],[-80.2142624673051,25.7786496106215],[-80.2142603805187,25.7785627632893],[-80.2142569023162,25.7784275867506],[-80.2142543730568,25.778292586838],[-80.2142509581538,25.7781479535466],[-80.2142488532566,25.778063856493],[-80.2142476717683,25.7780122635245],[-80.2142444029721,25.7778745092286],[-80.2142409644217,25.7777333158103],[-80.2142400933924,25.7776925581514],[-80.2142378546049,25.7776000323032],[-80.2142347129302,25.7774717366796],[-80.214230482032,25.777335352821],[-80.2142261431412,25.7771867600007],[-80.2142219526266,25.7770447013783],[-80.2142180732357,25.7769126205497],[-80.214213893206,25.7767686691162],[-80.2142098492098,25.7766329740755],[-80.2142061340664,25.7765050192494],[-80.2142039375122,25.7764584494666],[-80.2142008024246,25.7764564358686],[-80.2141924353074,25.7760909147413],[-80.2141785537141,25.7754846759742],[-80.2141784816166,25.7754815460877],[-80.214176659832,25.7754816039485],[-80.2141735652615,25.7753382965251],[-80.2141732692064,25.7753243678966],[-80.2141702696961,25.7752320094154],[-80.2141661827039,25.7751028493213],[-80.2141620843896,25.7749754087175],[-80.2144080256219,25.7749681470287],[-80.214466308673,25.774966423476],[-80.2145805504347,25.7749630504095],[-80.2146033451588,25.7749623141156],[-80.2148240131502,25.7749547447119],[-80.2150370668336,25.7749474353853],[-80.2150593991719,25.774946669446],[-80.2155619874486,25.7749294264736],[-80.2155481277388,25.7745366606779],[-80.2155513492091,25.7744715597489],[-80.2163724080502,25.7744487297117],[-80.2163871635192,25.7749099755725],[-80.2163939237797,25.77527694859],[-80.2163999014317,25.7753680070248],[-80.2155794461988,25.7754211875479],[-80.2152708253026,25.7754321417372],[-80.2152764358938,25.7755259783925],[-80.2152791625066,25.7756532843057],[-80.2152821261081,25.7757916968332],[-80.2152849056101,25.7759200564231],[-80.2152879775037,25.7760617091508],[-80.2152908821329,25.7761975695533],[-80.2152937844903,25.7763337756571],[-80.2152963141002,25.7764686013975],[-80.2153008723141,25.7766073953051],[-80.2153052939027,25.7767449843346],[-80.2153095659339,25.776878787732],[-80.2153121229957,25.7769582178125],[-80.2153139826923,25.7770162034212],[-80.2153183915295,25.7771548241065],[-80.2153229631763,25.777296884774],[-80.2153249005403,25.7774356627276],[-80.2153282125076,25.7775656806262],[-80.215328930229,25.7775949430801],[-80.2153294171537,25.7776150369489],[-80.2153306276611,25.7776619868309],[-80.2153314966639,25.7777032607964],[-80.2153348900905,25.7778399921573],[-80.2153349480801,25.7778423917207],[-80.2153384263788,25.7779777397704],[-80.2153416998351,25.7781149777701],[-80.2153453053402,25.7782597844947],[-80.2153453286161,25.7782606412375],[-80.2153490906849,25.7784066547474],[-80.2153491833015,25.7784101557335],[-80.2153499104418,25.7784372293025],[-80.2153524465912,25.7785315124016],[-80.2153561052748,25.7786682370542],[-80.215358445447,25.7787515446442],[-80.2153600735568,25.7788106392529],[-80.2153636062144,25.7789415167405],[-80.2153659455301,25.7790279863146],[-80.215367430642,25.7790830552226],[-80.2153712572581,25.7792230492754],[-80.2153730196407,25.7792732516724],[-80.2153760544665,25.7793597791525],[-80.2153800459913,25.7794750098198],[-80.2153846820581,25.7796074421978],[-80.2153896559948,25.7797464079884],[-80.2155465653707,25.7797415808832],[-80.2156677594072,25.7797379340169],[-80.2156981518413,25.7797370661182],[-80.2158436649572,25.7797325193656],[-80.216003041736,25.7797277041627],[-80.2161451342218,25.7797233092777],[-80.2162991921835,25.7797186384045],[-80.2163394635284,25.7797174796719],[-80.21640462321,25.7797154232375],[-80.2164450829747,25.7797142654904],[-80.2165108378433,25.7796965773686],[-80.2165879673098,25.7796758290894],[-80.2167410782513,25.779670980241],[-80.2169057758675,25.7796658469744],[-80.2170579357268,25.7796609908678],[-80.2172007889029,25.7796564293442],[-80.2173569406106,25.779651422897],[-80.2175096686886,25.779646571179],[-80.2176618283944,25.7796418850403],[-80.2177922000941,25.7796376809715],[-80.2177929908545,25.7796376563378],[-80.2178425925592,25.7796360824824],[-80.217962348561,25.779632323971],[-80.2181053930993,25.7796277634889],[-80.2181796431096,25.779616277254],[-80.2181849879723,25.7799969510401],[-80.2181908580122,25.7801178875021],[-80.2188023720634,25.78008671787],[-80.2193653328073,25.7800671740069],[-80.2193975163414,25.780066083867],[-80.2193992889791,25.7800660816428],[-80.21989888676,25.7800730632156],[-80.2199625320087,25.7800705791417],[-80.2199916192321,25.7800694433853],[-80.2202937391521,25.7800576547337],[-80.2205041812532,25.7800484379239],[-80.2211556162008,25.780019902194],[-80.221150097621,25.7798743026805],[-80.2211387192812,25.7795428353617],[-80.2211261193791,25.7791761489859],[-80.22112375485,25.7791090836341],[-80.2215327627467,25.7790978229823],[-80.2215617590354,25.7800092354716],[-80.2225179821243,25.779983436063],[-80.2225578768999,25.7793169133448],[-80.2225946087797,25.7790514505752],[-80.222955883476,25.7790480141332],[-80.2229689168571,25.7794587504548],[-80.2230821354783,25.7794552967205],[-80.2231140503983,25.7794540914887],[-80.223221949807,25.7794505406418],[-80.223375060643,25.7794453390837],[-80.2235228535594,25.779440453798],[-80.2236693185425,25.7794355621793],[-80.2238313571701,25.7794300629618],[-80.2239776297395,25.7794251682004],[-80.2241373892209,25.779419829795],[-80.2242910711131,25.7794148045286],[-80.2244424751385,25.779409591843],[-80.2245965348703,25.7794045655594],[-80.224752114031,25.7793993775094],[-80.224878850621,25.7793989740603],[-80.2249139337523,25.7793988639823],[-80.2250125303564,25.7793960791499],[-80.2250624808035,25.7793946671644],[-80.2252009605252,25.7793907632044],[-80.2253694537541,25.7793859844646],[-80.2255206606014,25.7793818031442],[-80.2256619875679,25.779377912095],[-80.2258280123484,25.7793731214918],[-80.225967059309,25.7793692180145],[-80.2261203578261,25.7793648747903],[-80.2262837185331,25.7793604134078],[-80.2263357698985,25.7793587982275],[-80.2264269487374,25.7793563602311],[-80.2265678989419,25.7793522947934],[-80.226637528148,25.7793498720939],[-80.2266413565675,25.7794691808714],[-80.2267263168141,25.7794669831396],[-80.226954562233,25.779456883942],[-80.2270872693567,25.7794510077127],[-80.2270833253443,25.7793562369744],[-80.2271906245374,25.7793523622574],[-80.2272202913707,25.7793512904128],[-80.2273791048484,25.7793455995072],[-80.2275346882408,25.7793398912792],[-80.2276796348393,25.7793348142467],[-80.2278270490804,25.7793294062541],[-80.2280240442467,25.7793223692186],[-80.2280939054604,25.7793195237073],[-80.2281857975185,25.7793217957325],[-80.2283723238633,25.7793200915372],[-80.2285213130222,25.7793187314727],[-80.2286764663485,25.7793172333317],[-80.2288240432862,25.7793159521254],[-80.2289902362559,25.7793144255065],[-80.2291446533027,25.7793130069111],[-80.229132414127,25.7789439252452],[-80.2291305719158,25.7788698526956],[-80.2295721641619,25.7788580415804],[-80.2296039526762,25.7788572368352],[-80.2299398518683,25.7788487472606],[-80.230451623802,25.7788358109855],[-80.2311435630436,25.7788183188625],[-80.2311133538979,25.7774263830117],[-80.2310611254154,25.7761387027362],[-80.230713554407,25.7761478527485],[-80.2307122540984,25.7760778684555],[-80.2307044174935,25.7759383704517],[-80.2306957259906,25.7757844236412],[-80.2306884022064,25.7756535261314],[-80.2306805578783,25.7755152322202],[-80.2306772886981,25.7754356531217],[-80.2306817378013,25.7754355349267],[-80.2306794373301,25.7753652799589],[-80.2306747944896,25.7752309584025],[-80.2306701593116,25.7750956042469],[-80.2306650281028,25.7749488974819],[-80.2306602212519,25.774810793829],[-80.2306575014877,25.774727027503],[-80.2306634332617,25.7747268693061],[-80.2306608194929,25.7746591301803],[-80.2306581485238,25.7745432178551],[-80.2306554864338,25.774425929026],[-80.2306529932409,25.7743555710299],[-80.2305505153803,25.7743582697356],[-80.2305002506141,25.7743595935224],[-80.2304984785398,25.7743094443695],[-80.23049031624,25.7743017846037],[-80.2304904019597,25.7742884952661],[-80.2304910877263,25.7741821787587],[-80.2304897978594,25.7741736535817],[-80.2304892844439,25.7741354775821],[-80.2304872130711,25.7739855193652],[-80.2304867090758,25.7739458829185],[-80.2304858102357,25.7738788993488],[-80.2304854505195,25.7738465697553],[-80.2304827694633,25.7737690319429],[-80.2309854652021,25.773757532979],[-80.2309808740576,25.7735356450861],[-80.2309742075939,25.7731960201122],[-80.2309108345617,25.7731981566724],[-80.2304705512704,25.7732121446212],[-80.2303260000589,25.7732162824852],[-80.2301685334197,25.7732207788384],[-80.2300158140437,25.7732251304402],[-80.2298649967315,25.7732294901422],[-80.2297177862514,25.7732336981774],[-80.2295627864289,25.7732381220819],[-80.229413678302,25.7732424064174],[-80.2292759633834,25.7732463185692],[-80.2291215357539,25.7732507450334],[-80.2290284842311,25.7732527470239],[-80.229028725509,25.773260302622],[-80.228955286778,25.7732622450903],[-80.2289117881644,25.7732634769116],[-80.228808834999,25.7732662838173],[-80.2286692250743,25.7732700147498],[-80.2285064409486,25.7732744829223],[-80.2283544857852,25.7732785777674],[-80.2282011952188,25.7732827529287],[-80.2280490486412,25.7732868464392],[-80.2278967116464,25.7732909396829],[-80.227743614475,25.7732951126796],[-80.2275889970399,25.7732992783485],[-80.2274396990973,25.7733033005888],[-80.2272818516072,25.7733076229954],[-80.2271219176393,25.773311932344],[-80.2269853451658,25.7733156777906],[-80.2268356494479,25.7733226191907],[-80.2266793267707,25.7733260870088],[-80.2265837858518,25.7733282457095],[-80.2265190144296,25.7733297058602],[-80.2263664934209,25.7733331086988],[-80.2262175797043,25.7733364439033],[-80.2260682846169,25.7733398626792],[-80.2259093046539,25.7733434021918],[-80.2257632395735,25.7733466681368],[-80.2256532941686,25.7733491278004],[-80.2256080573154,25.7733501390649],[-80.2254720594746,25.7733531983245],[-80.2249601669672,25.7733646608719],[-80.2248937581105,25.773367113524],[-80.2248582069381,25.7733681851705],[-80.2248535156123,25.7732177878769],[-80.2248243792574,25.7732184613134],[-80.2247047235924,25.773220058856],[-80.2245548689279,25.7732220117021],[-80.2244662873504,25.773223131938],[-80.2244160305161,25.7732237658497],[-80.2243451709199,25.7732258452047],[-80.2243450398257,25.7732217816584],[-80.2242840427197,25.7732234062594],[-80.2241457750912,25.7732250765369],[-80.223991931458,25.7732269208809],[-80.2239469200629,25.7732274553276],[-80.2238557548543,25.7732285162808],[-80.2238262583395,25.7732292309237],[-80.2238261550865,25.7732259474192],[-80.2237993627403,25.7732265817011],[-80.2236633616818,25.7732301555728],[-80.2235102631235,25.7732342392567],[-80.223371034581,25.7732378813857],[-80.2233038331928,25.7732400330126],[-80.2233219620252,25.7737937880888],[-80.2233425574458,25.7745511959618],[-80.2229639833689,25.7745644749414],[-80.2229101057832,25.7745637828483],[-80.2229096823202,25.7745579313887],[-80.2229022386006,25.7742432128893],[-80.2228847395651,25.7737585133306],[-80.2227154580961,25.773761856223],[-80.2226370034559,25.7737648762592],[-80.2225091577728,25.7737699540022],[-80.2223623173014,25.7737757037043],[-80.2222057872485,25.773781831132],[-80.2220629354368,25.7737874294432],[-80.221909445436,25.773793487051],[-80.2213571532141,25.7738091357424],[-80.221357259525,25.7738249237285],[-80.2212878286713,25.7738266165773],[-80.2211818415745,25.7738292312372],[-80.2210220949725,25.7738332776101],[-80.2208530452777,25.7738374445989],[-80.2208106860177,25.7738385067836],[-80.2207470546259,25.7738401437721],[-80.2207035569056,25.7738412016346],[-80.2205491308189,25.7738451026704],[-80.2203933778671,25.7738489964336],[-80.2202357218309,25.7738528825404],[-80.2201586036997,25.7738548766663],[-80.2200812957336,25.7738567821764],[-80.2200810068438,25.7738430241849],[-80.2197732936587,25.7738507460273],[-80.2197558596986,25.7738505559684],[-80.219726876196,25.7738502407945],[-80.2197036216022,25.7738499888293],[-80.2197039015191,25.7738699895258],[-80.2196187493108,25.7738728754348],[-80.2194873082305,25.7738758659654],[-80.2193321241493,25.7738795043861],[-80.2192588063974,25.7738811745109],[-80.2191852992357,25.7738828435825],[-80.2190314445597,25.7738864030632],[-80.2188787303263,25.7738899675999],[-80.2187214577437,25.7738935941579],[-80.2185662736391,25.7738972317607],[-80.218410520306,25.7739008661405],[-80.2183586665115,25.7739020499248],[-80.2182589450572,25.773904351294],[-80.2180980631434,25.7739080453455],[-80.2180277176597,25.7739110143929],[-80.2180286852752,25.7739411898822],[-80.2179373546562,25.7739433763494],[-80.2178070501147,25.7739468029361],[-80.2177671605374,25.773947964163],[-80.2177029582999,25.7739496825019],[-80.2176602206086,25.7739508283885],[-80.2175160499286,25.7739546964851],[-80.2167327069862,25.7739755895443],[-80.2167303089162,25.7739756605834],[-80.2163806833091,25.7739863134389],[-80.2163470760719,25.77299553997],[-80.2179869452077,25.7729343326865],[-80.2196662962398,25.7728924322984],[-80.2213326250942,25.7728391831206],[-80.2228211270441,25.772795120117],[-80.2228155298843,25.7726559280176],[-80.2227874698748,25.772208892072],[-80.223476434665,25.7720894515014],[-80.223464823029,25.7714981517721],[-80.2235213673369,25.7714990916515],[-80.2236761497297,25.771494655836],[-80.2241031727528,25.7714824202522],[-80.2241340118621,25.7714813687917],[-80.2241339186958,25.7714785258356],[-80.2241624551669,25.7714777482345],[-80.2247191724999,25.7714641206722],[-80.2248094736711,25.7714606616138],[-80.2248005195836,25.7711813867139],[-80.2248767532796,25.7711789972427],[-80.225453244506,25.7711612603746],[-80.2254693565035,25.7711607900891],[-80.225494929913,25.7711600415882],[-80.2260639796811,25.7711451403581],[-80.2261928781488,25.7711420662209],[-80.2265066787294,25.77113135357],[-80.2266536847164,25.7711263099885],[-80.2267952184922,25.7711214520167],[-80.2268588809124,25.771120644768],[-80.2268545590334,25.7709783832375],[-80.2269053495112,25.7709770959736],[-80.2269373866565,25.7709763671121],[-80.2270447682337,25.7709736915293],[-80.2271927316487,25.7709700931218],[-80.227348291864,25.7709662758342],[-80.2275068926309,25.7709623030149],[-80.2276510574196,25.7709587688272],[-80.227799970393,25.7709550881859],[-80.2279443255681,25.7709515556202],[-80.2280729278549,25.7709463055506],[-80.2282165211878,25.7709431116825],[-80.2283056013724,25.7709410909266],[-80.228376259116,25.7709394878567],[-80.2285071977748,25.7709366030125],[-80.2285272582759,25.770936161443],[-80.2286756017846,25.7709328198949],[-80.2286858863146,25.7709325882606],[-80.2288414167044,25.7709290571639],[-80.228982159421,25.7709259331867],[-80.2290204202838,25.7709250373516],[-80.2290539560266,25.7709242663165],[-80.2291325898957,25.7709225191843],[-80.2291977336319,25.7709209370569],[-80.2291974612442,25.7709124858577],[-80.229259525164,25.7709108088595],[-80.2293496351986,25.7709089301213],[-80.2294074871563,25.7709077245085],[-80.2294116976181,25.7709076393866],[-80.2295049220602,25.7709057463524],[-80.2295573422067,25.7709046482233],[-80.229655410818,25.7709025650025],[-80.2297096745019,25.7709014251254],[-80.2297738735005,25.7709000995094],[-80.2298599114151,25.7708983397176],[-80.2300044506024,25.7708953214956],[-80.2300540251279,25.7708942947865],[-80.2300843870023,25.770893635802],[-80.2301305698138,25.7708926488936],[-80.2301617190029,25.7708920265533],[-80.2302274280218,25.7708905895741],[-80.2302149631677,25.7705048433217],[-80.230201833218,25.7701894374794],[-80.2301828344186,25.7695977789381],[-80.2302537270983,25.7695956391044],[-80.2302523867233,25.7695547733078],[-80.2302474633922,25.7694348068995],[-80.2302422337983,25.769303748842],[-80.2302364898141,25.769163573947],[-80.2302309128252,25.7690271838654],[-80.2302310657473,25.768988643081],[-80.2304174859671,25.7689837345988],[-80.2304166348824,25.7689399512955],[-80.2304081890021,25.768659447883],[-80.2303980117508,25.7683237333892],[-80.2303938023086,25.7681811601134],[-80.2303919068064,25.768102087369],[-80.2303873116479,25.7681012452645],[-80.2302120453646,25.7681070052584],[-80.2302123957248,25.7680457384454],[-80.2302016535255,25.7676941495348],[-80.2300708576584,25.767698168654],[-80.2300591836096,25.7673160171852],[-80.2300525896624,25.7672163047213],[-80.2303303805663,25.7672087149098],[-80.230328346642,25.7671614663637],[-80.2303207677065,25.7667835176322],[-80.2303132467578,25.766412036719],[-80.2303107397985,25.7663453957122],[-80.2303078805459,25.766269388688],[-80.2302957752733,25.7658521251619],[-80.2301484803437,25.7658547663393],[-80.2300041374464,25.765857355285],[-80.229918482485,25.7658588816599],[-80.2298533389888,25.7658600832402],[-80.2297752441589,25.7658614617798],[-80.2296991204235,25.765862792939],[-80.2295062645573,25.7658662827491],[-80.2295065467854,25.765913821718],[-80.2293735926395,25.765916764589],[-80.2290807125755,25.7659216847939],[-80.2290101911006,25.7659228692461],[-80.2289199046932,25.7659251657393],[-80.228610491659,25.7659337939821],[-80.2284522750272,25.7659382873831],[-80.2283196988673,25.7659419687637],[-80.2282397362756,25.7659442094439],[-80.228147997398,25.7659468181991],[-80.2280803787108,25.7659487812402],[-80.2280078231904,25.7659508038179],[-80.2277770500097,25.76595731902],[-80.227633647519,25.7659613720001],[-80.2275584338992,25.7659634660008],[-80.2274824586919,25.7659655577258],[-80.2273392455803,25.7659696123233],[-80.227320062215,25.7659701983119],[-80.2271779900256,25.7659741721521],[-80.2270032496232,25.765979089852],[-80.227010285906,25.7661027612543],[-80.2270245743898,25.7663514023153],[-80.2270277602376,25.7664151394981],[-80.2266470202658,25.7664314707192],[-80.2266469328363,25.7664288101288],[-80.2266328071993,25.7659884070528],[-80.2265372952902,25.7659900731327],[-80.2264905938883,25.7659909252932],[-80.2264313584665,25.7659920096038],[-80.2263908841805,25.765992748597],[-80.2263472165725,25.7659935464288],[-80.2261634447074,25.7659969076795],[-80.2260699631151,25.7659986167423],[-80.2260294080669,25.7659993579135],[-80.2259011518934,25.7660017033681],[-80.2258987272465,25.7660017473403],[-80.2258237635107,25.7660031178427],[-80.2257506723797,25.7660057935781],[-80.2256256350429,25.766018280998],[-80.2254207920454,25.7660379963481],[-80.2252585904233,25.766041777242],[-80.2252145283508,25.7660428344038],[-80.2251123417894,25.766045212319],[-80.2251173686866,25.766177903244],[-80.2250672262591,25.7661791834414],[-80.2249849849108,25.7661813858252],[-80.2249025534016,25.7661835510435],[-80.2247358267763,25.7661879535554],[-80.2247318915,25.7661880562584],[-80.2246911557764,25.7661891318807],[-80.2246141743613,25.7661912564618],[-80.2246092534803,25.766041413838],[-80.2245265121005,25.7660440303271],[-80.2244323264169,25.7660470082322],[-80.224353974129,25.7660494828241],[-80.2243538647801,25.7660466749835],[-80.2242816839512,25.7660494712735],[-80.2242074147718,25.7660522563968],[-80.2241308647306,25.7660552017312],[-80.2240798258526,25.7660571447754],[-80.2240476651886,25.7660583688331],[-80.2239699777647,25.7660613080193],[-80.2238943792439,25.7660641725499],[-80.223828275727,25.7660667428601],[-80.2237441359273,25.7660699417831],[-80.2236957812683,25.7660717798573],[-80.2236786450025,25.7660724313454],[-80.2236786319642,25.7660721370103],[-80.2235885489977,25.7660756245871],[-80.22358855938,25.7660758674567],[-80.2235173290583,25.7660785826849],[-80.2234502765468,25.7660811486632],[-80.2234527299555,25.7661419483558],[-80.2231457927638,25.7661503696577],[-80.2231435086356,25.7660928384777],[-80.2230665793315,25.7660956945722],[-80.2229877509477,25.766098712895],[-80.2229870971608,25.7660824598079],[-80.2229107397209,25.7660850616161],[-80.2228326660056,25.7660886859551],[-80.2227612447174,25.7660914855453],[-80.2226903920554,25.7660943738894],[-80.2226575301728,25.7660956606911],[-80.2226577276765,25.7661019162428],[-80.2225335498157,25.766112482933],[-80.2224147659475,25.7661225899971],[-80.2224107601243,25.7659924580968],[-80.2223195914892,25.7659948947167],[-80.2221678350958,25.7659988119195],[-80.2220158867418,25.7660028145928],[-80.2218641287755,25.766006818125],[-80.2217121814069,25.766010820486],[-80.2215328841058,25.7660154508918],[-80.2214844502874,25.7660167407988],[-80.2212122762324,25.7660238780469],[-80.2211481447321,25.7660242732657],[-80.221151125726,25.7660947838528],[-80.2210665400086,25.76609420484],[-80.2209535226328,25.766098243233],[-80.2207937777207,25.7661039224545],[-80.2206374514756,25.7661095331508],[-80.2205616626286,25.7661122225219],[-80.2204746676559,25.7661152824044],[-80.2204573826496,25.7661159634063],[-80.2204363460203,25.7661167118705],[-80.2204229720396,25.766117187249],[-80.2203208090916,25.7661208202237],[-80.2201711338775,25.7661261230369],[-80.220009489392,25.7661318787761],[-80.2198525929194,25.7661374846696],[-80.2197006363937,25.7661428587172],[-80.2195572262921,25.7661480256883],[-80.2194070404299,25.7661297368061],[-80.2194073946467,25.7661478224881],[-80.2192750028415,25.7661525292448],[-80.219182118338,25.7661558997712],[-80.2191116476405,25.7661584445083],[-80.2189655794332,25.766163679679],[-80.218806403026,25.7661694455182],[-80.2186506468395,25.7661750580391],[-80.2185038180275,25.7661802886625],[-80.2184855830332,25.7661809643292],[-80.2183393224073,25.7661861969345],[-80.2181873672101,25.7661916578669],[-80.2177284562105,25.7661916067677],[-80.2177288349406,25.7662081950773],[-80.2176038542227,25.766211908408],[-80.2175118482566,25.7662146137222],[-80.2174274707099,25.7662170982235],[-80.2172980532051,25.7662209255425],[-80.2171375541304,25.7662257364591],[-80.216999278911,25.7662298074272],[-80.2168340308024,25.7662347666732],[-80.2166813201656,25.7662392741788],[-80.2165305084669,25.7662437926482],[-80.2163705791043,25.7662485200322],[-80.2162214775028,25.7662529625382],[-80.2160614070408,25.7662380416521],[-80.2160617805792,25.7662509841138],[-80.215752375185,25.7662596346718],[-80.2156093526041,25.7662635929861],[-80.2154617714082,25.7662676980926],[-80.2153090618339,25.7662720344631],[-80.2151527437539,25.7662763503128],[-80.215010100946,25.7662803091825],[-80.2146190204757,25.7662912681038],[-80.2146159756251,25.7661860590908],[-80.2146156197053,25.7661731898382],[-80.2143318518484,25.7661784860529],[-80.2143318658441,25.7661792371365],[-80.214221504578,25.7661836276413],[-80.2140399102568,25.7661908170915],[-80.2138997259219,25.7661964210502],[-80.2139000366405,25.766207060504],[-80.2139031368736,25.7663134513933],[-80.2139035978479,25.7663292774048],[-80.213896948335,25.7663294978455],[-80.2137402339772,25.7663369052352],[-80.2137441168341,25.7664717068665],[-80.2133577238012,25.7664866178599],[-80.2133042914011,25.7664886786776],[-80.2131472656957,25.7664947396899],[-80.2131436733505,25.7663690474019],[-80.2131435624772,25.7663651500463],[-80.212845181448,25.7663713130413],[-80.2126823145252,25.7663770350621],[-80.2125548806508,25.7663808454176],[-80.2124022278315,25.7663872786125],[-80.2122548470762,25.7663898334955],[-80.2120937795326,25.7663946366672],[-80.2119532232104,25.7663988619896],[-80.2117855061219,25.7664038869762],[-80.2116333644095,25.7664083931605],[-80.2114831206386,25.7664129103702],[-80.211331168309,25.766417417264],[-80.211254765972,25.7664196724039],[-80.2111718620287,25.7664172643633],[-80.2110091848083,25.7664203624261],[-80.2108597944537,25.7664232019743],[-80.2107103211329,25.7664260752199],[-80.2106961041964,25.7664263330084],[-80.210680503458,25.7664266148841],[-80.2105619896156,25.7664288877084],[-80.2104827912186,25.7664303672432],[-80.2104068197517,25.7664318326476],[-80.2102816592861,25.7664341883365],[-80.2102482321901,25.7664348464342],[-80.2100983800884,25.7664377133849],[-80.2099528970022,25.7664404630821],[-80.2098051327004,25.7664432724614],[-80.209721471636,25.7664448591409],[-80.2096463557364,25.7664462836607],[-80.2095712886446,25.7664477138226],[-80.2094955545747,25.7664491556683],[-80.2093411273549,25.7664520989902],[-80.20921389405,25.7664545065883],[-80.2091272702455,25.7664580581529],[-80.2090554613511,25.7664761136679],[-80.2089244774886,25.7664800766636],[-80.2087748295385,25.7664846195861],[-80.208770634891,25.7664847484293],[-80.2086198386214,25.7664892804365],[-80.2084714639437,25.7664937785183],[-80.2083273285546,25.7664981794539],[-80.2082390082805,25.7665007942366],[-80.2081506805111,25.766503486553],[-80.2081570472427,25.7667141534686],[-80.2081618414861,25.7668641914538],[-80.2081634812418,25.7669418772751],[-80.2074765457577,25.7669635210842],[-80.2074609718893,25.7665390007585],[-80.2073841507289,25.7665403606644],[-80.2072257066305,25.7665420143443],[-80.2070885250513,25.7665434469949],[-80.2069328903003,25.7665450714301],[-80.2067771080078,25.7665466967001],[-80.2066219667341,25.7665483162708],[-80.2064608538622,25.7665499960923],[-80.2063468363409,25.7665527774263],[-80.2061937414965,25.7665565135878],[-80.2060403051865,25.7665601800265],[-80.2060154369854,25.7660413791863],[-80.2057769516187,25.7660483265005],[-80.2057926072088,25.7665201797715],[-80.2057885046396,25.7665202530666],[-80.2057001297757,25.7665231259731],[-80.2055687085029,25.7665265934177],[-80.205401774786,25.7665310006077],[-80.2054143986342,25.7669396426026],[-80.205415220685,25.7670039258852],[-80.2054155463861,25.7670232805351],[-80.2045151483133,25.7670472056144],[-80.2045116308739,25.7669663755241],[-80.2044989218421,25.7665548255989],[-80.2043391497994,25.7665590414364],[-80.204193999292,25.766562870372],[-80.2041087793236,25.7665635191768],[-80.2041010963719,25.7665638400314],[-80.2040305966637,25.7665667880028],[-80.2039048511704,25.7665713437933],[-80.2037528921146,25.7665769611143],[-80.203762065479,25.7667420197706],[-80.2037636185203,25.7667720613175],[-80.2037750482131,25.7669881574465],[-80.2037784556024,25.7670600073575],[-80.2037792941949,25.7670740174992],[-80.2034791695014,25.7670826159497],[-80.2034788165089,25.767069936266],[-80.2034774523802,25.7669971145448],[-80.2034563120102,25.766588621773],[-80.2032918064604,25.7665946826552],[-80.2031434560172,25.7666001475874],[-80.2029897873639,25.7666057538478],[-80.2028391560068,25.7666113792886],[-80.2027864400802,25.7666133083766],[-80.2026818777138,25.7666171324443],[-80.2025261220741,25.766622817047],[-80.2024192585951,25.7666234112651],[-80.2023624194657,25.7666237262292],[-80.2022180635954,25.7666282652252],[-80.202063260125,25.7666331755619],[-80.2019135860259,25.7666378575062],[-80.2017574537487,25.7666427638416],[-80.2017520277078,25.7666429317641],[-80.2016072074574,25.7666474423322],[-80.2014582939071,25.766652128882],[-80.2013764681197,25.7666547272852],[-80.201310152689,25.7666568493049],[-80.2013272156206,25.7670596656649],[-80.2013264875206,25.7671353905644],[-80.2011487294396,25.7671379362789],[-80.2010191993382,25.7671397897191],[-80.2008063033835,25.7671428371645],[-80.2007964000912,25.767143199811],[-80.2007835855623,25.7668103460358],[-80.2007820486756,25.7667777067271],[-80.2007774600813,25.7666738151704],[-80.2007578184102,25.7662956703279],[-80.2007518589567,25.7661809439253],[-80.2007493830775,25.7661332657875],[-80.2007477308046,25.7661014842644],[-80.2007371798233,25.7658983467583],[-80.2007271204224,25.7657047195807],[-80.2007658981356,25.7657039558445],[-80.2008009871203,25.7657032476668],[-80.2008377891929,25.7657020190296],[-80.2009808169147,25.7656972177388],[-80.2011278304809,25.765692351529],[-80.2012792152421,25.765687335848],[-80.2014317403531,25.7656823262658],[-80.2015762872165,25.7656775291128],[-80.2017318497671,25.7656723634706],[-80.2018919709003,25.7656670511537],[-80.2020437379621,25.7656619528258],[-80.202090246427,25.7656604178279],[-80.2021160177586,25.7656595688916],[-80.2021176389923,25.7656595163983],[-80.2021936019677,25.7656570118017],[-80.2023321526946,25.7656516213864],[-80.2025107397354,25.7656435869898],[-80.2026501194469,25.76564063978],[-80.2027971240105,25.76563740473],[-80.2029437486347,25.7656343389548],[-80.2031017687384,25.7656309057591],[-80.2032594104661,25.7656275569751],[-80.2033848974347,25.7656248462337],[-80.2035399341789,25.7656215271185],[-80.2036916091245,25.7656182688793],[-80.2037420170191,25.7656172168441],[-80.2038193502895,25.7656155096176],[-80.2038512263194,25.7656148120136],[-80.2039997494719,25.7656116634874],[-80.2040873370303,25.7656089597032],[-80.2041635850432,25.7656073537749],[-80.2043064238004,25.7656024606203],[-80.2044127928335,25.7655987427293],[-80.2044631303312,25.7655962864344],[-80.2046122477505,25.7655911682342],[-80.2047623723128,25.7655860003217],[-80.2049135676397,25.7655808092182],[-80.2050670432601,25.7655755428537],[-80.2052351908229,25.765569785964],[-80.2061255006078,25.7655474945744],[-80.2061273931101,25.7655456246705],[-80.206128355626,25.7655452417794],[-80.2062853961718,25.7655429353174],[-80.2064314452192,25.7655408088659],[-80.2066000999701,25.7655371707859],[-80.2067507118862,25.7655339523035],[-80.2069055040378,25.7655306679824],[-80.2070306722317,25.7655280570645],[-80.2070656127772,25.7655273267076],[-80.2071736001862,25.7655250201402],[-80.2072067283028,25.7655243123726],[-80.2072774114016,25.7655227701816],[-80.2073013134076,25.7655222486398],[-80.2073616494547,25.7655206644992],[-80.2073616064446,25.7655193355598],[-80.2073610601057,25.7655022345305],[-80.2074182130744,25.7655006682358],[-80.2074837783003,25.7654995791901],[-80.2077418847798,25.7654933514655],[-80.2077532098452,25.7654930773208],[-80.2077644820613,25.7654928055955],[-80.2080353303659,25.7654862657818],[-80.2081871650184,25.7654703259568],[-80.2084743214946,25.7654663825129],[-80.208589789563,25.7654647763148],[-80.2085968150371,25.7654646773103],[-80.2086864594009,25.765463409032],[-80.2087740122045,25.765462165435],[-80.2088472973384,25.7654589251942],[-80.2089331953746,25.7654551234142],[-80.2092478583975,25.7654556281742],[-80.209361986738,25.765455820294],[-80.2094747873399,25.7654560024051],[-80.2096297444419,25.7654562427455],[-80.2097896378024,25.7654565070117],[-80.2099318729751,25.7654567637152],[-80.2100283411694,25.7654569443019],[-80.210136798768,25.7654533202112],[-80.2102841840543,25.7654499054437],[-80.2104361279102,25.7654463446533],[-80.2105926301919,25.7654428102318],[-80.2107263408548,25.7654396647629],[-80.2108769553623,25.7654361838608],[-80.2110361182894,25.7654324891743],[-80.2111909100222,25.7654289439343],[-80.2113477906599,25.7654253222902],[-80.2114137997719,25.7654255418225],[-80.2115109119992,25.7654258630212],[-80.2117524786421,25.7654239895623],[-80.2119002283434,25.765422897658],[-80.2120578536453,25.7654216875599],[-80.2122008875229,25.7654205526711],[-80.2122059846819,25.7654205143651],[-80.2123603327273,25.7654183384151],[-80.2123603807791,25.7654193649924],[-80.212509928218,25.7654182108872],[-80.2125114455042,25.7654181992378],[-80.2126554999418,25.7654170974058],[-80.212696259005,25.7654160758246],[-80.2128246827591,25.7654128637232],[-80.2128603357379,25.7654118731542],[-80.2129731751956,25.765408736413],[-80.2130753084856,25.7654058973486],[-80.2131250206592,25.7654045151486],[-80.2132115275556,25.7654020888732],[-80.213271840306,25.7654003965431],[-80.2134323350353,25.7653959346629],[-80.2135848529566,25.7653917734192],[-80.2137371820654,25.7653875216328],[-80.2138933101638,25.7653831196025],[-80.2138872422796,25.7652572108337],[-80.2142720990098,25.7652483748569],[-80.2145638352662,25.7652694665786],[-80.2148901795749,25.7652550633789],[-80.2148952892791,25.7654151080422],[-80.2149488903271,25.7654235526289],[-80.2153262999776,25.7654120045582],[-80.2153264746884,25.765416210063],[-80.2154904222944,25.7654048050624],[-80.2158578803204,25.7653974995104],[-80.2159152957022,25.7653949726704],[-80.2163076573687,25.765390809581],[-80.2166211355495,25.7653691101883],[-80.2169872559894,25.7653672276589],[-80.2170395298771,25.7653626796552],[-80.2174591412373,25.7653445587678],[-80.2176155317282,25.7652996583639],[-80.2179429092706,25.7652892661662],[-80.2180273365359,25.7652844175688],[-80.2180296357046,25.7652843522923],[-80.218058771209,25.7652835140891],[-80.218145856645,25.7652810130647],[-80.2182824206471,25.7652770184509],[-80.2183870787514,25.7652738832139],[-80.2185397981419,25.7652679982959],[-80.2186778949274,25.7652617738589],[-80.2188332791366,25.7652547836449],[-80.2189713572139,25.7652485200143],[-80.2191449986031,25.7652406363158],[-80.2192851872126,25.7652343385764],[-80.2194645048368,25.7652262728174]],[[-80.2584452136024,25.7788882719079],[-80.2584308816023,25.7785209830693],[-80.258431759385,25.7785034317434],[-80.2586096030551,25.7784966230068],[-80.2587287430969,25.7784927212394],[-80.2587753374727,25.778490465466],[-80.2587753960066,25.7784916347066],[-80.2587766823636,25.7784915916134],[-80.2589813724602,25.778484607763],[-80.2591648716076,25.778478325416],[-80.259366292045,25.7784714326946],[-80.2595694874511,25.7784644783189],[-80.2597650873195,25.7784577837976],[-80.2599237745288,25.7784440022504],[-80.2601317157654,25.7784369954034],[-80.260316635374,25.7784307314613],[-80.2605177876383,25.7784239793025],[-80.2607098415478,25.7784173891517],[-80.2609085410939,25.7784106600961],[-80.261104012473,25.7784040867833],[-80.2613048056211,25.7783971963122],[-80.2613700021644,25.7783949709585],[-80.2614666955803,25.7783916724157],[-80.2615021771965,25.7783904606054],[-80.26165662183,25.7783852516481],[-80.2616585932486,25.7783851849259],[-80.2616956073045,25.7783839564728],[-80.2618899391261,25.7783773763202],[-80.2620941497753,25.7783703305891],[-80.2621555000702,25.7783682541742],[-80.262301778898,25.7783633028051],[-80.2623617483079,25.7783620452348],[-80.2624525808567,25.7783601416219],[-80.2626409970911,25.7783579995425],[-80.2628019668536,25.7783561712985],[-80.2628048034172,25.778356140537],[-80.2628294133029,25.7783558608295],[-80.2629302179475,25.7783546943629],[-80.2629845914531,25.7783540689351],[-80.263017830517,25.7783537209747],[-80.2632064382137,25.7783514094325],[-80.2633948544468,25.7783492663762],[-80.2635832696603,25.7783471266813],[-80.2635701793165,25.7780611748134],[-80.2635677398026,25.7779922137671],[-80.2635390783495,25.77799297407],[-80.2635389996849,25.7779905364928],[-80.2635369765363,25.7779280965558],[-80.2635283621009,25.77766209984],[-80.263517378121,25.7773783078365],[-80.263512596784,25.7772307106227],[-80.2635006617433,25.7769729175908],[-80.2634902700569,25.7766736217786],[-80.2634881372457,25.7766077954013],[-80.2634814525754,25.7766079727886],[-80.263479812101,25.7765549287502],[-80.2634691892217,25.776276132945],[-80.2634589932189,25.7760087768842],[-80.2634571541977,25.7759740052687],[-80.2634549020268,25.7759044241216],[-80.2634132726411,25.7759055303809],[-80.263405065,25.7755791910784],[-80.2634046603141,25.7755572210128],[-80.2634037970562,25.7755163568712],[-80.2634029247653,25.7754680755329],[-80.2634019967608,25.7754205828364],[-80.2633987177467,25.775265756569],[-80.2633968024696,25.7752154064704],[-80.2633948250527,25.7751683390287],[-80.2633936896082,25.7751457234721],[-80.2633900480711,25.7750733442616],[-80.2633848538,25.7748998133156],[-80.2633809380136,25.7747648053099],[-80.2633807153487,25.7747571117202],[-80.2633804071917,25.7747464723204],[-80.2633790593529,25.7746999695167],[-80.2633769923513,25.7746349594591],[-80.2633732382404,25.7745047688571],[-80.2633689912907,25.7743623654851],[-80.2633650383378,25.7742333798248],[-80.2633610984795,25.7741027586098],[-80.2633585351242,25.7740154503475],[-80.2633571752141,25.7739691280101],[-80.2633562046494,25.7739367645629],[-80.2633537101651,25.7738536413764],[-80.2633496139619,25.7737173434408],[-80.2633483393926,25.7736747991633],[-80.2633483059213,25.7736736002622],[-80.2633459678808,25.773558360339],[-80.2633439711514,25.7734956966391],[-80.263338289574,25.7734174054982],[-80.2633270183376,25.7731829729091],[-80.2633253261581,25.7731484863611],[-80.2633241057485,25.7731236507285],[-80.2633211087788,25.7730626563949],[-80.2633184094749,25.7730077032624],[-80.2633135222203,25.7729052356938],[-80.2633123483218,25.7728806178368],[-80.2633081359336,25.7727951119475],[-80.2633054401642,25.7727400721755],[-80.2632988694778,25.7726044504224],[-80.263294657551,25.7725174190375],[-80.2632919637502,25.7724625462654],[-80.2632919582705,25.7724624649983],[-80.2632884218938,25.7723895392821],[-80.263288082438,25.7723830014057],[-80.2632853836914,25.7723279616155],[-80.2632830238726,25.7722795454515],[-80.2632808461182,25.7722321583381],[-80.2632781478383,25.7721772052045],[-80.2631431035186,25.7721797963465],[-80.2629865322726,25.7721827928601],[-80.2629624778103,25.7721832559607],[-80.2628788189485,25.772185618753],[-80.2628612432306,25.7721861164576],[-80.262861464429,25.7721912988439],[-80.2628573584586,25.7721914071264],[-80.2627696524434,25.7721937159575],[-80.2627601349887,25.7721940215855],[-80.2627586034162,25.7721940715969],[-80.2626087638539,25.7721989188593],[-80.2624550933079,25.7722038991012],[-80.2623044617782,25.7722088106382],[-80.2622377426788,25.7722109827154],[-80.2622284106596,25.7722112865407],[-80.2621439765662,25.7722143914792],[-80.2620417557211,25.7722174585295],[-80.2620468412585,25.7723605422979],[-80.2619603427239,25.7723618286326],[-80.2616522986254,25.7723682004515],[-80.2616513120624,25.7723460685568],[-80.2613145487831,25.7723537318857],[-80.2612535029177,25.772355281489],[-80.2612564294813,25.772478835202],[-80.2604189495784,25.7724958237668],[-80.2596084677215,25.7725119068077],[-80.2582174473273,25.7725287697923],[-80.2560567715917,25.7725640747303],[-80.2560600196921,25.7726371173207],[-80.2560653382763,25.7728172989216],[-80.2560681375956,25.772912113146],[-80.2560704676974,25.7729910463033],[-80.2560761106508,25.7731822031741],[-80.256100498307,25.7733146016217],[-80.2561049110855,25.7734968077521],[-80.2561074608772,25.7736020671593],[-80.2561091683315,25.7736726213582],[-80.2561140640463,25.7738747471082],[-80.2560998739739,25.7739952616184],[-80.2561059312284,25.7742550831011],[-80.2561115853165,25.7744975443927],[-80.2561116379329,25.7745557760579],[-80.2561123753296,25.7753688060092],[-80.2556804625795,25.7753799332746],[-80.2555872137576,25.7753821470979],[-80.2556154678447,25.7761695124766],[-80.2556375298896,25.776852102559],[-80.2556600176945,25.7775478076698],[-80.2556661069196,25.7782474492678],[-80.2556860612742,25.7789163711678],[-80.2556848902906,25.7789762086824],[-80.2570349261242,25.7789326725313],[-80.2571017087327,25.7789305194792],[-80.2583804570744,25.7788892705728],[-80.2583816216969,25.7788892449159],[-80.2584411485727,25.7788883324296],[-80.2584452136024,25.7788882719079]],[[-80.2370854641338,25.7724138989442],[-80.2370982988882,25.7729191115735],[-80.2370168348486,25.7729220468783],[-80.2368671585002,25.7729262501328],[-80.2367182358082,25.7729304544781],[-80.2366840474499,25.7729313935468],[-80.2366150959892,25.7729333525921],[-80.2365839446912,25.7729342218164],[-80.236469594143,25.7729374897777],[-80.2363145982849,25.7729418369603],[-80.2361558042032,25.7729463328379],[-80.2360816703767,25.7729472597723],[-80.2360847418367,25.7730592124595],[-80.235584287022,25.7730779034493],[-80.2355798330446,25.7729667694281],[-80.2355676965814,25.7729672319251],[-80.2354497331968,25.7729714269918],[-80.2352903596714,25.772977039978],[-80.2351325064092,25.772982657169],[-80.2351297988804,25.7729230838989],[-80.2351282008489,25.7728879360092],[-80.235048523062,25.7728909057768],[-80.2350345987749,25.772891423823],[-80.2350225884237,25.7728918093092],[-80.2349418294969,25.7728943869984],[-80.2347357164662,25.7729032767172],[-80.2346620101266,25.7729064139752],[-80.2345402414966,25.7729117048779],[-80.2345252339641,25.7729123146643],[-80.2345035774447,25.7729133191383],[-80.234382949779,25.7729185319638],[-80.2343844533592,25.772861793516],[-80.2343371549099,25.7728636081406],[-80.2341874652605,25.7728692681624],[-80.234150422519,25.7728707070312],[-80.2340453745074,25.772874710769],[-80.2338962564937,25.7728804601544],[-80.2338962784718,25.7729333938064],[-80.2337449609765,25.7729387090134],[-80.2337297704526,25.7729392491523],[-80.2336516920733,25.7729420009115],[-80.2336027463169,25.7729437163561],[-80.2335336234371,25.7729461288784],[-80.2334613692876,25.7729486882549],[-80.2332744008372,25.7729552639421],[-80.2330881343827,25.7729618114953],[-80.2330090663448,25.7729651362959],[-80.233009489213,25.7729782902165],[-80.2329375240656,25.7729796214386],[-80.2327860240564,25.7729854013574],[-80.2326894298719,25.772989082204],[-80.2326816031399,25.7729893803343],[-80.2326291652972,25.7729913830381],[-80.2324835983986,25.7729969348651],[-80.2323274296425,25.7730028918768],[-80.2321751548088,25.773008698664],[-80.2320293664907,25.7730142615048],[-80.2318746166826,25.7730201614291],[-80.2317634159789,25.773024402739],[-80.231723846318,25.773081986355],[-80.2317063554363,25.7730700556878],[-80.2316603822201,25.7731498216323],[-80.2314447219106,25.7735207095185],[-80.2314259766369,25.7735117545659],[-80.2314305518576,25.7736269900424],[-80.2314369212505,25.7737882325008],[-80.2314418216942,25.7739116369154],[-80.2314478728788,25.7740631624087],[-80.2314505164297,25.7741303709293],[-80.2314535842486,25.7742083232874],[-80.2314606419777,25.7743804887886],[-80.231466368864,25.774523244167],[-80.2314701249399,25.7746180084981],[-80.2314717734463,25.7746572258375],[-80.2314773444099,25.7747944750932],[-80.2314837210717,25.774954601883],[-80.2314868046737,25.7750951047058],[-80.2314927552417,25.7752621056654],[-80.231493736301,25.7752867000744],[-80.2314977422671,25.7754021040216],[-80.231499182995,25.7754435543309],[-80.2315027274079,25.7755419317633],[-80.2315086568514,25.7757123708146],[-80.2315185840128,25.7758517092342],[-80.2315231725427,25.775994454962],[-80.2315274212181,25.7761308405904],[-80.2315299690933,25.7762070291017],[-80.2315324748655,25.7762897535147],[-80.2315351765914,25.7763716187315],[-80.2315376912351,25.7764529666408],[-80.2315395856569,25.77660103282],[-80.2315414835596,25.7766601938218],[-80.2315440602348,25.7767319134353],[-80.2315451785428,25.7767647633437],[-80.2315464851604,25.7767977857508],[-80.2315490452265,25.7768720841604],[-80.2315511214541,25.7769329683674],[-80.2315537114349,25.7770026236768],[-80.2315561042462,25.777073482086],[-80.2315583542825,25.7771369451916],[-80.2315610959015,25.7772126211054],[-80.231563658188,25.7772865765137],[-80.2315648141472,25.7774311969539],[-80.2315669012312,25.777520110452],[-80.2315686872658,25.7775966388375],[-80.2315701721019,25.777660959933],[-80.2315718318546,25.7777276875268],[-80.2315737463851,25.7778136737033],[-80.2315750805871,25.7778719741965],[-80.2315757172771,25.777891066],[-80.2315768821226,25.7779460970854],[-80.2315786659411,25.778022970269],[-80.2315865014236,25.7781628121122],[-80.2315888434048,25.7782414096039],[-80.2315910092757,25.7783179408907],[-80.2315930466479,25.7783850152871],[-80.2315948980619,25.7784513972673],[-80.2315969277816,25.7785195051617],[-80.2315988110859,25.7785812467612],[-80.2316008154583,25.7786531348385],[-80.2316031452733,25.7787336224198],[-80.2316049725624,25.7788059166578],[-80.2316118179045,25.7788057361708],[-80.2316139596448,25.7788827655898],[-80.2316169127646,25.7790139838475],[-80.2316195935071,25.7791285205091],[-80.2316215057315,25.7792150238786],[-80.2317647226452,25.779212686732],[-80.2319193387749,25.7792100620981],[-80.2320676819449,25.7792077499087],[-80.2322262848087,25.7792051477951],[-80.2323770994882,25.7792026768271],[-80.2325364620137,25.7792000783828],[-80.2326789192565,25.7791977354259],[-80.2327505026332,25.7791952722615],[-80.2327487237065,25.7791585925297],[-80.2328247059348,25.7791503565777],[-80.2332167873328,25.7791378057727],[-80.2332184278263,25.7791780520639],[-80.2335122544827,25.7791756456933],[-80.2336228941362,25.7791747373093],[-80.2336780664107,25.7791742832113],[-80.2340747300209,25.7791581463153],[-80.2345422538718,25.77913911082],[-80.2346505585136,25.7791274947124],[-80.2347784254182,25.7791238453386],[-80.2352246233022,25.779113295984],[-80.2352285606476,25.7792062287768],[-80.2352908894946,25.7792049514527],[-80.2353630698086,25.7792036121395],[-80.2354388560562,25.7792022899332],[-80.2355216729106,25.7792006616185],[-80.2356018298327,25.7791991907869],[-80.2356996496987,25.7791974696851],[-80.2357662135579,25.7791955879606],[-80.2357667432605,25.7792120326072],[-80.2358463750916,25.7792111365822],[-80.2359755503225,25.7792068295768],[-80.2360669218537,25.7792036969157],[-80.2361450008916,25.7792010116355],[-80.2362219354428,25.7791983203056],[-80.2363036224884,25.7791954832779],[-80.2363702992411,25.7791932525418],[-80.2364175990868,25.7791916097153],[-80.2364508437974,25.7791904085325],[-80.2365427865512,25.7791872794723],[-80.2365363268447,25.7790393653641],[-80.2366734442752,25.7790404268806],[-80.2368109426303,25.7790413205666],[-80.2369681922899,25.7790423186061],[-80.2370246313798,25.7790408182873],[-80.2370244058773,25.7790338341629],[-80.2371118481767,25.7790308616722],[-80.2372712381105,25.7790237864238],[-80.2374085921261,25.7790176281465],[-80.2375396782815,25.7790116102042],[-80.2375433830457,25.779115319454],[-80.2377090496155,25.7791069009714],[-80.2378673066221,25.7790989598076],[-80.2379351229416,25.7790970258795],[-80.2379376549442,25.779175717301],[-80.2380187597917,25.7791748982082],[-80.2381741532502,25.7791693490978],[-80.2383348633622,25.7791638285554],[-80.2383695537723,25.7791632347674],[-80.2383859557388,25.7791629541454],[-80.2383685499522,25.7786220694446],[-80.23840233329,25.7786208002249],[-80.2388082879881,25.7786067606742],[-80.2388032075425,25.7784805193641],[-80.23879762721,25.7783430951432],[-80.2387928708485,25.7782252809125],[-80.2387867772416,25.778079085604],[-80.2387813675778,25.7779447601831],[-80.2387756079309,25.777805444853],[-80.2387700440864,25.7776654436237],[-80.2387644615983,25.7775283650937],[-80.2387588725345,25.7773923182623],[-80.2387532922524,25.7772548967295],[-80.2384060095055,25.7772668250969],[-80.2383539957117,25.7762075245274],[-80.238378436984,25.7762064104023],[-80.2383700909805,25.7760706524028],[-80.2383619223019,25.7759377278631],[-80.2383445457589,25.7756547680064],[-80.238341410348,25.7755734222922],[-80.238295276123,25.7755749491106],[-80.2382919527406,25.7755036868837],[-80.2382868993439,25.7753731454029],[-80.238710311567,25.7753595412219],[-80.2387054976027,25.7752210910229],[-80.2387006869344,25.7750821254218],[-80.2386962198837,25.7749488357121],[-80.2386954502909,25.7749269585233],[-80.2386937457295,25.7748784995393],[-80.2386930901145,25.7748598517475],[-80.2386913971607,25.7748117611075],[-80.2386864212423,25.7746690116025],[-80.2386827342483,25.7745603359836],[-80.2386819454375,25.774537096585],[-80.2386768131396,25.774389016072],[-80.2386723318522,25.7742579621549],[-80.2386678582433,25.7741257059376],[-80.238663039961,25.7739879417119],[-80.2386605016192,25.7739195440998],[-80.2386554852373,25.7739196758199],[-80.2386552125132,25.7739066418426],[-80.2386537500048,25.773836659378],[-80.238649606855,25.7737057381055],[-80.2386490085547,25.7736868586279],[-80.2386447266772,25.7735540879869],[-80.23864218492,25.7734759172936],[-80.2386402821014,25.773417444097],[-80.2386361867069,25.7732854471007],[-80.2386344488302,25.7732304969304],[-80.238632852622,25.7731830287163],[-80.2386315967305,25.7731417517967],[-80.2386271681738,25.7730024442443],[-80.2386227379756,25.7728633948404],[-80.2386225717118,25.7728596109378],[-80.2384947322223,25.7728639301159],[-80.2383478986876,25.7728688348879],[-80.2381925170959,25.7728741253308],[-80.2381096115565,25.772876280126],[-80.2381095587044,25.7728762825572],[-80.2380935651191,25.7723792359816],[-80.2371638856699,25.7724118322495],[-80.2370854641338,25.7724138989442]],[[-80.2229191281928,25.7730792935302],[-80.2232918776687,25.7729329250299],[-80.2234824285037,25.7728590739728],[-80.2234814039159,25.7727274642103],[-80.2232471510015,25.7727297298993],[-80.2231752489601,25.7727304247721],[-80.2230267471127,25.7727318606393],[-80.2230131981851,25.7727319913972],[-80.2228204215494,25.77273385501],[-80.2228436451696,25.7731038389016],[-80.2228439587087,25.7731088114929],[-80.2229191281928,25.7730792935302]],[[-80.2192884513244,25.7653574041665],[-80.2192965904711,25.7656224320299],[-80.2192993593157,25.7657163671946],[-80.219528314619,25.7657103575652],[-80.219516710926,25.7653479201039],[-80.2194700494229,25.765349263981],[-80.2192884513244,25.7653574041665]]]},"properties":{"FID":891,"M21_ZONE":"T6-8-O","Map_Code":"T6-8","Transect":"T6","Transect_D":"Urban Core Zone","Bldg_Heigh":"8","Intensity":"O","FLR":" ","Enact":"13114","Shape_STAr":33775265.7879,"Shape_STLe":225648.663364,"Shape__Area":3885448.6328125,"Shape__Length":76478.017652748284}},{"type":"Feature","id":892,"geometry":{"type":"Polygon","coordinates":[[[-80.1998955314365,25.7616936682555],[-80.1999355223846,25.761257237118],[-80.1999781672935,25.7607918345433],[-80.1999879343345,25.7606094431681],[-80.1999996395423,25.7603929295307],[-80.2000072787908,25.7602492890644],[-80.2000195939268,25.7600222186313],[-80.2000360933396,25.7597138187011],[-80.200040418178,25.7596430564373],[-80.2002849952815,25.7594889480394],[-80.2003187782943,25.7595274241499],[-80.200603617001,25.7598518223121],[-80.2006074424698,25.75985617876],[-80.2006681504572,25.7598124680649],[-80.2007816771139,25.7597316702774],[-80.2009007362228,25.759646948244],[-80.2010186351461,25.7595653149385],[-80.2011384408034,25.7594824878578],[-80.2012595823077,25.7593987220236],[-80.2013803427231,25.7593151264007],[-80.2014991939402,25.7592328958448],[-80.2016273944673,25.7591441812527],[-80.2018111089244,25.7590170823121],[-80.2019005075159,25.7589555294812],[-80.2019518984162,25.7590178514564],[-80.2020397780736,25.7589540236501],[-80.2021637730513,25.7588692418467],[-80.2022978786788,25.758777548657],[-80.2023709402348,25.7587276531377],[-80.2024274062215,25.7586889290663],[-80.2025569330126,25.7586003932984],[-80.2026860771158,25.758512115279],[-80.2028627150031,25.7583923680335],[-80.2029918546512,25.7583046899722],[-80.2031280550895,25.7582119775282],[-80.2031940559939,25.7581671140385],[-80.2032575769871,25.7581238707485],[-80.2033859546633,25.7580366178168],[-80.2035095628228,25.757952606279],[-80.2036962788928,25.7578304208935],[-80.2038221770758,25.7577447896082],[-80.203945784643,25.757660775877],[-80.2040175083066,25.757611902111],[-80.2041267925119,25.757537201115],[-80.2044169444772,25.7573430871695],[-80.2044170928061,25.7573420688841],[-80.2044172808941,25.7573407682854],[-80.2044566971091,25.7573140818888],[-80.2045277644129,25.757265965212],[-80.2046481356434,25.7571829676191],[-80.2047767102825,25.7570944236941],[-80.2048448138698,25.757047508348],[-80.2049096716513,25.7570027235586],[-80.2050335245846,25.7569174085808],[-80.205039199379,25.7569134976779],[-80.2051700624297,25.7568232490395],[-80.205263185727,25.7567627271758],[-80.2052600868442,25.7567579198759],[-80.2052321555932,25.7567145718069],[-80.2052352418535,25.7567124403385],[-80.2053278827107,25.7566484559246],[-80.2056142460971,25.7564465090537],[-80.2056686100817,25.7564092336019],[-80.2059562538012,25.7562146866551],[-80.2060401958602,25.7561565748346],[-80.2060415218917,25.7561581752502],[-80.2064156079916,25.75660960289],[-80.2065240611668,25.7565311991422],[-80.2069918881048,25.756207420554],[-80.2070894322671,25.7561399097534],[-80.2072848897428,25.7560046363124],[-80.2069128751584,25.7555562487284],[-80.2070294130861,25.7554827584285],[-80.2073527735402,25.755256075479],[-80.2073892102359,25.7552305662471],[-80.2077102692709,25.7550069660469],[-80.2077939731537,25.7549421307141],[-80.2081857084653,25.7553811761793],[-80.2090442106284,25.754786994469],[-80.2087123777066,25.7544012743791],[-80.2087982297791,25.7543415320662],[-80.2087957088503,25.754338542315],[-80.2089231285924,25.7542512791026],[-80.2090637112811,25.7541551455821],[-80.2092006651049,25.7540614871488],[-80.2092561504949,25.7540268819353],[-80.2093240284881,25.7539846055386],[-80.2093798941434,25.7539499138811],[-80.2093899985856,25.7539436925899],[-80.2094506310511,25.7539059351954],[-80.2095303301192,25.7538563274315],[-80.2096886944955,25.7537412880343],[-80.2097533591695,25.7536966723604],[-80.2098081063564,25.7536587953118],[-80.2098742983302,25.7536130703841],[-80.2099359106464,25.7535705881858],[-80.2099975254858,25.7535280193192],[-80.2100286174469,25.7535064358355],[-80.2100496007573,25.7534920205464],[-80.2101165564632,25.7534457824264],[-80.2101709199777,25.7534081604112],[-80.210231960685,25.7533660188935],[-80.2102918564211,25.7533247304667],[-80.2103622457266,25.7532759328694],[-80.21054520581,25.7531452917087],[-80.2105974733974,25.7531089498632],[-80.210666909184,25.7530606614565],[-80.2107233743852,25.7530212462127],[-80.2107909028025,25.752974238202],[-80.2108507998515,25.7529326922864],[-80.2108786503856,25.7529133251172],[-80.2109049741016,25.7528949823055],[-80.2109643012463,25.7528536905095],[-80.2110255341805,25.7528110333686],[-80.2110915369825,25.7527651353358],[-80.2111453306203,25.7527276822617],[-80.2112162923401,25.7526782834598],[-80.2112955021403,25.752625101139],[-80.2113337190611,25.7526680064399],[-80.2114233519456,25.7526070996162],[-80.2114765791322,25.7525692127813],[-80.211538008352,25.7525256114003],[-80.2115950510903,25.7524849938885],[-80.2116648729386,25.7524353332371],[-80.2117257322119,25.7523919841393],[-80.2117778142813,25.7523549530262],[-80.2118237920271,25.7523221863928],[-80.2118873218714,25.752276962423],[-80.2119416905467,25.7522383937662],[-80.2120065541452,25.7521922327833],[-80.2120649334049,25.7521506772326],[-80.2121194924776,25.7521119371298],[-80.2121839525292,25.7520696634229],[-80.2121802977658,25.7520652386907],[-80.2121697863832,25.7520525103426],[-80.2121733488968,25.7520499173332],[-80.2122299238732,25.7520086723937],[-80.2123020147308,25.7519608290102],[-80.2123676205324,25.7519172489557],[-80.2124280765622,25.7518770801336],[-80.2124948266057,25.7518327326329],[-80.2125478461498,25.7517975116139],[-80.2126168847802,25.751751627475],[-80.2126781029636,25.7517110330025],[-80.2127351267748,25.751673168925],[-80.2127990165559,25.7516306959756],[-80.2128611890064,25.7515894187587],[-80.2129147787224,25.7515538567715],[-80.2129992651542,25.7514977385926],[-80.2131126590737,25.7514185918748],[-80.2131091905227,25.7514141916407],[-80.2128671005604,25.7511073396922],[-80.212872437991,25.7511071997479],[-80.2131101271033,25.7511009679989],[-80.2131077539467,25.7510395430013],[-80.2130896233267,25.7506462581658],[-80.2135428275913,25.7506396764377],[-80.214016195599,25.7506328022605],[-80.2140237998631,25.7507860339171],[-80.2140769828876,25.7507479454648],[-80.2141670672872,25.7506834277962],[-80.2143788114192,25.7505317769023],[-80.2145214398717,25.7504281794653],[-80.2147253634929,25.7502800594753],[-80.2147252278984,25.7502565698321],[-80.2161911123559,25.750218118951],[-80.2162031236622,25.7505707980817],[-80.2163697769252,25.7505657582565],[-80.2164604597831,25.7505631058995],[-80.2165363692824,25.7505608849038],[-80.2166122797707,25.7505586647765],[-80.2166594201362,25.750557286375],[-80.2166881892606,25.7505564446042],[-80.2167444953112,25.7505547977451],[-80.2167640997456,25.7505542243976],[-80.2167750608856,25.7505539033369],[-80.2168400092321,25.750552004146],[-80.216899135566,25.7505502749085],[-80.2169159197136,25.7505497838601],[-80.2169268808531,25.750549462788],[-80.2169918292026,25.7505475626266],[-80.2170536013627,25.7505457554826],[-80.2170677396808,25.7505453422615],[-80.2170787008198,25.7505450211778],[-80.2171436491605,25.7505431218513],[-80.2172074859379,25.7505412544318],[-80.2172195596352,25.7505409014068],[-80.2172305207737,25.7505405803118],[-80.2172954691174,25.7505386800148],[-80.2173610604752,25.7505367605783],[-80.2173713795887,25.750536459491],[-80.2173823407208,25.7505361392871],[-80.2174472890616,25.7505342389223],[-80.2175219424207,25.7505320539889],[-80.2175341596704,25.7505316971959],[-80.2175991090049,25.7505297967686],[-80.217665978402,25.7505278407341],[-80.2176750194635,25.7505275769889],[-80.2176859796038,25.7505272558541],[-80.2177509289355,25.750525355359],[-80.2177888836738,25.7505242440779],[-80.2177998019349,25.7505239254175],[-80.2178145154781,25.7505234944526],[-80.2178268393966,25.7505231345974],[-80.2178377995364,25.7505228134512],[-80.2179027488592,25.7505209137908],[-80.2179563023975,25.7505193464576],[-80.2179728602372,25.7505188621958],[-80.2179786593169,25.7505186929499],[-80.2179896194563,25.7505183717923],[-80.2180545687821,25.7505164711614],[-80.2181199019224,25.7505145590226],[-80.2181304792363,25.7505142502413],[-80.2181414393693,25.7505139299748],[-80.2182063886922,25.7505120292761],[-80.2183053509389,25.7505091304668],[-80.2184600560397,25.7505009307012],[-80.2185561561068,25.7504981174568],[-80.2186012457841,25.7504967978278],[-80.2186320655567,25.7504958953667],[-80.2187079769982,25.7504936732476],[-80.2187560993066,25.7504922642312],[-80.2187838864446,25.7504914510782],[-80.2188597958894,25.7504892288691],[-80.2189084605209,25.7504878037557],[-80.2189357063291,25.7504870066258],[-80.2190116157704,25.7504847843374],[-80.2190591738218,25.7504833911502],[-80.2190875262126,25.7504825611122],[-80.2191634356505,25.7504803387445],[-80.2192190956531,25.7504787100292],[-80.219233267861,25.7504782949739],[-80.2192393450808,25.7504781172399],[-80.2193152555179,25.7504758938957],[-80.2193714209596,25.7504742497787],[-80.2193911649506,25.7504736714092],[-80.2194108222056,25.7504730961826],[-80.2194670743758,25.7504714497856],[-80.2195323117805,25.7504695401095],[-80.2195429848018,25.7504692272251],[-80.2196188942354,25.750467003717],[-80.2196771482172,25.7504652984622],[-80.219694804658,25.7504647810772],[-80.2197707140823,25.7504625583925],[-80.2198509610979,25.7504602090662],[-80.2198666645726,25.7504597488964],[-80.2199370950913,25.7504576610549],[-80.219936332472,25.7504427252243],[-80.2200180336879,25.7504393094345],[-80.2204283948146,25.7504257131503],[-80.2204353116126,25.7504254838963],[-80.2208471222291,25.750411839128],[-80.2208525864784,25.7504116580467],[-80.2210377767683,25.750405521451],[-80.2214520567403,25.7503917906917],[-80.2214620949658,25.7503914580245],[-80.2217895600289,25.7503806046578],[-80.2218379765941,25.7503789994146],[-80.2219546655468,25.7503760944607],[-80.2219546188999,25.7504312943867],[-80.2220150284719,25.7516210588436],[-80.2220182947297,25.7517012385302],[-80.2220238863856,25.7518384866677],[-80.2220448455568,25.7523529215873],[-80.2220450182668,25.7523597646474],[-80.2217933299974,25.7523357901064],[-80.2216387050392,25.7523156016421],[-80.2216383772364,25.7523087008855],[-80.2216315811785,25.7522477253072],[-80.2216177091968,25.7518589013183],[-80.2216033264054,25.7514473745683],[-80.2214042273776,25.7514517774984],[-80.2214041675402,25.7514517825944],[-80.2212868060063,25.7514543395787],[-80.221216920295,25.7514559426393],[-80.2210498033925,25.7514596062548],[-80.2208988259047,25.7514629254667],[-80.2207229742087,25.7514667992276],[-80.2205425624715,25.7514708198708],[-80.2204191243579,25.751473598176],[-80.2203644317431,25.7514747667508],[-80.2200419726227,25.7514818958391],[-80.2198191339686,25.7515160906932],[-80.21914716084,25.7515261089108],[-80.2189521347543,25.7515295328895],[-80.218738880661,25.7515326015504],[-80.2184979024653,25.7515359516716],[-80.2184975393916,25.7515270053021],[-80.2184031595342,25.7515170759014],[-80.2183952455424,25.7513664450828],[-80.2183927313049,25.75131778383],[-80.2183305116946,25.7513202796654],[-80.2181968112452,25.7513242899909],[-80.2180370912682,25.7513290216002],[-80.2178838320346,25.7513336144265],[-80.2177296189455,25.7513382028693],[-80.2175793957742,25.7513426401805],[-80.2174135991919,25.7513475957101],[-80.2172590087659,25.7513522673782],[-80.2171108742229,25.7513566296804],[-80.2169597005938,25.7513611487988],[-80.2167933574457,25.7513653929995],[-80.2166727776951,25.7513689868667],[-80.2163910580911,25.7513773777159],[-80.2163004519024,25.7513779732779],[-80.2162111762325,25.7513785876799],[-80.2162138714645,25.7514587643561],[-80.2161536927444,25.7514599433402],[-80.216068786942,25.7514567259338],[-80.215894918707,25.7514618177078],[-80.2157638107067,25.7514656565154],[-80.2157210504631,25.7514669092739],[-80.215307255516,25.7514790222383],[-80.2152301022214,25.7514812846219],[-80.2151994466743,25.7514821827296],[-80.2151513299857,25.7514835833713],[-80.2150788482968,25.7514857083766],[-80.2150255783946,25.7514872734637],[-80.2149961899495,25.7514881332266],[-80.2149251259045,25.7514902143465],[-80.2148502964574,25.7514924060135],[-80.2147726377298,25.7514946798715],[-80.2146778428051,25.7514974543135],[-80.2146779595636,25.751503950454],[-80.214679076984,25.7515662334085],[-80.2146803101723,25.7516350115948],[-80.2146802558755,25.7517057145199],[-80.2146810769671,25.7517660723152],[-80.2146812054772,25.7517729034041],[-80.2146829763342,25.7517835660976],[-80.2146844580804,25.7518459223245],[-80.2141836607731,25.7518622169066],[-80.2141845318081,25.7519243378548],[-80.2141890708771,25.7531077798968],[-80.2141890726509,25.7531146292562],[-80.2135033270694,25.75232944107],[-80.2134393191084,25.7523754593146],[-80.2133693107286,25.7524243480533],[-80.2133052160655,25.7524691381567],[-80.2132472256012,25.7525096645736],[-80.2131947664114,25.7525463520743],[-80.2131604300451,25.7525703279069],[-80.2131503395305,25.7525773565158],[-80.2131323894512,25.7525898650964],[-80.2130740178662,25.7526307314883],[-80.2130154518592,25.7526716004157],[-80.2129467804218,25.7527196341331],[-80.2128731469794,25.7527711676674],[-80.2128178623408,25.7528124577376],[-80.2128144385986,25.7528150154063],[-80.212839693922,25.7528471104537],[-80.2128432039603,25.7528515722989],[-80.2127894003876,25.7528877297416],[-80.2127224572033,25.7529324211325],[-80.2126719172506,25.7529661084583],[-80.212604211091,25.7530113101807],[-80.2125515717525,25.7530465341639],[-80.2124857732966,25.7530903732075],[-80.2124312272187,25.7531267891696],[-80.2123679083251,25.7531690059584],[-80.2123061166079,25.7532102859004],[-80.212247753925,25.7532492609325],[-80.2121857691936,25.7532906255295],[-80.2121230225241,25.7533325004895],[-80.2120648527836,25.7533712201355],[-80.2119782629244,25.753429981051],[-80.2119743530964,25.7534326344578],[-80.2119785057027,25.7534371449336],[-80.2119823940862,25.7534413660323],[-80.2119007317705,25.7534959453895],[-80.2118429387928,25.7535350966464],[-80.2117941121044,25.7535682784162],[-80.2117573784053,25.7535932455816],[-80.211736507443,25.753607429746],[-80.2116651704479,25.7536557932172],[-80.211603182759,25.7536978453635],[-80.2115701856021,25.7537202781984],[-80.2115438642058,25.7537381057235],[-80.211479967595,25.7537815240271],[-80.2114206459691,25.7538217843182],[-80.2113517919546,25.7538684397147],[-80.2112941884146,25.7539076793289],[-80.2112239964342,25.7539552733973],[-80.2110475533568,25.7540767499393],[-80.2109786974644,25.754123494505],[-80.2109203303659,25.7541631558808],[-80.2108591019372,25.7542048679012],[-80.2107978750355,25.7542464932483],[-80.2107356932378,25.7542887154631],[-80.2107082260914,25.7543074817001],[-80.2107541960692,25.7543621564702],[-80.2104120077085,25.7545948488116],[-80.2103358978899,25.7546479147298],[-80.2102945655058,25.7545963186659],[-80.2102063215941,25.7546586458328],[-80.2101376356591,25.7547082270482],[-80.2100752442417,25.754753285779],[-80.2100122816743,25.7547989407458],[-80.2099533254411,25.7548415240259],[-80.2099004851117,25.7548797689131],[-80.2098968514337,25.754882401194],[-80.2099126063914,25.7549009134823],[-80.2099162570533,25.7549052046547],[-80.2097766220249,25.7550019452967],[-80.2096308843796,25.7551027805111],[-80.2095061261868,25.7551891994493],[-80.2093217088373,25.7553098569444],[-80.2091941001324,25.7553967746377],[-80.2090622949789,25.7554866815759],[-80.2089064552517,25.7555928761815],[-80.2087788453724,25.755679880145],[-80.2086416980851,25.7557733682737],[-80.2084690052734,25.7559010505471],[-80.208328985881,25.7559981324696],[-80.2081956434436,25.7560904358066],[-80.2080556236159,25.7561875165506],[-80.2079199913739,25.756281440974],[-80.2077860757379,25.7563742580233],[-80.2075249164021,25.7565559681105],[-80.2074100875637,25.7566337547918],[-80.2072841968972,25.7567189614442],[-80.2071554433777,25.7568059577011],[-80.2070369922737,25.756886218384],[-80.2069051874592,25.756975433666],[-80.2068097939557,25.7570413836152],[-80.2068007640847,25.7570308852959],[-80.2067040427508,25.7570978876549],[-80.2065836529714,25.7571838990315],[-80.206454674642,25.7572762226885],[-80.2063268432406,25.7573675225509],[-80.2062016819829,25.7574570306447],[-80.2060822449752,25.7575423571566],[-80.2059775109926,25.7576121568724],[-80.2059491692513,25.7575793533062],[-80.2058592232572,25.7576419943064],[-80.205722062895,25.7577367675929],[-80.2055900536444,25.7578279564327],[-80.2055284355883,25.7578704384735],[-80.205464528904,25.757914711499],[-80.2053357631931,25.758003597078],[-80.2051997464454,25.7580976025208],[-80.2050181667462,25.7582186155643],[-80.2048953021032,25.7583052979913],[-80.2047632775828,25.7583982912751],[-80.2047047066521,25.7584394988033],[-80.2046398391273,25.7584853160595],[-80.2045158294962,25.7585727645691],[-80.2043838048016,25.7586658450511],[-80.2042983365493,25.7587246308171],[-80.2042924225689,25.7587189469798],[-80.2042081608825,25.7587791492303],[-80.2040839778651,25.7588641041834],[-80.203954829648,25.7589526433925],[-80.2038724212413,25.7590090238111],[-80.2038306452636,25.7590375999187],[-80.203700544749,25.7591267339497],[-80.2035614802886,25.759221924367],[-80.203519855843,25.7592509236528],[-80.2033905449271,25.7593410140148],[-80.2032577660223,25.759432885168],[-80.2031272789857,25.7595230500887],[-80.2030641325181,25.7595668107645],[-80.2029948821608,25.7596146658277],[-80.2028596251683,25.7597082425904],[-80.2027436343432,25.759788513115],[-80.202687101043,25.7598262069999],[-80.2026580654072,25.7598455669423],[-80.2025688929413,25.7599084402409],[-80.2024376476255,25.7599982573569],[-80.2023077361501,25.7600871329704],[-80.2022407780219,25.760133022508],[-80.2021751554329,25.7601778876006],[-80.2020294116078,25.7602775982873],[-80.2019187679384,25.7603533381386],[-80.2018296791803,25.7604161003987],[-80.201824659212,25.7604105901609],[-80.2017347004612,25.7604761376906],[-80.2014738960805,25.7606587004701],[-80.2014155015289,25.7607013698863],[-80.201353510665,25.760742813604],[-80.201226637309,25.7608316218378],[-80.2012080835925,25.7608445886376],[-80.2010111274832,25.7609701201552],[-80.2009184161681,25.7610339541621],[-80.2008155944825,25.7611039789592],[-80.2007942260524,25.7611185270441],[-80.2007491168516,25.7611492466883],[-80.2006791984155,25.7611968586375],[-80.2006114772053,25.7612430862139],[-80.200549669552,25.7612852211113],[-80.2004226202079,25.761371704222],[-80.2003959128395,25.7613899562921],[-80.2003062531373,25.7614511104324],[-80.2002795463021,25.7614692776338],[-80.2002044336021,25.7615229103876],[-80.2001085774657,25.761591355382],[-80.2001051924401,25.7615873136593],[-80.1999924280208,25.7616670815103],[-80.1999386254326,25.7617050456465],[-80.1999318112676,25.7617032471202],[-80.1998955314365,25.7616936682555]]]},"properties":{"FID":892,"M21_ZONE":"T6-8-O","Map_Code":"T6-8","Transect":"T6","Transect_D":"Urban Core Zone","Bldg_Heigh":"8","Intensity":"O","FLR":" ","Enact":"13114","Shape_STAr":3256937.86524,"Shape_STLe":20977.5439324,"Shape__Area":374557.23828125,"Shape__Length":7109.2862168637012}},{"type":"Feature","id":894,"geometry":{"type":"Polygon","coordinates":[[[-80.1999915629803,25.7896144663519],[-80.2016382538858,25.7895895777365],[-80.2016613071312,25.7905023576125],[-80.2016715647254,25.7909083975429],[-80.20168167834,25.7916602126517],[-80.2014696738724,25.7916625096386],[-80.2000572956666,25.7916778962218],[-80.1999915629803,25.7896144663519]]]},"properties":{"FID":894,"M21_ZONE":"T6-8-O","Map_Code":"T6-8","Transect":"T6","Transect_D":"Urban Core Zone","Bldg_Heigh":"8","Intensity":"O","FLR":" ","Enact":"13191","Shape_STAr":405181.711573,"Shape_STLe":2579.56362321,"Shape__Area":46624.939453125,"Shape__Length":875.44130220068575}},{"type":"Feature","id":895,"geometry":{"type":"Polygon","coordinates":[[[-80.2016382538858,25.7895895777365],[-80.1999915629803,25.7896144663519],[-80.1999711860048,25.7889773935911],[-80.1999659166874,25.7888796167293],[-80.2000766118304,25.7888709932154],[-80.201030410493,25.7893121318386],[-80.2013337299319,25.7893980463569],[-80.2016345239274,25.7894590016734],[-80.2016382538858,25.7895895777365]]]},"properties":{"FID":895,"M21_ZONE":"T6-8-O","Map_Code":"T6-8","Transect":"T6","Transect_D":"Urban Core Zone","Bldg_Heigh":"8","Intensity":"O","FLR":" ","Enact":"13114","Shape_STAr":81918.6535599,"Shape_STLe":1451.66224084,"Shape__Area":9426.283203125,"Shape__Length":491.83421981920412}},{"type":"Feature","id":907,"geometry":{"type":"Polygon","coordinates":[[[-80.2040693789461,25.7651262781406],[-80.2040873370122,25.7656089624111],[-80.2039997494719,25.7656116634874],[-80.2038512540135,25.7656148446606],[-80.2038193502895,25.7656155096176],[-80.2037420170191,25.7656172168441],[-80.2036916420195,25.7656182690593],[-80.2035399341789,25.7656215271185],[-80.2033848974347,25.7656248462337],[-80.2032594104661,25.7656275569751],[-80.2031017687384,25.7656309057591],[-80.2029437486347,25.7656343389548],[-80.2027971240105,25.76563740473],[-80.2026501194469,25.76564063978],[-80.2025107397354,25.7656435869898],[-80.2023321526946,25.7656516213864],[-80.2021936019677,25.7656570118017],[-80.2021176389923,25.7656595163983],[-80.2021160177586,25.7656595688916],[-80.202090246427,25.7656604178279],[-80.2020437379621,25.7656619528258],[-80.2018919709003,25.7656670511537],[-80.2017318497671,25.7656723634706],[-80.2015762872165,25.7656775291128],[-80.2014317403531,25.7656823262658],[-80.2012792152421,25.765687335848],[-80.2011278304809,25.765692351529],[-80.2009808169147,25.7656972177388],[-80.2008377891929,25.7657020190296],[-80.2008009871203,25.7657032476668],[-80.2007658981356,25.7657039558445],[-80.2007271204224,25.7657047195807],[-80.2007253804852,25.7656659347991],[-80.2007054027915,25.7652207092683],[-80.2040693789461,25.7651262781406]]]},"properties":{"FID":907,"M21_ZONE":"T5-L","Map_Code":"T5","Transect":"T5","Transect_D":"Urban Center Zone","Bldg_Heigh":" ","Intensity":"L","FLR":" ","Enact":"13114","Shape_STAr":192991.05104,"Shape_STLe":2565.83143065,"Shape__Area":22198.775390625,"Shape__Length":868.4887390323978}},{"type":"Feature","id":908,"geometry":{"type":"Polygon","coordinates":[[[-80.205751080486,25.7650788508327],[-80.2061150200382,25.7650684951958],[-80.2074020446995,25.7650261087228],[-80.2074182130744,25.7655006682358],[-80.2073610601057,25.7655022345305],[-80.2073616064446,25.7655193355598],[-80.2073616494547,25.7655206644992],[-80.2073013134076,25.7655222486398],[-80.2072774114016,25.7655227701816],[-80.2072067283028,25.7655243123726],[-80.2071736001862,25.7655250201402],[-80.2070656127772,25.7655273267076],[-80.2070306722317,25.7655280570645],[-80.2069055040378,25.7655306679824],[-80.2067507118862,25.7655339523035],[-80.2066000999701,25.7655371707859],[-80.2064314452192,25.7655408088659],[-80.2062853961718,25.7655429353174],[-80.206128355626,25.7655452417794],[-80.2061273931101,25.7655456246705],[-80.2061255006078,25.7655474945744],[-80.2057626318578,25.7655570039492],[-80.2057512018446,25.7650817354708],[-80.205751080486,25.7650788508327]]]},"properties":{"FID":908,"M21_ZONE":"T5-L","Map_Code":"T5","Transect":"T5","Transect_D":"Urban Center Zone","Bldg_Heigh":" ","Intensity":"L","FLR":" ","Enact":"13114","Shape_STAr":95753.0327044,"Shape_STLe":1442.40044171,"Shape__Area":11013.8515625,"Shape__Length":488.51504942736221}},{"type":"Feature","id":909,"geometry":{"type":"Polygon","coordinates":[[[-80.205751080486,25.7650788508327],[-80.2057512018446,25.7650817354708],[-80.2057626318578,25.7655570039492],[-80.2052351908229,25.765569785964],[-80.2052201101985,25.7650939577633],[-80.2052225080792,25.765093888715],[-80.2052340956411,25.7650935602346],[-80.205751080486,25.7650788508327]]]},"properties":{"FID":909,"M21_ZONE":"T5-O","Map_Code":"T5","Transect":"T5","Transect_D":"Urban Center Zone","Bldg_Heigh":" ","Intensity":"O","FLR":" ","Enact":"13292","Shape_STAr":30220.9493809,"Shape_STLe":695.357637083,"Shape__Area":3476.11328125,"Shape__Length":235.83063315030157}},{"type":"Feature","id":921,"geometry":{"type":"Polygon","coordinates":[[[-80.1975140519653,25.7687390250653],[-80.1976029781744,25.7704888082749],[-80.1976077894076,25.7705835003355],[-80.1976144791358,25.771442169581],[-80.1958747175638,25.7714991130887],[-80.1958789586668,25.7714098760982],[-80.1958674483605,25.7711022243185],[-80.1957875144919,25.7711073483686],[-80.1957791744117,25.77076422096],[-80.1957666157182,25.7702475717],[-80.1958036790578,25.7701228893418],[-80.1958599614075,25.769933552473],[-80.1958522998688,25.769702566896],[-80.195929157515,25.7696974257965],[-80.1959067995324,25.7689890922174],[-80.1959023220771,25.7689252536609],[-80.195890554315,25.7686129056726],[-80.1960503852078,25.7685986015355],[-80.1966684199529,25.7686123431842],[-80.1975140519653,25.7687390250653]]]},"properties":{"FID":921,"M21_ZONE":"CI","Map_Code":"CI","Transect":"CI","Transect_D":"Civic Institution Zone","Bldg_Heigh":" ","Intensity":" ","FLR":" ","Enact":"13114","Shape_STAr":583557.223372,"Shape_STLe":3199.88310524,"Shape__Area":67127.744140625,"Shape__Length":1086.0939638609955}},{"type":"Feature","id":922,"geometry":{"type":"Polygon","coordinates":[[[-80.1976144003986,25.7714319385005],[-80.1976077894076,25.7705835003355],[-80.1976029781744,25.7704888082749],[-80.1976719549285,25.7704838024396],[-80.1977574509098,25.7704884746907],[-80.1978833720243,25.7705236753109],[-80.1981423849746,25.7707793767629],[-80.1981485298723,25.7709456600033],[-80.1988005721945,25.7709294406638],[-80.1986719927311,25.7711848636234],[-80.1986021234198,25.7713235909731],[-80.1985564453622,25.7714131008635],[-80.1976144791358,25.771442169581],[-80.1976144003986,25.7714319385005]]]},"properties":{"FID":922,"M21_ZONE":"T6-36B-O","Map_Code":"T6-36","Transect":"T6","Transect_D":"Urban Core Zone","Bldg_Heigh":"36","Intensity":"O","FLR":"B","Enact":"13306","Shape_STAr":85649.2507013,"Shape_STLe":1345.63987572,"Shape__Area":9852.5703125,"Shape__Length":456.33694239653465}},{"type":"Feature","id":951,"geometry":{"type":"Polygon","coordinates":[[[-80.1959888337998,25.7769548067416],[-80.1959867614678,25.7768842071504],[-80.1959631674071,25.7760806838448],[-80.1959588303074,25.7759329854033],[-80.1959348361829,25.7751159263504],[-80.1959371966018,25.7750417225815],[-80.1956014142556,25.7750612785628],[-80.1954639482618,25.7750542208075],[-80.1951943516914,25.7750642234431],[-80.1947197203161,25.7750766005698],[-80.1946896053153,25.7741299167151],[-80.1955108698751,25.7741083709024],[-80.1956313430927,25.7741031777713],[-80.198675132638,25.7739716452712],[-80.1987415367403,25.774191749527],[-80.1986140820996,25.7741580530865],[-80.198709108393,25.7743406816573],[-80.1987275146773,25.774426612462],[-80.1987273504448,25.7744313233947],[-80.1989681008144,25.7750307290039],[-80.1990774406841,25.7752597728004],[-80.1991536627773,25.775419766517],[-80.1992456169807,25.7756126906165],[-80.199321840813,25.7757723421507],[-80.1994028014035,25.7759622810709],[-80.1995795675129,25.7787918028596],[-80.1995868127268,25.779019209509],[-80.1995924926774,25.7791047452108],[-80.1996115708825,25.7797487304745],[-80.1979141941002,25.779787761633],[-80.1978771988974,25.778840575761],[-80.1968132111403,25.778870582999],[-80.1968131582911,25.7788705845125],[-80.1968132939241,25.7788741308703],[-80.1968134569972,25.7788783399247],[-80.1968223875348,25.7791586376635],[-80.196833650591,25.779399614395],[-80.1968497538791,25.7798153049598],[-80.1964528414472,25.7798260475094],[-80.1962277684952,25.7798319514869],[-80.1961878959314,25.7788866252466],[-80.1961263059716,25.7769512191211],[-80.1959888337998,25.7769548067416]]]},"properties":{"FID":951,"M21_ZONE":"CI","Map_Code":"CI","Transect":"CI","Transect_D":"Civic Institution Zone","Bldg_Heigh":" ","Intensity":" ","FLR":" ","Enact":"13114","Shape_STAr":2276657.10406,"Shape_STLe":7859.81027988,"Shape__Area":261917.724609375,"Shape__Length":2667.6092670499447}},{"type":"Feature","id":968,"geometry":{"type":"Polygon","coordinates":[[[-80.2074134019749,25.7653594643902],[-80.2074020446995,25.7650261087228],[-80.2080960758008,25.7650026252415],[-80.2083459437873,25.7649942114124],[-80.2088200589737,25.7649782433443],[-80.2098865672198,25.7649431246229],[-80.2100676731779,25.7649371607701],[-80.2114045264835,25.7649434637051],[-80.2127094744532,25.7649116270058],[-80.2138704757005,25.7648887823907],[-80.2144046163176,25.7648782681176],[-80.2144001023638,25.7647795619992],[-80.2145500886519,25.7647761334627],[-80.2148739097792,25.7647698838739],[-80.2149214722335,25.7647706603428],[-80.2152990156831,25.7647530029602],[-80.2154650215783,25.7647477073992],[-80.2158475943901,25.7647305974321],[-80.2158825499046,25.7647284623088],[-80.216278181211,25.7647174404521],[-80.2165951258694,25.7647174252572],[-80.2169724156691,25.7647090558906],[-80.2170135942407,25.7647134909954],[-80.2174341078799,25.7647019950598],[-80.2175906971598,25.7647428172234],[-80.217974008242,25.7647286275217],[-80.2180064849086,25.7647281141796],[-80.2183643386058,25.7647154195812],[-80.2185187010891,25.7647194293693],[-80.2189690518566,25.7647046554858],[-80.2194376358057,25.7646892829398],[-80.2194843658168,25.7646871794004],[-80.219495446076,25.7649089209001],[-80.2204923262376,25.7648945760355],[-80.2217551332544,25.7648561599326],[-80.221767681094,25.7648557774986],[-80.2224909996336,25.7648337710656],[-80.2229313424615,25.764821260311],[-80.2230780001371,25.7648195365044],[-80.223222163664,25.764814601132],[-80.2249738829529,25.7647662085128],[-80.2250192925804,25.7647649536872],[-80.2266103131563,25.764720981544],[-80.2266110376196,25.7646091815493],[-80.2268584133755,25.764602870974],[-80.2268626192075,25.7646753305377],[-80.2268766496816,25.7650306804394],[-80.2267597892207,25.7650338472335],[-80.2266962128359,25.7650355702466],[-80.2266127895302,25.7650375407191],[-80.2266146288526,25.7651067453701],[-80.2265255877362,25.7651089468099],[-80.2263605356944,25.76511314257],[-80.2262063118707,25.7651169660429],[-80.2260484764563,25.7651209416532],[-80.2258942536127,25.7651247657029],[-80.2257394606017,25.7651285838481],[-80.2255880846701,25.7651324209112],[-80.2255516876913,25.765133330307],[-80.2254319613257,25.7651363192087],[-80.2253294176961,25.7651388470363],[-80.2252885631529,25.7651398545009],[-80.2251371857629,25.7651436062371],[-80.2249924602597,25.7651472199236],[-80.2248429837907,25.7651509814747],[-80.2247739305482,25.7651527169043],[-80.2246652080714,25.7651554505587],[-80.224581084774,25.7651577447023],[-80.2245816333477,25.7651748818299],[-80.2244907376982,25.765177133524],[-80.2243158082868,25.765181704],[-80.2241532272478,25.7651859104215],[-80.2240012815042,25.7651898276441],[-80.2238483852066,25.7651938290022],[-80.2236941595994,25.7651979070566],[-80.2235458198744,25.7652017590884],[-80.2233874175896,25.7652058145373],[-80.2232368015609,25.7652097398607],[-80.2230884638073,25.765213592339],[-80.2229329074313,25.7652176606774],[-80.2228542761727,25.7652197349109],[-80.2227758353106,25.7652218092159],[-80.2226261668005,25.7652256523112],[-80.2225037575529,25.7652172013715],[-80.2223343389675,25.76520550778],[-80.2223135266988,25.7652062712572],[-80.2221454206341,25.7652126826934],[-80.2220008721144,25.765218184507],[-80.2218466326976,25.7652240667407],[-80.2217540477146,25.7652276354981],[-80.2217156452925,25.765229116326],[-80.2216958159097,25.7652298804569],[-80.2215419592498,25.7652357644137],[-80.2213943672735,25.7652414226567],[-80.2212399404132,25.7652473032436],[-80.2210953898296,25.7652528059505],[-80.2209500780993,25.7652583910947],[-80.2207884350006,25.7652645755873],[-80.2205990545449,25.7652718173257],[-80.2204164948543,25.7652817572779],[-80.2202478360673,25.7652859267793],[-80.2200919019039,25.7652898203544],[-80.2199441373454,25.7652934993853],[-80.2197956092197,25.7652971741732],[-80.219790772072,25.7651949198849],[-80.2196281891345,25.7651989488305],[-80.2195614762636,25.7651933954659],[-80.2195029051401,25.7651944796214],[-80.2195036610645,25.7652233939006],[-80.2194645048368,25.7652262728174],[-80.2192851872126,25.7652343385764],[-80.2191449986031,25.7652406363158],[-80.2189713572139,25.7652485200143],[-80.2188332791366,25.7652547836449],[-80.2186778949274,25.7652617738589],[-80.2185397981419,25.7652679982959],[-80.2183870787514,25.7652738832139],[-80.2182824206471,25.7652770184509],[-80.218145856645,25.7652810130647],[-80.218058771209,25.7652835140891],[-80.2180296357046,25.7652843522923],[-80.2180273365359,25.7652844175688],[-80.2179429092706,25.7652892661662],[-80.2176155317282,25.7652996583639],[-80.2174591412373,25.7653445587678],[-80.2170395298771,25.7653626796552],[-80.2169872559894,25.7653672276589],[-80.2166211355495,25.7653691101883],[-80.2163076573687,25.765390809581],[-80.2159152957022,25.7653949726704],[-80.2158578803204,25.7653974995104],[-80.2154904222944,25.7654048050624],[-80.2153264746884,25.765416210063],[-80.2153262999776,25.7654120045582],[-80.2149488903271,25.7654235526289],[-80.2148952892791,25.7654151080422],[-80.2148901795749,25.7652550633789],[-80.2148901456654,25.765255065904],[-80.2148847864015,25.7650965905094],[-80.2145592456542,25.7651034708087],[-80.2144134812126,25.7651062027178],[-80.2144198657181,25.7652590583117],[-80.2142720990098,25.7652483748569],[-80.2138872422796,25.7652572108337],[-80.2138933101638,25.7653831196025],[-80.2137371820654,25.7653875216328],[-80.2135848529566,25.7653917734192],[-80.2134323350353,25.7653959346629],[-80.213271840306,25.7654003965431],[-80.2132115275556,25.7654020888732],[-80.2131250206592,25.7654045151486],[-80.2130753084856,25.7654058973486],[-80.2129731751956,25.765408736413],[-80.2128603357379,25.7654118731542],[-80.2128246827591,25.7654128637232],[-80.2127331406553,25.7654151533132],[-80.212696259005,25.7654160758246],[-80.2126554999418,25.7654170974058],[-80.2125114455042,25.7654181992378],[-80.212509928218,25.7654182108872],[-80.2123603797823,25.7654193649871],[-80.2123603327273,25.7654183384151],[-80.2122059846819,25.7654205143651],[-80.2122008875229,25.7654205526711],[-80.2120578536453,25.7654216875599],[-80.2119002283434,25.765422897658],[-80.2117525713461,25.7654239900644],[-80.2117524786421,25.7654239895623],[-80.2115109119992,25.7654258630212],[-80.2114137997719,25.7654255418225],[-80.2113477906599,25.7654253222902],[-80.2111909100222,25.7654289439343],[-80.2110361182894,25.7654324891743],[-80.2110360245707,25.7654324913743],[-80.2108769553623,25.7654361838608],[-80.2107263408548,25.7654396647629],[-80.2105926301919,25.7654428102318],[-80.2105924935982,25.7654428140043],[-80.2105925437614,25.765442765533],[-80.2105873394352,25.7653052839395],[-80.2104301238586,25.7653089282237],[-80.210278900404,25.765312413486],[-80.2101318533813,25.76531580391],[-80.2100778169737,25.7653176255841],[-80.210081485155,25.7654551683528],[-80.2100283411694,25.7654569443019],[-80.2099318729751,25.7654567637152],[-80.2097896378024,25.7654565070117],[-80.2096297444419,25.7654562427455],[-80.2094747873399,25.7654560024051],[-80.209361986738,25.765455820294],[-80.2092478583975,25.7654556281742],[-80.2089331953746,25.7654551234142],[-80.2088472973384,25.7654589251942],[-80.2087740122045,25.765462165435],[-80.2086864594009,25.765463409032],[-80.2085968150371,25.7654646773103],[-80.208589789563,25.7654647763148],[-80.2084743214946,25.7654663825129],[-80.2081871650184,25.7654703259568],[-80.2080353303659,25.7654862657818],[-80.2077644820613,25.7654928055955],[-80.2077532098452,25.7654930773208],[-80.2077418847798,25.7654933514655],[-80.2074837783003,25.7654995791901],[-80.2074182130744,25.7655006682358],[-80.2074134019749,25.7653594643902]]]},"properties":{"FID":968,"M21_ZONE":"T4-R","Map_Code":"T4","Transect":"T4","Transect_D":"General Urban Zone","Bldg_Heigh":" ","Intensity":"R","FLR":" ","Enact":"13114","Shape_STAr":1090834.09354,"Shape_STLe":13700.8507473,"Shape__Area":125471.55078125,"Shape__Length":4635.6848742547363}},{"type":"Feature","id":969,"geometry":{"type":"Polygon","coordinates":[[[-80.1928937550911,25.7644103976335],[-80.1928937162236,25.7645075380306],[-80.1928247632872,25.7645073010039],[-80.1928237844101,25.7645633077884],[-80.1928316625492,25.7648322900665],[-80.1927888643058,25.7648326909021],[-80.1925248292711,25.7648351709961],[-80.1924216998648,25.7648350032382],[-80.1925640434566,25.7643107162456],[-80.1926558322934,25.7643111883732],[-80.1928940001345,25.7643126924161],[-80.1928937550911,25.7644103976335]]]},"properties":{"FID":969,"M21_ZONE":"T6-48B-O","Map_Code":"T6-48","Transect":"T6","Transect_D":"Urban Core Zone","Bldg_Heigh":"48","Intensity":"O","FLR":"B","Enact":"14298","Shape_STAr":22452.0843053,"Shape_STLe":651.45276018,"Shape__Area":2582.46875,"Shape__Length":221.02891328085363}},{"type":"Feature","id":975,"geometry":{"type":"Polygon","coordinates":[[[-80.1945809248447,25.773694149343],[-80.1945968090041,25.7740138160747],[-80.1946019042647,25.7741318044156],[-80.1945023208712,25.7741307423236],[-80.1944963221677,25.7740161989093],[-80.1944804415419,25.7736972299399],[-80.1945809248447,25.773694149343]]]},"properties":{"FID":975,"M21_ZONE":"CS","Map_Code":"CS","Transect":"CS","Transect_D":"Civic Space Zone","Bldg_Heigh":" ","Intensity":" ","FLR":" ","Enact":"13114","Shape_STAr":5235.10490378,"Shape_STLe":382.824874953,"Shape__Area":602.240234375,"Shape__Length":130.07589205551392}},{"type":"Feature","id":976,"geometry":{"type":"Polygon","coordinates":[[[-80.2072178926843,25.7798497057498],[-80.2073150627553,25.779846529793],[-80.2077514887277,25.7798254613738],[-80.2078329244833,25.7798269500486],[-80.2078372956218,25.779700048426],[-80.2078382780515,25.7796770199167],[-80.2078968782462,25.7796762332056],[-80.2078968421181,25.779711546537],[-80.2078968115753,25.7797434668319],[-80.2079003884649,25.7798200636381],[-80.208045218709,25.7798918166832],[-80.2087650933487,25.7802255160713],[-80.2088856071397,25.7802979051127],[-80.2090076276929,25.7804174684948],[-80.2092997962299,25.7807237366758],[-80.2095504155804,25.7809864476755],[-80.2096158059944,25.7810549937275],[-80.2098849217438,25.7813351689514],[-80.2098897002389,25.7813401432372],[-80.2100966589904,25.781555607021],[-80.2103375807933,25.7817744006008],[-80.2107013258779,25.7818539843992],[-80.211218312122,25.7819929188961],[-80.2119680246127,25.782311376991],[-80.2125336864337,25.7825373180457],[-80.2126350528254,25.7825778081062],[-80.2127467926119,25.7826224396314],[-80.2133704006307,25.7828354346807],[-80.2133935536167,25.7833156785177],[-80.2134012792109,25.783475922009],[-80.2133261914656,25.7834809734352],[-80.21309788093,25.7834833493089],[-80.2131010493774,25.7836364074209],[-80.2129557251605,25.7836406075494],[-80.2128233189375,25.7836445344225],[-80.2127718395435,25.7836495255473],[-80.2127302976842,25.7836535513371],[-80.2126614278003,25.7836551789096],[-80.2125132496715,25.7836600518732],[-80.2123800814678,25.7836643172251],[-80.2122070171407,25.7836700868741],[-80.2120633982704,25.7836748116609],[-80.2119781441252,25.7836676079909],[-80.2119048429094,25.7836694819973],[-80.2117541931305,25.7836745123012],[-80.2116126670309,25.7836790755751],[-80.2114597401584,25.7836840932336],[-80.2113117365504,25.7836889505724],[-80.2112319345614,25.7836917719842],[-80.2111665417085,25.7836761418554],[-80.211001450686,25.7836824687152],[-80.2108443386769,25.783688494759],[-80.2104835424016,25.7837020718231],[-80.210480912647,25.783702170383],[-80.2102776580169,25.7837065697528],[-80.2099178284007,25.7837221554471],[-80.2098004119941,25.7837298473983],[-80.2095505600664,25.7834312028292],[-80.2094641796469,25.7833172214789],[-80.2092599595722,25.7831225480193],[-80.2090599761551,25.7829516632152],[-80.2088851302048,25.7828065365896],[-80.2086498376864,25.7826177076899],[-80.2085034217893,25.7824925944825],[-80.2082569267933,25.7822792114799],[-80.2081322384323,25.7821818354667],[-80.2079825530106,25.782063098332],[-80.2078493196583,25.781915626267],[-80.2077470639588,25.781759164475],[-80.2076309833059,25.7816049534516],[-80.2074529347085,25.7813870720747],[-80.2073743286479,25.7812908806937],[-80.2072894858459,25.7811358520821],[-80.2072555017825,25.7809417521756],[-80.207232855553,25.7805586573549],[-80.2072178926843,25.7798497057498]]]},"properties":{"FID":976,"M21_ZONE":"T3-R","Map_Code":"T3","Transect":"T3","Transect_D":"Sub-Urban Zone","Bldg_Heigh":" ","Intensity":"R","FLR":" ","Enact":"13114","Shape_STAr":1325733.90983,"Shape_STLe":5695.58425278,"Shape__Area":152533.28125,"Shape__Length":1930.7527266805712}},{"type":"Feature","id":977,"geometry":{"type":"Polygon","coordinates":[[[-80.2072177951401,25.7798450321926],[-80.2072147164743,25.7796992462597],[-80.2071939843471,25.7787168482231],[-80.2072312853562,25.7785784538488],[-80.2082107020221,25.7790512990321],[-80.2081054852117,25.7792363025411],[-80.2079781178454,25.7794833970284],[-80.2078967325062,25.7796409829723],[-80.2078968782462,25.7796762332056],[-80.2078382780515,25.7796770199167],[-80.2078372956218,25.779700048426],[-80.2078329244833,25.7798269500486],[-80.2077514887277,25.7798254613738],[-80.2073150627553,25.779846529793],[-80.2072178926843,25.7798497057498],[-80.2072177951401,25.7798450321926]]]},"properties":{"FID":977,"M21_ZONE":"CS","Map_Code":"CS","Transect":"CS","Transect_D":"Civic Space Zone","Bldg_Heigh":" ","Intensity":" ","FLR":" ","Enact":"13114","Shape_STAr":103592.976801,"Shape_STLe":1356.11944693,"Shape__Area":11918.396484375,"Shape__Length":460.21442126105268}},{"type":"Feature","id":983,"geometry":{"type":"Polygon","coordinates":[[[-80.2284686077008,25.7604155687113],[-80.2284555536493,25.7599682756348],[-80.2285403741897,25.7599668801198],[-80.2286489838089,25.759964678161],[-80.228791834179,25.7599604153192],[-80.2289477153691,25.7599539087492],[-80.2291012534324,25.7599512015231],[-80.2292513989662,25.7599485538019],[-80.2294086296391,25.7599457791464],[-80.2295545013639,25.7599432059764],[-80.2297099754519,25.7599404623183],[-80.2298725410258,25.7599401615894],[-80.23002256054,25.7599400497736],[-80.2300238215131,25.7599400483192],[-80.2300284728052,25.7600726190407],[-80.2300335103616,25.7602108316023],[-80.2300386436181,25.7603515170443],[-80.2300388122862,25.7603959936388],[-80.2300389197311,25.7604243078405],[-80.2300430404972,25.7604836621644],[-80.2300502500341,25.760660371877],[-80.2300564907442,25.7608132715995],[-80.2300597792377,25.7608939449768],[-80.2300630613667,25.7609743691862],[-80.2300754389165,25.7612777354062],[-80.2300873186411,25.7614275516776],[-80.2300966659219,25.7617570364678],[-80.2300457314078,25.7618583782181],[-80.2300503804008,25.7619732306492],[-80.2300568940946,25.7621341925123],[-80.2300613726587,25.762244870154],[-80.2300633517999,25.7622937910646],[-80.2300702703514,25.7624647790624],[-80.2300758361488,25.7626022424617],[-80.2300695831755,25.7627442387709],[-80.230076121953,25.7628826189944],[-80.2300825974895,25.7630196782946],[-80.2300876973244,25.7631275420187],[-80.2300887970519,25.7631508435916],[-80.230097116227,25.7633269290573],[-80.2301042615612,25.7634780688177],[-80.2301072702859,25.7635855874921],[-80.2301072754051,25.7635857211123],[-80.2285634772904,25.7636262233951],[-80.2285633866398,25.7636239003804],[-80.2284920235792,25.7617962742337],[-80.2284907324148,25.7617963170367],[-80.228490730527,25.7617961464247],[-80.2284906467849,25.7617939886322],[-80.228495976455,25.7616139053417],[-80.228491466563,25.7613796746032],[-80.2284914207405,25.7613773563387],[-80.2274951109494,25.7613997228007],[-80.2274938119142,25.7613997502081],[-80.2275062922692,25.7618134514389],[-80.2275763269203,25.7636582473914],[-80.2265534183763,25.7636882928425],[-80.2265761869432,25.7643299638127],[-80.226498562393,25.7643346089186],[-80.2263282619463,25.7643388182935],[-80.226170429033,25.7643427209529],[-80.2260101604305,25.7643466836047],[-80.2258696564577,25.764350157248],[-80.2257136351088,25.764354011276],[-80.2255592298781,25.7643578286022],[-80.2254079891472,25.76436156602],[-80.2252584612608,25.7643652618485],[-80.2251060390644,25.76436902877],[-80.2249630844328,25.7643725607033],[-80.2248184009922,25.7643761347406],[-80.2246396169457,25.7643805542142],[-80.2244562877928,25.7643841269323],[-80.2242905546424,25.7643897411228],[-80.2241314968685,25.7643951235198],[-80.2239760593982,25.7644003878402],[-80.2238218264011,25.7644056069656],[-80.2235234277186,25.764415708482],[-80.22336484349,25.7644210763181],[-80.2232107340681,25.7644262945516],[-80.2230623866893,25.7644313159081],[-80.2229099623133,25.7644364733123],[-80.2227486720092,25.7644419325425],[-80.2226048233689,25.7644468005335],[-80.2223108236996,25.7644412845523],[-80.2222731020088,25.7644425164256],[-80.2221071514859,25.7644484257437],[-80.2220919669974,25.7644489665238],[-80.2219581891431,25.7644537315364],[-80.2218084879719,25.7644590612088],[-80.221659519642,25.7644643648581],[-80.221501400128,25.7644699940131],[-80.2213516121772,25.7644753272639],[-80.2212004243236,25.7644807097376],[-80.2210673154757,25.7644854477218],[-80.2209187110199,25.7644907399215],[-80.220762664371,25.764496296323],[-80.2205705474303,25.7645031361581],[-80.2203905090469,25.7645121445208],[-80.2202180014874,25.7645169306677],[-80.2200563635378,25.7645214101801],[-80.2199120110186,25.7645254125756],[-80.2197604759203,25.7645296128228],[-80.2195994281691,25.7645340787428],[-80.2194767778688,25.764536876475],[-80.2194299919062,25.7645379416599],[-80.21896424533,25.7645538087266],[-80.2189597933545,25.7644219015636],[-80.218955366701,25.7642855164639],[-80.2189507862794,25.7641441442716],[-80.2189462158152,25.7640007944134],[-80.2189421028801,25.7638748140862],[-80.2189344017992,25.7637397744153],[-80.2184056503347,25.7637489054492],[-80.218385501795,25.7633436036511],[-80.2183806054265,25.7632451022326],[-80.2183601701582,25.7627268162643],[-80.218340804361,25.7621218007916],[-80.2183267718932,25.76168343229],[-80.2183078308956,25.7612117664426],[-80.2182793339984,25.7608019822236],[-80.2181982323667,25.7607838384034],[-80.2181969362755,25.7607838738676],[-80.2178288240586,25.7607941545142],[-80.217348680984,25.760787987655],[-80.2162930489515,25.7608222445704],[-80.2161238280385,25.7608185523787],[-80.214763146421,25.7608587122772],[-80.2147613316284,25.7607380292984],[-80.2147613533956,25.7606769855904],[-80.2147612690431,25.7606031308347],[-80.2147612156646,25.7605247187419],[-80.2147610010146,25.7604562755992],[-80.2147611314865,25.7604237121329],[-80.2147611121429,25.7603866472222],[-80.2145790621831,25.7603951962547],[-80.2145788106195,25.7601290634155],[-80.2145793232087,25.7600796386156],[-80.2142683940779,25.7600883864074],[-80.2142461565082,25.7593046465665],[-80.2142412277812,25.7591310241101],[-80.214243323418,25.7589439358474],[-80.2141119604309,25.758935741959],[-80.2122096218362,25.7602154002973],[-80.2116588697724,25.7605745185944],[-80.2114078078346,25.7607382244469],[-80.2112631060323,25.7608325766445],[-80.2112651849557,25.7608513486723],[-80.2112815440263,25.7609989914716],[-80.2112878472144,25.7611962736013],[-80.2112941742753,25.7613943195005],[-80.2113446508363,25.7629742798959],[-80.208558047764,25.7630586443626],[-80.2080468266286,25.7630707829837],[-80.2080449243762,25.7630708276963],[-80.2075124669989,25.7624578959116],[-80.2074126303488,25.7625324224266],[-80.2071028837246,25.7627469210555],[-80.2067636868024,25.7629819401083],[-80.2066588616318,25.7630488882056],[-80.2062186390338,25.7625212361747],[-80.205828282144,25.7628098389714],[-80.2057645361377,25.7627407405954],[-80.2056642894471,25.762623693567],[-80.2055668710295,25.7625099295112],[-80.2055295614877,25.7624663931207],[-80.2054732213838,25.7624005701487],[-80.205417255105,25.762335353071],[-80.2053844686621,25.7622969981912],[-80.2053100396856,25.7622100120996],[-80.205294210418,25.7621917002128],[-80.2049659008006,25.7624167171337],[-80.2048764370241,25.7624786117447],[-80.2044604143965,25.7627566476874],[-80.2043997392532,25.7626854857982],[-80.2043720427209,25.7626528334947],[-80.2042736864928,25.7625374287652],[-80.2041804179586,25.7624278991716],[-80.2040114119442,25.7625416698072],[-80.2038454591689,25.762653306819],[-80.2037627440208,25.7627138791477],[-80.2036717473882,25.7627690344357],[-80.2034324293296,25.7629384717429],[-80.2033625014078,25.7629824228558],[-80.2032760815487,25.7628790248905],[-80.2031843473212,25.762769269286],[-80.203109732661,25.7626920811835],[-80.2030445427728,25.7626147929977],[-80.2029599430354,25.7625153692655],[-80.2028640407134,25.7624024692684],[-80.2027677595105,25.7622893107814],[-80.2024478548402,25.7625060283504],[-80.202265307607,25.7626288359142],[-80.2020302925185,25.7627876386544],[-80.2020110258696,25.762800601641],[-80.2019047594389,25.762704067977],[-80.2017945307289,25.7626038170504],[-80.2016888313773,25.7625077999513],[-80.201583322414,25.7624119580336],[-80.201475923408,25.7623142137133],[-80.201354369441,25.7622038411742],[-80.2012781174356,25.7621220522802],[-80.2013306686835,25.7620860404399],[-80.201274129953,25.762020782563],[-80.2011725734345,25.7619016618693],[-80.2010755407319,25.7617878960982],[-80.2009888700909,25.7616860525093],[-80.2008963569191,25.7615775567433],[-80.2008051648328,25.7614705295675],[-80.2007085082969,25.7613571104364],[-80.2006114772053,25.7612430862139],[-80.2006791984155,25.7611968586375],[-80.2007491168516,25.7611492466883],[-80.2007942260524,25.7611185270441],[-80.2008155944825,25.7611039789592],[-80.2009184161681,25.7610339541621],[-80.2010111274832,25.7609701201552],[-80.2012080835925,25.7608445886376],[-80.201226637309,25.7608316218378],[-80.201353510665,25.760742813604],[-80.2014155015289,25.7607013698863],[-80.2014738960805,25.7606587004701],[-80.2017347004612,25.7604761376906],[-80.201824659212,25.7604105901609],[-80.2018296791803,25.7604161003987],[-80.2019187679384,25.7603533381386],[-80.2020294116078,25.7602775982873],[-80.2021751554329,25.7601778876006],[-80.2022407780219,25.760133022508],[-80.2023077361501,25.7600871329704],[-80.2024376476255,25.7599982573569],[-80.2025688929413,25.7599084402409],[-80.2026580654072,25.7598455669423],[-80.202687101043,25.7598262069999],[-80.2027436343432,25.759788513115],[-80.2028596251683,25.7597082425904],[-80.2029948821608,25.7596146658277],[-80.2030641325181,25.7595668107645],[-80.2031272789857,25.7595230500887],[-80.2032577660223,25.759432885168],[-80.2033905449271,25.7593410140148],[-80.203519855843,25.7592509236528],[-80.2035614802886,25.759221924367],[-80.203700544749,25.7591267339497],[-80.2038306452636,25.7590375999187],[-80.2038724212413,25.7590090238111],[-80.203954829648,25.7589526433925],[-80.2040839778651,25.7588641041834],[-80.2042081608825,25.7587791492303],[-80.2042924225689,25.7587189469798],[-80.2042983365493,25.7587246308171],[-80.2043838048016,25.7586658450511],[-80.2045158294962,25.7585727645691],[-80.2046398391273,25.7584853160595],[-80.2047047066521,25.7584394988033],[-80.2047632775828,25.7583982912751],[-80.2048953021032,25.7583052979913],[-80.2050181667462,25.7582186155643],[-80.2051997464454,25.7580976025208],[-80.2053357631931,25.758003597078],[-80.205464528904,25.757914711499],[-80.2055284355883,25.7578704384735],[-80.2055900536444,25.7578279564327],[-80.205722062895,25.7577367675929],[-80.2058592232572,25.7576419943064],[-80.2059491692513,25.7575793533062],[-80.2059775109926,25.7576121568724],[-80.2060822449752,25.7575423571566],[-80.2062016819829,25.7574570306447],[-80.2063268432406,25.7573675225509],[-80.206454674642,25.7572762226885],[-80.2065836529714,25.7571838990315],[-80.2067040427508,25.7570978876549],[-80.2068007640847,25.7570308852959],[-80.2068097939557,25.7570413836152],[-80.2069051874592,25.756975433666],[-80.2070369922737,25.756886218384],[-80.2071554433777,25.7568059577011],[-80.2072841968972,25.7567189614442],[-80.2074100875637,25.7566337547918],[-80.2075249164021,25.7565559681105],[-80.2077860757379,25.7563742580233],[-80.2079199913739,25.756281440974],[-80.2080556236159,25.7561875165506],[-80.2081956434436,25.7560904358066],[-80.208328985881,25.7559981324696],[-80.2084690052734,25.7559010505471],[-80.2086416980851,25.7557733682737],[-80.2087788453724,25.755679880145],[-80.2089064552517,25.7555928761815],[-80.2090622949789,25.7554866815759],[-80.2091941001324,25.7553967746377],[-80.2093217088373,25.7553098569444],[-80.2095061261868,25.7551891994493],[-80.2096308843796,25.7551027805111],[-80.2097766220249,25.7550019452967],[-80.2099162570533,25.7549052046547],[-80.2099126063914,25.7549009134823],[-80.2098968514337,25.754882401194],[-80.2099004851117,25.7548797689131],[-80.2099533254411,25.7548415240259],[-80.2100122816743,25.7547989407458],[-80.2100752442417,25.754753285779],[-80.2101376356591,25.7547082270482],[-80.2102063215941,25.7546586458328],[-80.2102945655058,25.7545963186659],[-80.2103358978899,25.7546479147298],[-80.2104120077085,25.7545948488116],[-80.2107541960692,25.7543621564702],[-80.2107082260914,25.7543074817001],[-80.2107356932378,25.7542887154631],[-80.2107978750355,25.7542464932483],[-80.2108591019372,25.7542048679012],[-80.2109203303659,25.7541631558808],[-80.2109786974644,25.754123494505],[-80.2110475533568,25.7540767499393],[-80.2112239964342,25.7539552733973],[-80.2112941884146,25.7539076793289],[-80.2113517919546,25.7538684397147],[-80.2114206459691,25.7538217843182],[-80.211479967595,25.7537815240271],[-80.2115438642058,25.7537381057235],[-80.2115701856021,25.7537202781984],[-80.211603182759,25.7536978453635],[-80.2116651704479,25.7536557932172],[-80.211736507443,25.753607429746],[-80.2117573784053,25.7535932455816],[-80.2117941121044,25.7535682784162],[-80.2118429387928,25.7535350966464],[-80.2119007317705,25.7534959453895],[-80.2119823940862,25.7534413660323],[-80.2119785057027,25.7534371449336],[-80.2119743530964,25.7534326344578],[-80.2119782629244,25.753429981051],[-80.2120648527836,25.7533712201355],[-80.2121230225241,25.7533325004895],[-80.2121857691936,25.7532906255295],[-80.212247753925,25.7532492609325],[-80.2123061166079,25.7532102859004],[-80.2123679083251,25.7531690059584],[-80.2124312272187,25.7531267891696],[-80.2124857732966,25.7530903732075],[-80.2125515717525,25.7530465341639],[-80.212604211091,25.7530113101807],[-80.2126719172506,25.7529661084583],[-80.2127224572033,25.7529324211325],[-80.2127894003876,25.7528877297416],[-80.2128432039603,25.7528515722989],[-80.212839693922,25.7528471104537],[-80.2128144385986,25.7528150154063],[-80.2128178623408,25.7528124577376],[-80.2128731469794,25.7527711676674],[-80.2129467804218,25.7527196341331],[-80.2130154518592,25.7526716004157],[-80.2130740178662,25.7526307314883],[-80.2131323894512,25.7525898650964],[-80.2131503395305,25.7525773565158],[-80.2131604300451,25.7525703279069],[-80.2131947664114,25.7525463520743],[-80.2132472256012,25.7525096645736],[-80.2133052160655,25.7524691381567],[-80.2133693107286,25.7524243480533],[-80.2134393191084,25.7523754593146],[-80.2135033270694,25.75232944107],[-80.2141890726509,25.7531146292562],[-80.2141890708771,25.7531077798968],[-80.2141845318081,25.7519243378548],[-80.2141836607731,25.7518622169066],[-80.2146844580804,25.7518459223245],[-80.2147980082715,25.751844157094],[-80.2151911348436,25.7518279914038],[-80.2162263778946,25.7517928161789],[-80.2162270644383,25.7519418294102],[-80.2162281303459,25.7521723021526],[-80.2162331151801,25.7531120153585],[-80.2162346919457,25.7535905406071],[-80.2162349071661,25.7536370213131],[-80.216240227088,25.7546488059661],[-80.2162417936342,25.7549873427287],[-80.2164095764946,25.754985177691],[-80.2165983498416,25.7549809472951],[-80.216671275646,25.7549793637491],[-80.2167899708299,25.7549767337777],[-80.2169327838591,25.7549736322561],[-80.2169607003695,25.7549730106266],[-80.2171566901617,25.7549686459094],[-80.217187076141,25.7549679508592],[-80.2173315991216,25.7549647714846],[-80.2174379495037,25.7549624212433],[-80.2175235998397,25.7549605590418],[-80.2177053444945,25.7549565493996],[-80.2178563269655,25.7549531469534],[-80.2180751033611,25.7549483897943],[-80.2181581711676,25.754947120837],[-80.2181631650418,25.7551031401142],[-80.2182286647995,25.7551017397704],[-80.2184582906141,25.7550934287688],[-80.2185452771222,25.7550902850501],[-80.2186789868575,25.7550855000526],[-80.2187521319769,25.7550828551183],[-80.2191182921278,25.7550696304202],[-80.2191248344719,25.7550693920039],[-80.2192613111396,25.7550644633456],[-80.21940033908,25.755059449848],[-80.2195564610561,25.7550537515634],[-80.2196966282679,25.7550487402786],[-80.2198445837228,25.7550433454396],[-80.220009442721,25.7550374344217],[-80.220109347505,25.7550348644592],[-80.2201097815231,25.7550483813505],[-80.2201890179332,25.7550458757371],[-80.2203512125732,25.7550407272485],[-80.2205092297834,25.7550357268161],[-80.2206600289602,25.7550309457356],[-80.2208070294611,25.755026315674],[-80.2209616272908,25.7550213831052],[-80.2211152756758,25.7550165292398],[-80.2212704436083,25.7550116011977],[-80.2214168749568,25.7550069656699],[-80.221580778925,25.75500182495],[-80.2217239812784,25.7549972585043],[-80.2218846562618,25.7549921850312],[-80.2220301386795,25.7549875456195],[-80.2221399056366,25.7549855541094],[-80.222140931992,25.7550073289555],[-80.2221552480242,25.7550069514027],[-80.2222126337653,25.7550054400215],[-80.2222732747533,25.7550038051917],[-80.2224998365965,25.7549992562777],[-80.222515029605,25.7549989059389],[-80.2226555624599,25.7549960447842],[-80.2227966654309,25.7549931883422],[-80.2229461237038,25.7549901163908],[-80.2230986210099,25.754987060502],[-80.2232397239777,25.7549842027275],[-80.2232292361399,25.7545822850027],[-80.223226808676,25.7545117032672],[-80.223126199683,25.7545177901761],[-80.2231239815229,25.7544455351284],[-80.2231129175551,25.7541614886104],[-80.2232777636351,25.7541572103131],[-80.2234395717014,25.7541529138205],[-80.2235861867425,25.7541491391066],[-80.2237413669504,25.7541421422925],[-80.2238874192315,25.7541370752808],[-80.2240416399157,25.75413170684],[-80.2241612937611,25.7541274421402],[-80.2241586976068,25.7540594203446],[-80.2241561159874,25.7539891618425],[-80.2241523700864,25.7538934485346],[-80.2241505846029,25.7538470108712],[-80.2241460508285,25.7537263601785],[-80.2241452283238,25.7537067518963],[-80.22413986902,25.7535672664794],[-80.2241350083383,25.7534387898111],[-80.2241337181712,25.7534031027188],[-80.2241296632607,25.7532968104243],[-80.2241272264606,25.7532332603295],[-80.2241243034229,25.7531574107493],[-80.2241209088126,25.7530660844095],[-80.2241191145302,25.7530208499358],[-80.2241145750946,25.7529012300336],[-80.2241137525853,25.7528816235546],[-80.2241079148281,25.7527280342672],[-80.2241071837366,25.752684693815],[-80.224079926007,25.752685409699],[-80.2240274144331,25.7512500957697],[-80.2240253959313,25.7512045540892],[-80.224107098714,25.751207717293],[-80.2241074637723,25.7512173433677],[-80.2241076236379,25.7512241872627],[-80.2243446376374,25.7512169379364],[-80.2245172982057,25.7512117113779],[-80.2245190697538,25.7512116576266],[-80.2245427199504,25.7512109432035],[-80.2246758237447,25.7512068399196],[-80.2247377643119,25.7512049311235],[-80.2248929658365,25.7512001960852],[-80.224920083406,25.7511993691725],[-80.2249352764872,25.7511989328202],[-80.2249842401855,25.7511973872183],[-80.2249958615065,25.7511970212122],[-80.2250765753908,25.7511945270723],[-80.2251371578751,25.7511926984364],[-80.2252307867937,25.7511898450768],[-80.2253369500367,25.7511866259676],[-80.2255319943367,25.7511806146272],[-80.2257336847656,25.7511744632491],[-80.2259838046144,25.7511667655204],[-80.2260631429553,25.7511642743529],[-80.226063247297,25.7511681680684],[-80.2261429275525,25.7511659792596],[-80.2264032982249,25.751158677394],[-80.2264834412873,25.7511564376005],[-80.2265989092407,25.7511531830504],[-80.2267950893738,25.7511476896604],[-80.2269922179023,25.7511421170933],[-80.2271872592264,25.751136702881],[-80.2273857183293,25.7511311368422],[-80.2275908261022,25.7511253458353],[-80.2277750399882,25.7511202191175],[-80.2280028351375,25.7511138555066],[-80.2280028829792,25.7511138557603],[-80.2280363593961,25.7511129202617],[-80.2281020027444,25.7511100890933],[-80.2281020559033,25.7511117340173],[-80.2281021880729,25.7511185804731],[-80.2281726666131,25.7511168246951],[-80.2284013374299,25.751108062227],[-80.2284370442709,25.7511067051794],[-80.2286246891553,25.7510995293818],[-80.2286429223698,25.7510987675424],[-80.2287187027309,25.751095900431],[-80.2288148049334,25.7510921985338],[-80.2288695034988,25.7510900790205],[-80.2289931467825,25.7510854044605],[-80.2290212561001,25.7510842633958],[-80.2290852590799,25.7510818509579],[-80.2291652172582,25.7510787493772],[-80.2293274140697,25.7510725563482],[-80.2293532438234,25.7510715737568],[-80.2294140198959,25.7510692334591],[-80.2295427610115,25.7510643173198],[-80.2297226386943,25.7510573797338],[-80.2297758083514,25.7510553980222],[-80.2297871922898,25.7513534797404],[-80.2297888514439,25.7514275705439],[-80.2301461879125,25.7514181607599],[-80.230134401429,25.7510511147694],[-80.2301360921017,25.7510510821858],[-80.2302294868169,25.7510491270269],[-80.2303988887032,25.7510445198521],[-80.2305667706128,25.7510399044482],[-80.2307204093208,25.7510357299243],[-80.2308717675646,25.7510315440954],[-80.2310248381522,25.7510273644438],[-80.2311790459635,25.7510231915381],[-80.2313296461497,25.7510190860799],[-80.2314798665868,25.7510149784616],[-80.2316371154272,25.7510106487123],[-80.2317936012213,25.7510064023253],[-80.2319460996474,25.7510022213932],[-80.2320866354604,25.7509983184201],[-80.2321715249153,25.7509963749302],[-80.2321716436844,25.7510000710389],[-80.2322486013787,25.750998397999],[-80.2324100286746,25.7509935758324],[-80.2325653789761,25.7509888920612],[-80.2327228199089,25.750984132485],[-80.2328838664527,25.7509793059807],[-80.2330369387183,25.7509746954572],[-80.2331877309764,25.7509701576157],[-80.2333271301457,25.7509659929083],[-80.2334910237878,25.7509610949692],[-80.2336440960243,25.7509564838062],[-80.2337910912575,25.7509520129133],[-80.2339468192413,25.7509473296534],[-80.2341010316703,25.750942725813],[-80.2341959035309,25.7509396701198],[-80.2342869611014,25.7509367360245],[-80.2344491538386,25.7509309705356],[-80.2344696649309,25.7509303038882],[-80.234603368221,25.750925590789],[-80.234657987774,25.7509236483114],[-80.2348485994621,25.7509169368182],[-80.2350338634841,25.7509104073014],[-80.2352244951123,25.7509036900041],[-80.23537694017,25.7508983209054],[-80.2355264122934,25.7508930551899],[-80.2356769941867,25.7508877247385],[-80.2358319705221,25.7508822619354],[-80.2359842855559,25.7508769565088],[-80.2361468589334,25.7508711893173],[-80.2362218967691,25.7508676545558],[-80.2362222545394,25.7508748325691],[-80.2362991286616,25.7508732770007],[-80.2364434629182,25.7508690476304],[-80.2365917865199,25.7508647523765],[-80.2367526429318,25.7508600081479],[-80.2369087495237,25.7508554780546],[-80.2369391355918,25.7508546010372],[-80.2369872121445,25.7508531866562],[-80.2369928238086,25.750853022892],[-80.237059353552,25.7508510390169],[-80.2371353186431,25.7508488581171],[-80.2372065359038,25.7508467371563],[-80.2373278906749,25.7508432458605],[-80.2373540989831,25.7508424380434],[-80.237501284312,25.7508381359001],[-80.237641248881,25.7508340539643],[-80.2377710030376,25.7508302623601],[-80.2377751122279,25.7511018894184],[-80.2377752725148,25.751164384942],[-80.2377753082764,25.7511704943244],[-80.2377753044062,25.7511773472903],[-80.2377936183397,25.7511786148063],[-80.2377948409405,25.7512327112334],[-80.237795038469,25.7512395553242],[-80.2378063984582,25.751517668014],[-80.23781773486,25.7517935473921],[-80.2378204925867,25.7518594920256],[-80.2378206701768,25.7518663369141],[-80.2378988369633,25.7518642736654],[-80.2379008441086,25.7519299182971],[-80.2379033921066,25.7520067117896],[-80.23790577345,25.7520796320029],[-80.2379080133809,25.7521455044184],[-80.237910546586,25.7522246167617],[-80.2378729428015,25.7522257955975],[-80.2378763419184,25.7522882340467],[-80.237880451148,25.7523584147055],[-80.2378840144207,25.7524248067553],[-80.2378894780421,25.7525207879747],[-80.2378967706053,25.7526577044085],[-80.2378989494156,25.7527028541635],[-80.2379014553017,25.7527562595412],[-80.2379044508949,25.7528227370767],[-80.2379079494334,25.7528992755696],[-80.2379113024765,25.7529689377492],[-80.237912593529,25.7529956045302],[-80.2379142889638,25.7530365309212],[-80.237917645866,25.753105589241],[-80.2379206400313,25.7531719801107],[-80.2379246373763,25.7532596988325],[-80.2379316177461,25.7533860371675],[-80.2379366683121,25.7534870882509],[-80.2379401822249,25.7535612221348],[-80.2379433739187,25.7536264956402],[-80.2379468806254,25.7537019157735],[-80.2379507507164,25.7537797470037],[-80.2379527664112,25.7538209413507],[-80.2379539446017,25.7538446784109],[-80.2379572911219,25.7539153686754],[-80.2379619788619,25.754013926515],[-80.2379647729072,25.7540688850613],[-80.2379208196548,25.7540704567225],[-80.2378594680464,25.7540727912159],[-80.2368907023003,25.7541096717124],[-80.2363451585303,25.754130438526],[-80.2343273685232,25.7542154420649],[-80.2343472934476,25.7550934557614],[-80.2343689700155,25.7555613776315],[-80.2343857547024,25.7560835216779],[-80.2343939788644,25.7564942498535],[-80.2344169390773,25.7568724009508],[-80.2344329649373,25.7571368899159],[-80.2344541519912,25.7575403891138],[-80.2344840994144,25.7579302942938],[-80.2336938271406,25.7579693957134],[-80.2334350910365,25.7579821971947],[-80.2328503785517,25.7580111255101],[-80.2324440162264,25.7580361662742],[-80.2311219122356,25.7580893808452],[-80.2311202299103,25.7580342403694],[-80.231107978162,25.7577547454987],[-80.2309621010753,25.7577611971581],[-80.2307427177789,25.7577708700191],[-80.2304948436642,25.7577818578766],[-80.230422451005,25.7577835116171],[-80.2303894054851,25.7577842684748],[-80.230398164077,25.7581227859023],[-80.2295982308905,25.7581314314374],[-80.2296000040909,25.7581949328073],[-80.2296024310842,25.7582348169098],[-80.2296105363559,25.7584402097367],[-80.2296211265191,25.7586754376854],[-80.2296272564824,25.7588197670454],[-80.2296359215331,25.7590399086205],[-80.2295364666189,25.7590422292857],[-80.2294563477044,25.759044079943],[-80.2293821875759,25.7590457905937],[-80.2292668643384,25.7590484558384],[-80.2292322292767,25.7590492572685],[-80.2290783160966,25.7590528111644],[-80.2290797303254,25.7590940610408],[-80.2289301069436,25.7590975192474],[-80.2287746354062,25.7591021983039],[-80.2287730847458,25.7590598645157],[-80.2287709183734,25.7590599144198],[-80.2287000661221,25.7590615474673],[-80.2286380827007,25.7590629819495],[-80.2285138466646,25.7590632371197],[-80.2284199689788,25.7590882062505],[-80.2284555536493,25.7599682756348],[-80.2283715818442,25.7599722228958],[-80.2282096732179,25.7599776019706],[-80.2282240361021,25.7603698616094],[-80.2282246268772,25.7604178635],[-80.2284686077008,25.7604155687113]],[[-80.2264806124614,25.7619723956868],[-80.2264733311748,25.7615465307924],[-80.2262424928879,25.7615536355097],[-80.226244305373,25.7616292543245],[-80.2262542137161,25.7619774235178],[-80.2263337783916,25.7619755717139],[-80.2264134620291,25.7619736672419],[-80.2264806124614,25.7619723956868]],[[-80.230263649911,25.7543638206327],[-80.2282261135149,25.7544115060577],[-80.2281768240269,25.7528866241071],[-80.2261610659304,25.752939661705],[-80.2262031743746,25.7544403217254],[-80.2262034620913,25.754452065016],[-80.2276814754628,25.7544224314633],[-80.227820934696,25.7544196336302],[-80.2282261135149,25.7544115060577],[-80.2282312515481,25.7545717784154],[-80.2282398288747,25.754839315504],[-80.2282862347935,25.756286596602],[-80.2294749944112,25.7562593347035],[-80.2301250289943,25.756244424244],[-80.2303398037099,25.7562394966394],[-80.2302986501964,25.7552258747235],[-80.2307025670143,25.7552107569927],[-80.2307025779814,25.7543429953886],[-80.230263555139,25.7543590396576],[-80.2302692335681,25.7545013131515],[-80.230263649911,25.7543638206327]]]},"properties":{"FID":983,"M21_ZONE":"T3-R","Map_Code":"T3","Transect":"T3","Transect_D":"Sub-Urban Zone","Bldg_Heigh":" ","Intensity":"R","FLR":" ","Enact":"13114","Shape_STAr":31740117.2949,"Shape_STLe":47788.085006,"Shape__Area":3650411.9765625,"Shape__Length":16200.137142466519}},{"type":"Feature","id":985,"geometry":{"type":"Polygon","coordinates":[[[-80.1913857308174,25.7663078155335],[-80.1907224559995,25.7661748280751],[-80.1904925829052,25.7670532360371],[-80.191036873223,25.7671787835284],[-80.1910173966728,25.7672512537983],[-80.1909746063786,25.7674281295356],[-80.1909273278334,25.7676231226771],[-80.1908280548713,25.768085024816],[-80.1909417886666,25.7681146168261],[-80.1909324710091,25.7681810596793],[-80.1908552911397,25.768528755811],[-80.1908471736745,25.7685716705222],[-80.1909242147731,25.7685876126712],[-80.1909157992721,25.7686233216766],[-80.1908656121287,25.7688149452406],[-80.1906356789434,25.7696928616662],[-80.1906255125913,25.7697316786635],[-80.190598156605,25.7698218339729],[-80.1905137058238,25.7697969403668],[-80.1904025852805,25.7697813211208],[-80.1902796060823,25.7697699234016],[-80.1901754678019,25.7697714868645],[-80.1900735252538,25.7697819219835],[-80.1900671338565,25.7696298232617],[-80.1900012136688,25.7691286398944],[-80.1886617794914,25.7691311967368],[-80.1882314947786,25.7696642168421],[-80.1882223623452,25.7696577661157],[-80.1881615856525,25.7696029169786],[-80.1881078761345,25.7695421759291],[-80.188061986552,25.7694764046917],[-80.188024671229,25.7694063810531],[-80.1879961140831,25.769333056536],[-80.1879762658152,25.7692638199624],[-80.1879613609536,25.7691935792389],[-80.1879515891328,25.7691225926801],[-80.1879469489942,25.7690512050917],[-80.1879474357812,25.7689796746051],[-80.1879530471444,25.7689083451169],[-80.187963974717,25.7688374740479],[-80.1879773991082,25.768762405143],[-80.1879885476389,25.7686868929742],[-80.1879974179671,25.7686112823412],[-80.1880040112702,25.7685354008451],[-80.1880083263854,25.7684594199831],[-80.1880103638883,25.7683832558124],[-80.1880123138987,25.7683479306509],[-80.1880142514599,25.7683145813207],[-80.1880240200028,25.7682462835474],[-80.1880398592099,25.768179051369],[-80.1880615775032,25.7681130561206],[-80.1880775950658,25.768075572667],[-80.1880891707837,25.7680488989416],[-80.1881095722223,25.768010733164],[-80.1891671061807,25.7682297776937],[-80.1892475622274,25.7682464347886],[-80.1894638575349,25.7682912140454],[-80.1901191344489,25.7684268717429],[-80.1902154548388,25.7680234229157],[-80.1900649378583,25.7679925000482],[-80.190053561574,25.7679898560628],[-80.1881972016658,25.7676057704824],[-80.1880722321212,25.7675798822325],[-80.1881206677158,25.767076151381],[-80.1881447823824,25.7668250593809],[-80.1881764711782,25.7664937928876],[-80.1881845865592,25.7664260960533],[-80.1882026444733,25.7662754695159],[-80.1882861340715,25.7655592262438],[-80.188320021162,25.7652675224407],[-80.1883553208532,25.7649636145336],[-80.188392441105,25.7646432108857],[-80.1884261243691,25.7643533960261],[-80.1884594052819,25.764067018],[-80.1884943099394,25.7637650873074],[-80.188555456346,25.763206659422],[-80.1886494307342,25.7623161974091],[-80.1887141706043,25.7617037088241],[-80.1887264620179,25.7615436010124],[-80.1887843609804,25.7610434479283],[-80.1887904139515,25.7609910349261],[-80.1887974193473,25.7609939976505],[-80.1888048480521,25.7607392865484],[-80.1888612484999,25.7597328027022],[-80.189321993153,25.7598345028582],[-80.1892992000832,25.7598073767266],[-80.1892489436607,25.759742013886],[-80.1892462988261,25.7597382450298],[-80.1893336773046,25.7597541182277],[-80.189408595761,25.75976999511],[-80.1896587872658,25.7598206194957],[-80.1897307908166,25.7597562162333],[-80.1900103174701,25.7595312198295],[-80.1902109100572,25.759353330072],[-80.1902555770587,25.7594029318972],[-80.190302918646,25.7594503091066],[-80.190357277283,25.759498929464],[-80.1903802347934,25.7594458386181],[-80.1906955378546,25.7590692038981],[-80.190742441846,25.7590230683485],[-80.1907416843251,25.7590223266712],[-80.1907409693649,25.7590216294605],[-80.1907409267918,25.7590215867992],[-80.1907401732763,25.7590208424362],[-80.1907395058913,25.7590201852066],[-80.1907394187579,25.7590200989704],[-80.1907386672419,25.7590193537159],[-80.1907380454386,25.7590187364563],[-80.1907379157383,25.7590186066561],[-80.1907371672433,25.7590178569052],[-80.1907365930029,25.759017281432],[-80.1907364207418,25.7590171071653],[-80.1907356752492,25.7590163556257],[-80.1907351455877,25.7590158210196],[-80.1907349307474,25.7590156049943],[-80.1907341882636,25.7590148507634],[-80.1907337031808,25.7590143570245],[-80.1907334467826,25.7590140956355],[-80.1907327092948,25.7590133396272],[-80.1907322687724,25.7590128894632],[-80.1907319698196,25.7590125827051],[-80.1907312353527,25.7590118222003],[-80.1907308413781,25.759011416525],[-80.1907304988801,25.7590110634896],[-80.1907297674096,25.7590103020988],[-80.1907294150357,25.7590099354687],[-80.1907290359452,25.7590095398053],[-80.1907283074833,25.7590087757232],[-80.1907279996699,25.7590084526682],[-80.1907275800182,25.7590080116467],[-80.1907268535622,25.7590072457704],[-80.1907265863344,25.759006964463],[-80.1907261291302,25.7590064753922],[-80.190725403677,25.7590057086189],[-80.1907251819942,25.7590054726972],[-80.190724684235,25.7590049373658],[-80.190723963784,25.7590041679123],[-80.1907237826867,25.7590039737381],[-80.1907232443603,25.7590033939513],[-80.190722527927,25.7590026200068],[-80.190722390375,25.75900247211],[-80.1907218134932,25.7590018451709],[-80.1907210990718,25.7590010685297],[-80.1907210030838,25.7590009650939],[-80.1907203896279,25.7590002928189],[-80.1907196782151,25.7589995134865],[-80.1907196218099,25.7589994526952],[-80.1907189697987,25.758998733268],[-80.1907182554629,25.7589979439902],[-80.1907175589709,25.758997169254],[-80.1907168822671,25.7589964162914],[-80.1907168535631,25.7589963863443],[-80.1907161541542,25.7589956007601],[-80.19071551803,25.7589948904477],[-80.1907154517551,25.7589948151592],[-80.1907147543643,25.7589940259755],[-80.190714163785,25.7589933610489],[-80.1907140569551,25.7589932394997],[-80.1907133635635,25.758992448533],[-80.1907128155634,25.758991825365],[-80.190712670178,25.7589916566636],[-80.1907119767865,25.7589908656969],[-80.1907114733345,25.7589902879091],[-80.1907112863914,25.7589900738441],[-80.190710599011,25.7589892783975],[-80.1907101361324,25.7589887441626],[-80.1907099116306,25.758988482951],[-80.1907092252531,25.7589876866073],[-80.1907088059382,25.7589871959418],[-80.1907085418842,25.7589868875724],[-80.1907078605089,25.7589860885485],[-80.1907074807645,25.758985642333],[-80.1907071791397,25.7589852886221],[-80.1907065027666,25.7589844869181],[-80.1907061635771,25.7589840869632],[-80.1907058253967,25.7589836852086],[-80.1907051510354,25.7589828808079],[-80.1907048524193,25.7589825244057],[-80.1907044776709,25.7589820764126],[-80.1907038063183,25.7589812693206],[-80.19070354926,25.7589809582821],[-80.1907031369592,25.7589804622397],[-80.1907024686091,25.7589796533591],[-80.1907022501124,25.7589793885702],[-80.1907018042583,25.7589788426954],[-80.1907011369111,25.7589780329177],[-80.1907009579726,25.758977814384],[-80.190700475575,25.7589772186602],[-80.19069981323,25.7589764062024],[-80.1906996738436,25.7589762348264],[-80.1906991538936,25.7589755910533],[-80.1906984945449,25.7589747777094],[-80.1906983947168,25.7589746525886],[-80.1906978401985,25.7589739616854],[-80.1906971838707,25.7589731438451],[-80.1906971206106,25.7589730649628],[-80.1906965325451,25.7589723233247],[-80.1906958792199,25.7589715036958],[-80.1906958554936,25.758971474679],[-80.1906952308785,25.7589706840945],[-80.1906945914712,25.7589698699588],[-80.1906939392223,25.7589690386014],[-80.1906933443204,25.7589682761643],[-80.1906932939141,25.7589682126985],[-80.1906926525867,25.7589673877204],[-80.190692096234,25.7589666733381],[-80.190692013259,25.7589665618506],[-80.190691372959,25.7589657323649],[-80.190690858158,25.7589650642489],[-80.1906907346403,25.7589649046955],[-80.1906901013299,25.7589640734434],[-80.1906896250904,25.7589634515769],[-80.1906894660198,25.7589632430828],[-80.1906888347151,25.7589624100365],[-80.1906883980339,25.7589618344251],[-80.1906882053979,25.7589615779038],[-80.1906875781048,25.7589607412692],[-80.1906871799789,25.7589602128101],[-80.1906869497904,25.7589599082395],[-80.1906863254876,25.7589590716215],[-80.1906859649325,25.7589585885038],[-80.1906857021876,25.7589582341064],[-80.1906850798966,25.7589573947916],[-80.1906847598783,25.7589569606424],[-80.1906844625895,25.7589565555045],[-80.1906838442978,25.7589557144067],[-80.1906835598568,25.7589553255879],[-80.1906832280058,25.7589548724173],[-80.1906826147102,25.7589540295419],[-80.1906823668187,25.7589536896694],[-80.1906820024235,25.7589531848668],[-80.1906813921305,25.7589523402028],[-80.1906811788073,25.7589520474604],[-80.1906807828402,25.7589514946417],[-80.1906801755497,25.758950648189],[-80.1906800007819,25.7589504025989],[-80.1906795702771,25.758949798137],[-80.1906789679826,25.7589489499069],[-80.190678827777,25.7589487523494],[-80.1906783667032,25.7589480989744],[-80.1906777654237,25.7589472480419],[-80.1906776627584,25.758947100339],[-80.1906771671469,25.7589463953208],[-80.1906765708697,25.7589455417082],[-80.1906765037632,25.7589454420435],[-80.1906759775949,25.7589446863069],[-80.190675384308,25.758943832711],[-80.190675349758,25.758943782873],[-80.1906747930513,25.7589429737103],[-80.1906742047543,25.7589421192394],[-80.1906736392236,25.758941288364],[-80.190673136849,25.7589405517154],[-80.1906730736745,25.7589404601964],[-80.1906725091406,25.7589396293265],[-80.1906720749365,25.7589389824194],[-80.1906719485998,25.7589387975762],[-80.1906713890681,25.7589379640261],[-80.1906710150359,25.7589374104267],[-80.1906708285396,25.7589371304705],[-80.1906702739855,25.7589362978508],[-80.1906699651335,25.7589358339762],[-80.190669718453,25.7589354625177],[-80.1906691669076,25.7589346272068],[-80.1906689202455,25.7589342530404],[-80.1906686143899,25.7589337882798],[-80.1906680658592,25.758932949375],[-80.1906678813381,25.7589326721378],[-80.1906675163196,25.7589321122699],[-80.1906669697886,25.7589312724736],[-80.1906668494447,25.7589310858583],[-80.1906664272446,25.7589304326994],[-80.1906658837161,25.7589295911144],[-80.1906658235503,25.7589294969042],[-80.1906653421995,25.7589287468327],[-80.1906648016674,25.7589279043618],[-80.1906642444474,25.7589270238867],[-80.1906637019647,25.7589261750863],[-80.1906636842189,25.7589261461028],[-80.1906631299953,25.7589252647417],[-80.1906626122541,25.7589244422558],[-80.190662574775,25.7589243833751],[-80.1906620235541,25.7589235002254],[-80.1906615275579,25.7589227049399],[-80.1906614733176,25.7589226188865],[-80.1906609261142,25.7589217312458],[-80.1906604498635,25.7589209640523],[-80.1906603778896,25.7589208472101],[-80.1906598336704,25.7589199604887],[-80.1906593801616,25.7589192205012],[-80.1906592914508,25.7589190728758],[-80.1906587492435,25.7589181834576],[-80.1906583164769,25.7589174715676],[-80.1906582110172,25.7589172949643],[-80.1906576737998,25.7589164046712],[-80.1906572617692,25.7589157217813],[-80.190657138582,25.7589155134866],[-80.1906566053578,25.758914622313],[-80.1906562150784,25.7589139657209],[-80.1906560721519,25.7589137284316],[-80.1906555439238,25.7589128354806],[-80.1906551713841,25.7589122087746],[-80.1906550167107,25.7589119398272],[-80.1906544894915,25.7589110450764],[-80.1906541396937,25.7589104455764],[-80.1906539662716,25.7589101485426],[-80.1906534440546,25.7589092511117],[-80.19065311399,25.7589086815089],[-80.190652924834,25.7589083527948],[-80.1906524076253,25.7589074517811],[-80.1906520953126,25.7589069102592],[-80.1906518913949,25.7589065534808],[-80.1906513771826,25.7589056515811],[-80.1906510836125,25.7589051390482],[-80.1906508619796,25.7589047487733],[-80.1906503537479,25.7589038469068],[-80.1906500799294,25.7589033615633],[-80.1906498455283,25.7589029432352],[-80.1906493383239,25.7589020368612],[-80.1906490832419,25.7589015814093],[-80.1906488341037,25.7589011314064],[-80.1906483308802,25.7589002259572],[-80.1906480935501,25.7588997985863],[-80.1906478296564,25.7588993196165],[-80.1906473304444,25.758898410579],[-80.1906471128475,25.7588980131052],[-80.190646833226,25.7588975015525],[-80.1906463380133,25.758896590732],[-80.1906461391467,25.7588962240525],[-80.1906458447941,25.7588956799225],[-80.1906453535685,25.7588947691241],[-80.1906451714571,25.7588944305199],[-80.1906448653515,25.7588938556344],[-80.1906443781252,25.7588929430529],[-80.1906442137412,25.7588926361402],[-80.1906438929107,25.7588920277746],[-80.190643407684,25.7588911143016],[-80.1906432620487,25.7588908354753],[-80.1906429264627,25.7588901981429],[-80.1906424462565,25.7588892792819],[-80.1906423173519,25.7588890321413],[-80.190641970019,25.7588883631509],[-80.1906414937998,25.758887444312],[-80.1906413816321,25.7588872279547],[-80.1906410215677,25.7588865254953],[-80.1906405483389,25.758885606673],[-80.1906404519418,25.7588854165803],[-80.1906400781186,25.7588846851596],[-80.1906396108887,25.7588837636627],[-80.1906395312223,25.7588836052558],[-80.1906391456706,25.7588828394691],[-80.190638681431,25.7588819179889],[-80.1906386155111,25.7588817903485],[-80.1906382182248,25.7588809910985],[-80.1906377579783,25.7588800687378],[-80.190637709792,25.7588799718862],[-80.1906373017372,25.7588791436914],[-80.1906368455083,25.7588782168398],[-80.1906368110685,25.7588781507548],[-80.1906363902762,25.7588772899937],[-80.1906359360592,25.7588763604453],[-80.1906359183563,25.7588763251435],[-80.1906354868199,25.7588754318273],[-80.1906350366084,25.7588744995932],[-80.1906345923467,25.7588735719055],[-80.1906341550012,25.7588726532827],[-80.190633705866,25.7588717093201],[-80.1906332911583,25.7588708332478],[-80.1906332656342,25.7588707753362],[-80.1906328283866,25.7588698422716],[-80.1906324314186,25.7588689960854],[-80.1906323911391,25.7588689092069],[-80.190631956894,25.7588679743537],[-80.1906315796714,25.7588671562595],[-80.190631523658,25.7588670377007],[-80.190631094415,25.7588661001673],[-80.1906307329264,25.7588653137534],[-80.1906306641631,25.7588651644336],[-80.1906302369138,25.7588642269112],[-80.1906298941738,25.7588634685837],[-80.1906298136698,25.7588632867032],[-80.1906293914165,25.7588623474033],[-80.1906290654072,25.7588616207617],[-80.1906289701599,25.758861408109],[-80.1906285519058,25.7588604670261],[-80.1906282426456,25.7588597693624],[-80.1906281346485,25.7588595259487],[-80.1906277214027,25.758858581283],[-80.1906274288671,25.7588579162077],[-80.1906273071418,25.7588576393196],[-80.1906268988798,25.7588566946816],[-80.1906266220903,25.7588560594814],[-80.1906264896149,25.7588557509407],[-80.1906260833404,25.7588548072164],[-80.1906258233061,25.7588542000915],[-80.190625678087,25.7588538598871],[-80.1906252778113,25.7588529134882],[-80.1906250325204,25.7588523371355],[-80.1906248745576,25.7588519652675],[-80.1906244762816,25.7588510179771],[-80.1906242477213,25.7588504733101],[-80.1906240800052,25.7588500697951],[-80.1906236857285,25.7588491207216],[-80.1906234729143,25.7588486059297],[-80.1906232934575,25.7588481698539],[-80.1906229021833,25.7588472189918],[-80.1906227051153,25.7588467340749],[-80.1906225139054,25.7588462672437],[-80.1906221266243,25.7588453155011],[-80.1906219452842,25.7588448631671],[-80.1906217443271,25.7588443637862],[-80.1906213620543,25.7588434084609],[-80.190621192461,25.758842987785],[-80.1906209807721,25.7588424540437],[-80.1906206034708,25.7588415005513],[-80.1906204466396,25.7588411088313],[-80.1906202271786,25.7588405452592],[-80.1906198518893,25.75883958907],[-80.1906197117948,25.7588392281332],[-80.1906194785995,25.7588386319893],[-80.1906191083123,25.75883767312],[-80.1906189829367,25.7588373465658],[-80.1906187409909,25.7588367178778],[-80.1906183756998,25.758835757231],[-80.1906182620832,25.7588354605296],[-80.1906180113992,25.7588347974923],[-80.1906176480832,25.7588338395643],[-80.1906175472226,25.7588335727214],[-80.1906172877819,25.7588328780426],[-80.1906169294742,25.7588319165319],[-80.1906168423479,25.7588316822608],[-80.1906165741629,25.7588309541353],[-80.1906162198483,25.7588299917441],[-80.1906161464562,25.7588297900448],[-80.1906158695207,25.7588290293752],[-80.1906155182087,25.7588280651954],[-80.1906154575541,25.7588278960624],[-80.1906151698808,25.7588271019349],[-80.1906148255521,25.7588261368914],[-80.19061477566,25.7588259976056],[-80.1906144812235,25.7588251718478],[-80.1906141398974,25.7588242050156],[-80.190614101746,25.7588240982906],[-80.1906138005648,25.7588232381945],[-80.1906134632318,25.7588222704819],[-80.1906134348216,25.7588221972092],[-80.1906131278924,25.7588213027804],[-80.190612792553,25.7588203350788],[-80.1906127778892,25.7588202925727],[-80.1906124622034,25.7588193665024],[-80.1906121299094,25.7588183906939],[-80.1906118065126,25.7588174257667],[-80.1906114830853,25.7588164653526],[-80.1906111578053,25.7588154841671],[-80.1906108540255,25.7588145662869],[-80.1906108344515,25.7588145129216],[-80.1906105160875,25.7588135408012],[-80.1906102270571,25.7588126527905],[-80.1906101997293,25.7588125668866],[-80.1906098853585,25.7588115938857],[-80.1906096100563,25.7588107393494],[-80.190609571,25.7588106190796],[-80.1906092616191,25.7588096452038],[-80.1906090000757,25.7588088196288],[-80.1906089522505,25.7588086695228],[-80.1906086468689,25.7588076938639],[-80.1906083980507,25.7588069026604],[-80.1906083404905,25.7588067181995],[-80.1906080371025,25.7588057425517],[-80.1906078050333,25.7588049803262],[-80.1906077377197,25.7588047642183],[-80.1906074393338,25.7588037858903],[-80.190607217012,25.7588030562145],[-80.1906071419385,25.7588028084706],[-80.1906068485425,25.7588018292677],[-80.1906066409639,25.758801130364],[-80.1906065551404,25.7588008509675],[-80.1906062687278,25.7587998709009],[-80.1906060709026,25.7587992036441],[-80.1906059803278,25.7587988899205],[-80.1906056939213,25.7587979089512],[-80.1906055088337,25.7587972742608],[-80.1906054105112,25.7587969270959],[-80.1906051260983,25.7587959461377],[-80.190604954751,25.7587953431165],[-80.190604847672,25.7587949643102],[-80.1906045692518,25.75879398158],[-80.1906044106421,25.758793411125],[-80.1906042948248,25.7587929979693],[-80.1906040204039,25.7587920134561],[-80.1906038735411,25.7587914746592],[-80.1906037499578,25.7587910307702],[-80.190603480533,25.7587900444794],[-80.1906033414178,25.7587895391238],[-80.1906032130894,25.758789060005],[-80.1906029486361,25.7587880755471],[-80.1906028212677,25.7587876018496],[-80.1906026851917,25.7587870892896],[-80.1906024227564,25.7587861012324],[-80.1906023091101,25.7587856619118],[-80.1906021652927,25.7587851150081],[-80.1906019098286,25.7587841278923],[-80.1906018029515,25.7587837192996],[-80.1906016553611,25.758783140782],[-80.1906014028996,25.7587821518775],[-80.1906013057759,25.7587817749319],[-80.1906011514347,25.7587811629787],[-80.1906009029723,25.7587801722912],[-80.1906008155837,25.7587798297004],[-80.190600657488,25.7587791834255],[-80.1906004119976,25.7587781954625],[-80.1906003353713,25.758777882719],[-80.1906001725122,25.7587772039222],[-80.1905999300304,25.758776213268],[-80.1905998631575,25.7587759321716],[-80.1905996925446,25.7587752208362],[-80.1905994560495,25.7587742293126],[-80.190599396912,25.7587739834626],[-80.1905992245382,25.7587732378167],[-80.1905989910517,25.7587722436018],[-80.1905989416553,25.7587720312041],[-80.1905987615277,25.7587712530196],[-80.1905985340218,25.758770258838],[-80.1905984923852,25.7587700780762],[-80.1905983095061,25.7587692646731],[-80.1905980859749,25.7587682723189],[-80.1905980511076,25.7587681222848],[-80.1905978654463,25.758767278176],[-80.1905976469234,25.7587662822391],[-80.1905976207943,25.7587661665544],[-80.1905974293973,25.7587652863077],[-80.1905972158459,25.7587642922037],[-80.1905971964799,25.7587642081494],[-80.1905970023129,25.7587632953918],[-80.190596791758,25.7587623004018],[-80.1905967811363,25.7587622497942],[-80.1905965842178,25.7587613018179],[-80.1905963757236,25.7587602969102],[-80.1905961740905,25.758759309191],[-80.1905959724819,25.7587583178613],[-80.190595771968,25.7587573120953],[-80.1905955820328,25.7587563632552],[-80.1905955733986,25.7587563135614],[-80.1905953808159,25.758755314158],[-80.1905952016186,25.7587543987757],[-80.19059518424,25.7587543156351],[-80.190594993663,25.7587533144376],[-80.1905948262065,25.758752431616],[-80.1905948040645,25.7587523159535],[-80.1905946164655,25.7587513165778],[-80.1905944597591,25.7587504654088],[-80.1905944318691,25.7587503154136],[-80.1905942502629,25.758749314266],[-80.1905941023132,25.7587484947385],[-80.1905940686568,25.7587483131184],[-80.1905938900409,25.7587473119874],[-80.1905937498387,25.758746525901],[-80.1905937134246,25.7587463099648],[-80.1905935378052,25.7587453079479],[-80.1905934093376,25.7587445553249],[-80.1905933661788,25.7587443050504],[-80.1905931965399,25.7587433030667],[-80.1905930748354,25.7587425820741],[-80.1905930279038,25.7587423001858],[-80.1905928632548,25.7587412973272],[-80.190592749298,25.7587406097758],[-80.1905926996086,25.7587402935715],[-80.1905925369592,25.7587392898213],[-80.1905924327496,25.7587386348195],[-80.1905923763094,25.7587382851796],[-80.1905922196344,25.7587372823652],[-80.1905921241815,25.758736659005],[-80.1905920629839,25.7587362759405],[-80.1905919132923,25.7587352722623],[-80.1905918215938,25.7587346832237],[-80.1905917606288,25.7587342658597],[-80.190591611934,25.7587332621871],[-80.1905915299889,25.7587327047955],[-80.1905914642604,25.7587322549096],[-80.1905913195649,25.7587312494539],[-80.1905912453552,25.7587307273087],[-80.1905911788625,25.7587302431178],[-80.190591038154,25.7587292376842],[-80.1905909687138,25.7587287471584],[-80.1905908994512,25.7587282304566],[-80.1905907647293,25.7587272241537],[-80.19059070204,25.7587267670635],[-80.190590629029,25.7587262151375],[-80.1905904972974,25.7587252088512],[-80.1905904423497,25.7587247861048],[-80.1905903675716,25.7587242007708],[-80.1905902398332,25.7587231936041],[-80.1905901916424,25.7587228033907],[-80.1905901140943,25.7587221855459],[-80.1905899903429,25.7587211784014],[-80.1905899469095,25.7587208216125],[-80.1905898695879,25.7587201703709],[-80.1905897508386,25.7587191605462],[-80.1905897131532,25.75871883809],[-80.1905896340706,25.7587181525378],[-80.1905895193145,25.7587171418327],[-80.1905894873831,25.7587168528067],[-80.1905894075364,25.7587161329494],[-80.1905892977518,25.7587151240772],[-80.1905892675997,25.7587148666539],[-80.1905891889823,25.7587141125028],[-80.1905890831847,25.7587131036528],[-80.1905890607742,25.7587128805732],[-80.19058897839,25.7587120939056],[-80.1905888765856,25.7587110841752],[-80.190588856945,25.7587108936065],[-80.1905887787743,25.7587100735643],[-80.1905886779728,25.7587090629367],[-80.1905886650769,25.7587089067063],[-80.1905885841485,25.758708052348],[-80.1905884903242,25.7587070417592],[-80.1905884791955,25.7587069189367],[-80.1905883975029,25.7587060302734],[-80.1905883096591,25.7587050197179],[-80.1905883013003,25.7587049294063],[-80.1905882228183,25.7587040082654],[-80.1905881399706,25.7587029959323],[-80.1905881343634,25.7587029408394],[-80.1905880571107,25.7587019854045],[-80.1905879733396,25.7587009622346],[-80.1905878993893,25.7586999607828],[-80.1905878214826,25.7586989547958],[-80.1905877476424,25.758697937097],[-80.1905876784494,25.7586969690698],[-80.1905876767619,25.7586969239278],[-80.190587605863,25.7586959134665],[-80.1905875424302,25.7586949779668],[-80.1905875369821,25.7586948994059],[-80.1905874740756,25.7586938862811],[-80.1905874163847,25.7586929860167],[-80.1905874101602,25.758692874956],[-80.1905873482566,25.7586918609341],[-80.1905872993162,25.7586909932138],[-80.1905872903339,25.758690847837],[-80.1905872314022,25.7586898365396],[-80.1905871872253,25.7586890013412],[-80.1905871774788,25.7586888216594],[-80.1905871255367,25.7586878085955],[-80.1905870861109,25.7586870077244],[-80.190587075588,25.7586867955428],[-80.190587027639,25.7586857815985],[-80.1905869919677,25.758685015049],[-80.1905869816774,25.7586847685679],[-80.1905869397089,25.7586837546568],[-80.1905869068076,25.7586830206182],[-80.1905868957469,25.7586827407347],[-80.1905868547752,25.7586817268292],[-80.1905868306183,25.7586810262373],[-80.1905868177844,25.7586807138485],[-80.1905867837961,25.7586796990792],[-80.1905867623968,25.7586790328033],[-80.1905867507923,25.7586786861206],[-80.1905867198003,25.7586776704653],[-80.190586701165,25.7586770376029],[-80.1905866907897,25.7586766566263],[-80.1905866637664,25.758675643701],[-80.190586647901,25.7586750433495],[-80.1905866387428,25.7586746298841],[-80.1905866167155,25.7586736151813],[-80.1905866036078,25.7586730491459],[-80.1905865946883,25.7586726004785],[-80.1905865786354,25.7586715867115],[-80.1905865702851,25.7586710541007],[-80.1905865625887,25.7586705720419],[-80.1905865485355,25.7586695573834],[-80.1905865419461,25.7586690590831],[-80.1905865384632,25.7586685436497],[-80.1905865274064,25.7586675281052],[-80.1905865225779,25.7586670641155],[-80.1905865203243,25.7586665143882],[-80.1905865152358,25.7586655006821],[-80.1905865121805,25.7586650691977],[-80.190586512153,25.758664485182],[-80.1905865120483,25.7586634715037],[-80.190586511763,25.7586630725301],[-80.1905865129525,25.7586624560257],[-80.1905865168348,25.7586614423696],[-80.1905865173136,25.758661077701],[-80.1905865217199,25.7586604278164],[-80.1905865285985,25.7586594132743],[-80.1905865308384,25.7586590829162],[-80.1905865404548,25.7586583996625],[-80.1905865503238,25.758657385137],[-80.1905865553274,25.7586570881924],[-80.1905865651764,25.7586563706392],[-80.1905865810198,25.7586553570496],[-80.1905865858031,25.7586550925993],[-80.1905865998594,25.7586543425739],[-80.1905866206927,25.7586533281094],[-80.1905866252496,25.7586530970559],[-80.1905866435255,25.7586523127534],[-80.19058666634,25.7586513001051],[-80.190586672664,25.7586511024596],[-80.1905866941505,25.7586502856794],[-80.1905867239606,25.7586492703621],[-80.1905867280402,25.7586491097128],[-80.1905867557459,25.7586482577638],[-80.1905867895369,25.7586472433713],[-80.1905867933962,25.7586471152162],[-80.1905868253153,25.7586462298925],[-80.1905868640779,25.7586452173329],[-80.1905868657356,25.7586451198558],[-80.1905869028588,25.7586442020655],[-80.1905869446177,25.75864318862],[-80.1905869460307,25.7586431272475],[-80.1905869893669,25.7586421751911],[-80.1905870362106,25.7586411468801],[-80.1905870848581,25.7586401465612],[-80.1905871335576,25.7586391385702],[-80.190587188305,25.7586381206836],[-80.1905872407589,25.7586371470142],[-80.190587242025,25.7586371073046],[-80.1905873007287,25.7586360939533],[-80.1905873529501,25.7586351545833],[-80.1905873584235,25.7586350824016],[-80.1905874211204,25.7586340681699],[-80.1905874771024,25.7586331622189],[-80.1905874828083,25.7586330557378],[-80.1905875504767,25.7586320433389],[-80.1905876072229,25.758631171693],[-80.1905876171423,25.7586310318372],[-80.1905876878071,25.7586300185523],[-80.1905877473172,25.7586291803199],[-80.1905877594626,25.7586290061757],[-80.1905878350989,25.7586279947238],[-80.1905878943886,25.7586271889855],[-80.1905879097446,25.7586269823637],[-80.1905879893741,25.7586259700314],[-80.190588049428,25.7586251985982],[-80.1905880689975,25.7586249586017],[-80.1905881536046,25.7586239471996],[-80.1905882144288,25.7586232091688],[-80.1905882392146,25.7586229349006],[-80.1905883258152,25.7586219235096],[-80.1905883864069,25.7586212197783],[-80.1905884144033,25.7586209130324],[-80.1905885059877,25.7586199016692],[-80.1905885683464,25.7586192313458],[-80.1905885995656,25.758618890317],[-80.1905886961276,25.7586178798841],[-80.1905887562542,25.7586172447517],[-80.1905887926897,25.7586168694512],[-80.1905888932388,25.7586158590405],[-80.1905889551385,25.7586152564134],[-80.1905889947785,25.758614849538],[-80.1905891003113,25.7586138391549],[-80.1905891589944,25.7586132699081],[-80.1905892058442,25.7586128287719],[-80.1905893143612,25.7586118193081],[-80.1905893737962,25.7586112861715],[-80.1905894258623,25.7586108107636],[-80.190589539363,25.7586098013275],[-80.1905895955875,25.7586093006685],[-80.1905896548512,25.7586087928052],[-80.1905897733357,25.7586077833968],[-80.1905898263557,25.7586073143128],[-80.1905898908173,25.7586067748855],[-80.190590012286,25.7586057663964],[-80.1905900660702,25.7586053316174],[-80.1905901367388,25.7586047588265],[-80.1905902621945,25.7586037503596],[-80.1905903117652,25.7586033489552],[-80.1905903906404,25.7586027419093],[-80.1905905190802,25.7586017343616],[-80.1905905684184,25.7586013672567],[-80.1905906515071,25.758600726836],[-80.1905907859091,25.7585997220294],[-80.190590831046,25.758599386494],[-80.190590922329,25.7585987136234],[-80.1905910607302,25.7585977070337],[-80.1905911026444,25.7585974057812],[-80.1905912011311,25.7585966995525],[-80.1905913445161,25.7585956929906],[-80.1905913821985,25.7585954278205],[-80.1905914888795,25.758594689142],[-80.1905916352547,25.7585936825966],[-80.19059167172,25.7585934499153],[-80.1905917865954,25.7585926787869],[-80.1905919369638,25.7585916713611],[-80.1905919662254,25.7585914720378],[-80.190592090298,25.7585906675624],[-80.1905922476314,25.7585896619806],[-80.1905922716766,25.7585894969291],[-80.1905924039436,25.7585886600038],[-80.1905925632705,25.7585876544331],[-80.1905925841052,25.7585875218592],[-80.1905927265722,25.7585866506898],[-80.1905928888833,25.7585856460384],[-80.1905929055045,25.7585855468391],[-80.1905930561597,25.7585846441225],[-80.1905932224456,25.7585836412984],[-80.1905932348595,25.7585835745712],[-80.1905933957087,25.7585826385132],[-80.1905935669783,25.7585816357169],[-80.1905935721763,25.758581604153],[-80.1905937432194,25.7585806347535],[-80.1905939194728,25.7585796319849],[-80.1905940997071,25.758578630141],[-80.1905942717164,25.7585776652602],[-80.1905942779478,25.7585776282861],[-80.1905944641565,25.7585766273781],[-80.190594635921,25.758575698602],[-80.1905946473871,25.7585756246483],[-80.1905948375706,25.7585746255677],[-80.1905950050972,25.7585737337767],[-80.1905950267756,25.7585736237738],[-80.1905952189648,25.758572622899],[-80.1905953832379,25.7585717699039],[-80.1905954121446,25.7585716229324],[-80.1905956093053,25.7585706238907],[-80.1905957683438,25.7585698078752],[-80.1905958074689,25.7585696239518],[-80.1905960086104,25.7585686258348],[-80.1905961644139,25.7585678459074],[-80.1905962097582,25.7585676268152],[-80.1905964148868,25.7585666287204],[-80.1905965664461,25.7585658866808],[-80.1905966220089,25.7585656306366],[-80.1905968301216,25.758564633461],[-80.1905969794304,25.7585639293203],[-80.1905970422275,25.758563635405],[-80.1905972553179,25.7585626391597],[-80.1905973974046,25.7585619710849],[-80.190597469405,25.75856164292],[-80.1905976864824,25.7585606466969],[-80.1905978263308,25.7585600147156],[-80.1905979075406,25.7585596513986],[-80.1905981285989,25.7585586561003],[-80.1905982602225,25.758558061082],[-80.1905983526536,25.7585576599159],[-80.1905985786895,25.758556665548],[-80.1905987050784,25.7585561075093],[-80.1905988047193,25.7585556720826],[-80.1905990337394,25.7585546786338],[-80.1905991568932,25.7585541566833],[-80.1905992667464,25.7585536852073],[-80.1905994997413,25.7585526935859],[-80.190599615673,25.7585522077012],[-80.1905997387289,25.7585517001926],[-80.1905999767136,25.7585507076963],[-80.1906000834114,25.7585502605743],[-80.1906002176824,25.7585497161193],[-80.190600459648,25.7585487245478],[-80.1906005611111,25.7585483144055],[-80.1906007046039,25.758547732993],[-80.190600951541,25.7585467432544],[-80.1906010447853,25.7585463691724],[-80.1906011994749,25.7585457535214],[-80.1906014493961,25.7585447647022],[-80.1906015364273,25.7585444248864],[-80.190601705304,25.7585437750135],[-80.1906019602091,25.7585427862219],[-80.1906020360128,25.7585424851577],[-80.1906022171014,25.758541798344],[-80.1906024759935,25.7585408095746],[-80.1906025465625,25.75854054549],[-80.1906027378635,25.758539822627],[-80.190603001727,25.7585388356906],[-80.1906030620838,25.7585386076553],[-80.190603267578,25.7585378496678],[-80.1906035354346,25.7585368618509],[-80.1906035875665,25.7585366707786],[-80.1906038052603,25.7585358776555],[-80.1906040770795,25.7585348934712],[-80.1906041210109,25.7585347357514],[-80.1906043528919,25.7585339084064],[-80.1906046276952,25.7585329251414],[-80.1906046614081,25.7585328043735],[-80.1906049055071,25.7585319391851],[-80.1906051872755,25.7585309577641],[-80.1906052097671,25.7585308748452],[-80.1906054690561,25.7585299745378],[-80.1906057518151,25.7585289940249],[-80.190605766094,25.7585289462638],[-80.190606039564,25.7585280126372],[-80.1906063293553,25.7585270240395],[-80.1906066210422,25.7585260498948],[-80.1906069077025,25.7585250820408],[-80.1906072084887,25.758524088991],[-80.1906074838482,25.75852317072],[-80.190607504181,25.7585231121607],[-80.1906078028819,25.7585221326391],[-80.1906080740095,25.7585212504505],[-80.1906081035641,25.7585211549338],[-80.1906084082394,25.758520176348],[-80.1906086721388,25.7585193311281],[-80.1906087128902,25.7585192013728],[-80.1906090205496,25.7585182237063],[-80.1906092772269,25.7585174145522],[-80.1906093301964,25.7585172469535],[-80.190609643818,25.7585162720281],[-80.1906098902769,25.7585154998259],[-80.1906099544493,25.7585152970861],[-80.1906102710489,25.7585143239826],[-80.1906105112825,25.7585135878519],[-80.1906105886513,25.758513349982],[-80.1906109082412,25.7585123768951],[-80.1906111392592,25.7585116768192],[-80.1906112298306,25.7585114029167],[-80.1906115534013,25.7585104307545],[-80.1906117781818,25.7585097685553],[-80.1906118789533,25.7585094604087],[-80.1906122075017,25.7585084891769],[-80.1906124230727,25.7585078621299],[-80.1906125390281,25.758507519767],[-80.1906128705606,25.7585065494544],[-80.1906130739318,25.758505957543],[-80.1906132070646,25.7585055809748],[-80.1906135415689,25.7585046133867],[-80.1906137347279,25.7585040575246],[-80.1906138800726,25.7585036440156],[-80.1906142185578,25.7585026773523],[-80.1906144044886,25.7585021584587],[-80.1906145640326,25.7585017089225],[-80.1906149064988,25.758500743184],[-80.1906150812144,25.7585002612368],[-80.1906152529458,25.7584997783703],[-80.1906156023892,25.7584988126705],[-80.1906157639022,25.758498366756],[-80.1906159528172,25.7584978487816],[-80.1906163072382,25.7584968840122],[-80.1906164565515,25.7584964732332],[-80.1906166606502,25.7584959210425],[-80.1906170170464,25.758494958992],[-80.190617158147,25.7584945833707],[-80.1906173764329,25.7584939969581],[-80.1906177378067,25.758493035838],[-80.1906178647141,25.7584926953412],[-80.1906181001773,25.7584920747234],[-80.1906184655259,25.7584911154306],[-80.1906185802274,25.7584908109721],[-80.1906188318773,25.7584901552408],[-80.1906192002101,25.7584891968673],[-80.1906193037086,25.7584889275499],[-80.1906195725237,25.7584882394186],[-80.1906199438344,25.7584872828669],[-80.1906200361362,25.758487047788],[-80.190620321144,25.7584863236406],[-80.1906206974324,25.7584853680193],[-80.1906207755287,25.7584851698701],[-80.190621076711,25.7584844124146],[-80.1906214569741,25.7584834586207],[-80.1906215248703,25.7584832947156],[-80.1906218412304,25.7584825039463],[-80.1906222264711,25.7584815510827],[-80.1906222771839,25.7584814222854],[-80.1906226137054,25.7584805982302],[-80.1906230029393,25.7584796444861],[-80.1906230404433,25.7584795526241],[-80.1906233951389,25.7584786943691],[-80.1906237873508,25.7584777424469],[-80.1906238126613,25.7584776848179],[-80.1906241825407,25.7584767923466],[-80.1906245837723,25.7584758332533],[-80.1906249798794,25.7584748948925],[-80.1906253780045,25.7584739529323],[-80.1906257851799,25.758472999288],[-80.1906261700718,25.7584720978736],[-80.190626190319,25.7584720519509],[-80.1906265974454,25.7584711055275],[-80.190626971116,25.7584702419621],[-80.1906270065409,25.7584701627257],[-80.1906274186388,25.7584692181352],[-80.1906277811064,25.7584683897109],[-80.1906278317396,25.7584682726477],[-80.1906282478001,25.7584673316899],[-80.1906285990709,25.7584665375041],[-80.1906286648696,25.7584663889324],[-80.1906290849293,25.7584654461915],[-80.1906294229852,25.7584646898436],[-80.1906295059674,25.758464506164],[-80.1906299300018,25.7584635652505],[-80.1906302558581,25.7584628440382],[-80.1906303540241,25.7584626261423],[-80.1906307830239,25.7584616879643],[-80.1906310976895,25.7584610000879],[-80.1906312120299,25.7584607488838],[-80.1906316430172,25.7584598116196],[-80.1906319454707,25.758459160684],[-80.1906320759918,25.758458875269],[-80.1906325129473,25.7584579398433],[-80.190632800217,25.758457323124],[-80.190632948906,25.758457004412],[-80.190633386846,25.758456070797],[-80.1906336629006,25.7584554910241],[-80.1906338297637,25.7584551381123],[-80.1906342736842,25.7584542045306],[-80.1906345335582,25.7584536589685],[-80.190634719586,25.7584532727652],[-80.1906351674751,25.7584523419135],[-80.1906354131436,25.7584518332811],[-80.1906356163427,25.7584514137751],[-80.1906360672282,25.7584504820374],[-80.190636297719,25.7584500067188],[-80.1906365190982,25.7584495521105],[-80.190636973934,25.7584486258106],[-80.1906371922312,25.758448184725],[-80.1906374327568,25.7584476995329],[-80.1906378915858,25.7584467723527],[-80.1906380917028,25.7584463663693],[-80.190638352396,25.7584458469887],[-80.1906388171992,25.7584449207442],[-80.1906390021263,25.7584445498798],[-80.1906392819781,25.7584439981102],[-80.1906397487504,25.7584430754874],[-80.1906399194964,25.7584427379423],[-80.1906402165133,25.7584421537726],[-80.1906406872665,25.7584412320745],[-80.190640841832,25.7584409287402],[-80.1906411590165,25.7584403103819],[-80.1906416347351,25.7584393914194],[-80.1906417731199,25.7584391222959],[-80.1906421104537,25.7584384724568],[-80.1906425921466,25.7584375544301],[-80.1906427123635,25.7584373186037],[-80.1906430708555,25.7584366354842],[-80.190643553533,25.7584357192683],[-80.1906436585599,25.7584355185608],[-80.1906440372072,25.7584348030579],[-80.19064452485,25.7584338895775],[-80.1906446127058,25.7584337221728],[-80.1906450124929,25.7584329760972],[-80.190645503126,25.7584320626334],[-80.1906455728077,25.7584319294284],[-80.1906459957343,25.7584311518886],[-80.1906464893576,25.7584302384415],[-80.190646541868,25.7584301385391],[-80.1906469849439,25.7584293295185],[-80.1906474845294,25.7584284188125],[-80.1906475198747,25.7584283513101],[-80.1906479840965,25.7584275108143],[-80.1906484846604,25.7584266028217],[-80.1906485038313,25.7584265686275],[-80.1906489892052,25.7584256957538],[-80.1906494947406,25.7584247895941],[-80.190650004263,25.7584238834566],[-80.1906504966203,25.7584230097191],[-80.1906505127703,25.7584229800214],[-80.1906510252584,25.7584220775109],[-80.1906515054589,25.7584212325907],[-80.1906515367499,25.7584211749949],[-80.1906520532189,25.7584202734093],[-80.1906525202596,25.7584194582033],[-80.1906525696879,25.7584193718236],[-80.1906530891166,25.7584184747676],[-80.1906535440127,25.7584176865738],[-80.1906536085698,25.7584175741012],[-80.1906541329761,25.7584166779756],[-80.190654575703,25.7584159204042],[-80.1906546583975,25.7584157791476],[-80.1906551827977,25.7584148839246],[-80.1906556123588,25.7584141569702],[-80.1906557111788,25.7584139896263],[-80.1906562425562,25.7584130944421],[-80.1906566579608,25.7584123971965],[-80.1906567759088,25.7584122019768],[-80.1906573092614,25.7584113095115],[-80.1906577105217,25.7584106401694],[-80.1906578455981,25.7584104179654],[-80.1906583829193,25.7584095282301],[-80.1906587710138,25.758408889505],[-80.1906589222401,25.7584086376033],[-80.1906594655357,25.7584077488038],[-80.1906598374741,25.7584071406791],[-80.1906600088191,25.7584068618096],[-80.1906605550866,25.7584059757347],[-80.1906609118778,25.7584053964105],[-80.1906611023508,25.7584050896652],[-80.1906616506056,25.7584042045039],[-80.1906619942433,25.7584036539916],[-80.1906622018385,25.7584033211645],[-80.1906627560555,25.7584024387444],[-80.1906630835615,25.7584019152218],[-80.1906633112692,25.7584015563297],[-80.1906638674675,25.7584006757259],[-80.1906641798203,25.7584001819066],[-80.1906644256531,25.7583997960357],[-80.1906649858322,25.7583989163566],[-80.1906652830318,25.7583984522406],[-80.1906655489771,25.7583980403046],[-80.1906661141338,25.7583971615559],[-80.1906663941989,25.7583967253268],[-80.1906666792783,25.7583962846123],[-80.1906672453951,25.7583954112848],[-80.1906675123127,25.7583950029649],[-80.190667816514,25.7583945352771],[-80.1906683876023,25.7583936637826],[-80.190668638376,25.7583932842577],[-80.1906689616747,25.7583927932072],[-80.190669537759,25.7583919199351],[-80.1906697703953,25.7583915691942],[-80.1906701148094,25.7583910511816],[-80.1906706948561,25.7583901815421],[-80.1906709093612,25.7583898586826],[-80.1906712748907,25.7583893137078],[-80.1906718579093,25.7583884467928],[-80.1906720572673,25.758388152734],[-80.1906724439121,25.758387580797],[-80.1906730299027,25.7583867166065],[-80.1906732111478,25.7583864477212],[-80.1906736178928,25.7583858515244],[-80.1906742068675,25.7583849882531],[-80.1906743709659,25.75838474906],[-80.1906748008137,25.7583841268147],[-80.1906753927603,25.7583832662679],[-80.1906755387396,25.758383053151],[-80.1906759886939,25.7583824057432],[-80.190676584609,25.7583815479263],[-80.1906767134478,25.758381363599],[-80.190677185508,25.7583806901372],[-80.1906777864008,25.7583798332507],[-80.1906778971267,25.7583796740969],[-80.1906783902716,25.758378978186],[-80.1906789931457,25.7583781231158],[-80.190679086731,25.7583779927516],[-80.190679601988,25.7583772698841],[-80.190680207834,25.7583764175384],[-80.1906802813067,25.7583763132393],[-80.1906808196604,25.7583755652259],[-80.190681430484,25.7583747138105],[-80.1906814858256,25.7583746373928],[-80.1906820462607,25.7583738669359],[-80.1906826600623,25.7583730173423],[-80.1906826952852,25.7583729678923],[-80.1906832778326,25.7583721704788],[-80.190683904647,25.7583713128337],[-80.1906845183507,25.758370477682],[-80.1906851390622,25.758369638056],[-80.1906857648003,25.7583687921394],[-80.1906863683773,25.7583679804003],[-80.1906863915106,25.7583679498388],[-80.1906870201961,25.7583671102571],[-80.1906876056296,25.7583663282047],[-80.1906876498784,25.758366270681],[-80.1906882815418,25.7583654329211],[-80.1906888518344,25.7583646787668],[-80.1906889132115,25.7583645942587],[-80.1906895508371,25.75836375924],[-80.1906901030045,25.7583630320644],[-80.1906901854786,25.758362923302],[-80.1906908231042,25.7583620882833],[-80.190691362118,25.7583613899194],[-80.1906914656892,25.7583612569027],[-80.1906921072834,25.758360424614],[-80.1906926271692,25.758359754126],[-80.1906927508589,25.7583595941416],[-80.1906933974125,25.758358765491],[-80.1906938991793,25.7583581210792],[-80.1906940459595,25.7583579368516],[-80.1906946955033,25.7583571082176],[-80.1906951781298,25.7583564934869],[-80.1906953460254,25.7583562822971],[-80.1906959995378,25.7583554563931],[-80.1906964650299,25.7583548695494],[-80.1906966540225,25.7583546341052],[-80.1906973095161,25.7583538100176],[-80.1906977578798,25.7583532501581],[-80.1906979659821,25.758352989546],[-80.1906986254444,25.7583521681884],[-80.1906990566797,25.7583516353132],[-80.1906992888876,25.7583513477556],[-80.1906999513095,25.7583505309277],[-80.1907003624323,25.7583500241176],[-80.1907006167216,25.7583497141164],[-80.1907012841151,25.7583488991214],[-80.190701676116,25.7583484192846],[-80.1907019525053,25.758348084132],[-80.1907026228767,25.7583472709589],[-80.1907029957497,25.7583468189979],[-80.1907032942388,25.7583464586939],[-80.1907039685972,25.758345645543],[-80.1907043223483,25.7583452205552],[-80.1907046439341,25.7583448351054],[-80.1907053192586,25.758344026473],[-80.1907056548846,25.7583436284641],[-80.1907059985518,25.7583432205707],[-80.190706678854,25.7583424128687],[-80.1907069933708,25.7583420409193],[-80.1907073621404,25.7583416060859],[-80.1907080454022,25.7583408029136],[-80.190708340797,25.7583404579375],[-80.1907087326388,25.7583400015687],[-80.1907094188848,25.7583391993156],[-80.1907096941793,25.7583388785993],[-80.1907101091177,25.7583383970847],[-80.1907107983233,25.7583375993613],[-80.1907110525086,25.7583373047046],[-80.1907114905253,25.7583368007519],[-80.1907121867021,25.7583360039699],[-80.1907124197659,25.758335737178],[-80.190712881882,25.7583352071824],[-80.1907135770437,25.7583344131027],[-80.1907137900011,25.7583341714733],[-80.1907142781735,25.7583336208615],[-80.1907149792973,25.7583328295229],[-80.1907151691581,25.7583326130393],[-80.1907156814178,25.7583320381899],[-80.1907163855134,25.7583312495758],[-80.1907165562768,25.7583310564549],[-80.1907170926054,25.7583304600756],[-80.1907177986945,25.7583296714726],[-80.1907179473397,25.758329506211],[-80.19071850874,25.7583288874048],[-80.1907192177949,25.7583281024288],[-80.190719346346,25.7583279605245],[-80.1907199308246,25.7583273192803],[-80.19072064586,25.7583265343376],[-80.1907207503054,25.7583264193788],[-80.1907213618493,25.7583257557187],[-80.1907220778507,25.7583249752946],[-80.1907221622021,25.758324883693],[-80.1907227988238,25.7583241967034],[-80.1907235197785,25.7583234208201],[-80.1907235810454,25.7583233525592],[-80.190724242745,25.75832264224],[-80.190724964678,25.7583218690701],[-80.1907250038328,25.7583218277658],[-80.1907256925854,25.758321096836],[-80.1907264255439,25.7583203147008],[-80.1907271473974,25.7583195532649],[-80.1907278742775,25.7583187855384],[-80.1907286101405,25.7583180160565],[-80.1907293138872,25.7583172788915],[-80.1907293440039,25.7583172474661],[-80.1907300808392,25.7583164816002],[-80.1907307644673,25.7583157714029],[-80.1907308166717,25.7583157166313],[-80.1907315584724,25.758314953501],[-80.1907322199945,25.7583142693577],[-80.1907322972706,25.7583141921592],[-80.1907330390529,25.7583134317367],[-80.1907336814592,25.7583127736641],[-80.1907337828287,25.7583126713253],[-80.1907345275829,25.7583119136273],[-80.1907351498767,25.7583112816197],[-80.1907352753274,25.7583111559458],[-80.190736025047,25.7583104009833],[-80.1907366232413,25.7583097950187],[-80.190736772773,25.7583096460098],[-80.1907375254584,25.7583088946743],[-80.1907381055337,25.7583083147859],[-80.1907382771531,25.7583081424307],[-80.1907390328165,25.7583073929172],[-80.1907395927854,25.7583068381912],[-80.1907397884798,25.7583066434036],[-80.1907405491208,25.7583058948204],[-80.190741085987,25.7583053661429],[-80.190741307756,25.7583051480313],[-80.1907420693631,25.7583044039666],[-80.1907425861229,25.7583039004516],[-80.1907428309702,25.758303659902],[-80.1907435955492,25.7583029185618],[-80.1907440892185,25.75830243929],[-80.1907443631246,25.7583021763357],[-80.1907451306755,25.75830143772],[-80.1907456012482,25.758300983594],[-80.1907458982264,25.7583006991043],[-80.1907466697459,25.7582999632186],[-80.1907471192216,25.7582995333469],[-80.190747442256,25.7582992282411],[-80.190748215769,25.7582984923664],[-80.1907486421481,25.7582980876406],[-80.1907489902604,25.7582977592052],[-80.190749766733,25.7582970278603],[-80.190750173018,25.7582966464917],[-80.1907505461898,25.7582962974346],[-80.1907513256405,25.7582955679115],[-80.1907517078259,25.7582952125859],[-80.1907521070663,25.7582948411074],[-80.1907528894827,25.7582941152114],[-80.1907532485776,25.758293784129],[-80.1907536748832,25.7582933902346],[-80.1907544622711,25.7582926661716],[-80.1907547962821,25.7582923593213],[-80.1907552496407,25.7582919448164],[-80.1907560380008,25.7582912243693],[-80.1907563489335,25.7582909399571],[-80.1907568273577,25.7582905039278],[-80.1907576206833,25.7582897862163],[-80.1907579065381,25.7582895251336],[-80.1907584140089,25.7582890685048],[-80.1907592103002,25.7582883544203],[-80.1907594730706,25.7582881166783],[-80.1907600065854,25.7582876412385],[-80.1907608058547,25.7582869289759],[-80.1907610445379,25.7582867154716],[-80.1907616051118,25.7582862185186],[-80.1907624073652,25.7582855071752],[-80.1907626199737,25.7582853169949],[-80.190763209588,25.758284800345],[-80.1907640148011,25.7582840935313],[-80.1907642043375,25.7582839248864],[-80.1907648200142,25.7582833867177],[-80.1907656262118,25.7582826817148],[-80.1907657936483,25.7582825382212],[-80.1907664353752,25.758281980339],[-80.1907672455414,25.7582812780661],[-80.1907673869155,25.7582811560913],[-80.1907680566798,25.7582805794092],[-80.1907688698118,25.7582798807634],[-80.1907689861142,25.7582797812156],[-80.1907696859157,25.7582791848421],[-80.1907705010289,25.7582784880126],[-80.1907705932685,25.758278409092],[-80.1907713201108,25.7582777939132],[-80.1907721381837,25.7582771016134],[-80.1907722053515,25.7582770451197],[-80.1907729602252,25.7582764120436],[-80.1907737802854,25.7582757206575],[-80.1907738223876,25.7582756856881],[-80.1907746043143,25.7582750320014],[-80.1907754363478,25.7582743388765],[-80.1907762573191,25.7582736601326],[-80.1907770772998,25.7582729804805],[-80.1907779142742,25.7582722937017],[-80.190778707159,25.7582716409785],[-80.1907787452435,25.7582716105],[-80.1907795761762,25.7582709327141],[-80.1907803459705,25.7582703042342],[-80.1907804101114,25.7582702531396],[-80.1907812460155,25.7582695771866],[-80.1907819917287,25.7582689720417],[-80.1907820829164,25.7582689012391],[-80.190782920808,25.7582682261998],[-80.1907836424217,25.7582676470979],[-80.1907837606747,25.7582675538794],[-80.1907846005291,25.7582668833643],[-80.1907853000613,25.7582663267059],[-80.1907854413742,25.7582662137573],[-80.1907862871907,25.7582655459832],[-80.1907869616328,25.7582650144596],[-80.1907871330012,25.7582648791118],[-80.1907879787933,25.7582642149481],[-80.1907886291725,25.7582637040518],[-80.1907888275878,25.7582635489959],[-80.1907896773485,25.7582628875623],[-80.1907903026316,25.7582624027033],[-80.190790527097,25.7582622279339],[-80.1907913808325,25.7582615683277],[-80.1907919800592,25.7582611040849],[-80.190792233565,25.7582609096186],[-80.1907930882728,25.7582602536284],[-80.1907936634245,25.758259811818],[-80.1907939439589,25.7582596003515],[-80.1907948026597,25.7582589434809],[-80.1907953527152,25.7582585277079],[-80.1907956613055,25.7582582947337],[-80.1907965219631,25.7582576432898],[-80.1907970489587,25.758257247247],[-80.1907973835991,25.7582569945593],[-80.1907982472164,25.7582563476451],[-80.1907987471528,25.7582559731155],[-80.1907991118242,25.758255701639],[-80.1907999784195,25.7582550565467],[-80.1908004522752,25.7582547062437],[-80.1908008459931,25.7582544141677],[-80.1908017135545,25.7582537735939],[-80.1908021613662,25.7582534421019],[-80.1908025851091,25.7582531321397],[-80.1908034556423,25.7582524942905],[-80.1908038773794,25.7582521861224],[-80.1908043271601,25.7582518582519],[-80.1908052026588,25.7582512231382],[-80.1908055973551,25.7582509337755],[-80.1908060781452,25.7582505898297],[-80.1908069556251,25.7582499565322],[-80.1908073242468,25.7582496904936],[-80.1908078320899,25.7582493259371],[-80.1908087115328,25.7582486971638],[-80.1908090560794,25.7582484535577],[-80.1908095929629,25.7582480693043],[-80.1908104773772,25.7582474423639],[-80.1908107928835,25.7582472184547],[-80.1908113597736,25.7582468190229],[-80.1908122451662,25.758246194796],[-80.1908125336134,25.7582459923999],[-80.1908131305345,25.7582455741795],[-80.1908140169055,25.7582449526659],[-80.1908142812838,25.7582447717997],[-80.190814907233,25.7582443356875],[-80.1908157965515,25.7582437205089],[-80.1908160319077,25.7582435566318],[-80.1908166878757,25.758243103536],[-80.190817581169,25.7582424901848],[-80.1908177894783,25.7582423460157],[-80.1908184754467,25.7582418786443],[-80.1908193697244,25.7582412671037],[-80.1908195509869,25.7582411426427],[-80.190820266968,25.7582406591903],[-80.1908211652143,25.7582400503798],[-80.1908213174302,25.7582399465183],[-80.1908220634423,25.7582394442772],[-80.1908229636455,25.7582388408934],[-80.1908230888267,25.7582387549347],[-80.1908238658482,25.7582382366182],[-80.1908247690233,25.7582376359589],[-80.190824865158,25.7582375705997],[-80.1908256731767,25.758237038013],[-80.1908265793358,25.758236438273],[-80.1908266474208,25.7582363935188],[-80.1908274864611,25.7582358430515],[-80.1908283945832,25.7582352478357],[-80.190828434649,25.7582352191735],[-80.1908293036897,25.7582346544305],[-80.1908302177984,25.7582340583453],[-80.1908311258531,25.7582334730582],[-80.1908320299269,25.7582328868463],[-80.1908329549631,25.7582322962376],[-80.1908338239487,25.7582317396182],[-80.1908338689983,25.7582317109837],[-80.1908347860176,25.7582311266491],[-80.1908356279441,25.7582305915429],[-80.1908357030186,25.7582305450222],[-80.190836622007,25.7582299643091],[-80.1908374398707,25.7582294498302],[-80.1908375439794,25.7582293845152],[-80.1908384649429,25.758228806521],[-80.1908392557414,25.7582283144579],[-80.1908393868848,25.7582282312402],[-80.1908403118047,25.7582276577813],[-80.1908410745595,25.7582271854206],[-80.1908412377213,25.7582270843279],[-80.1908421636073,25.7582265153875],[-80.1908429013149,25.7582260618433],[-80.1908430924958,25.7582259446585],[-80.1908440213598,25.75822537754],[-80.1908447310176,25.7582249446009],[-80.1908449512206,25.7582248104271],[-80.1908458840471,25.7582242469412],[-80.1908465646584,25.7582238346016],[-80.1908468158831,25.7582236825471],[-80.190847749688,25.7582231217746],[-80.1908484042491,25.7582227291486],[-80.1908486844774,25.7582225628129],[-80.1908496212481,25.7582220056675],[-80.1908502477778,25.7582216309387],[-80.1908505590216,25.758221447625],[-80.1908514967646,25.7582208940955],[-80.1908520952323,25.758220541777],[-80.1908524365133,25.7582203387719],[-80.1908533792094,25.7582197897832],[-80.1908539496457,25.758219455362],[-80.1908543199242,25.7582192389783],[-80.1908552626081,25.7582186917949],[-80.1908558050069,25.7582183761735],[-80.1908562082821,25.758218144628],[-80.1908571549408,25.758217599272],[-80.1908576662995,25.758217304239],[-80.1908581005843,25.7582170566182],[-80.1908590492119,25.7582165148838],[-80.1908595325393,25.758216237748],[-80.1908599978395,25.7582159731492],[-80.1908609474333,25.7582154359333],[-80.1908614037199,25.758215177603],[-80.1908618990144,25.7582148996311],[-80.1908628525768,25.7582143651452],[-80.1908632778418,25.7582141246955],[-80.1908638051363,25.7582138315564],[-80.1908647596894,25.7582132979787],[-80.1908651579074,25.7582130772369],[-80.190865716193,25.7582127707303],[-80.1908666737118,25.7582122407796],[-80.1908670429079,25.758212037027],[-80.1908676312061,25.7582117144394],[-80.1908685916846,25.7582111890184],[-80.1908689288622,25.7582110031409],[-80.1908695501573,25.7582106653916],[-80.190870511608,25.7582101435866],[-80.1908708227539,25.7582099747147],[-80.1908714750277,25.7582096254032],[-80.1908724374629,25.758209105409],[-80.1908727205713,25.7582089553369],[-80.1908734038606,25.7582085890474],[-80.1908743682526,25.7582080744799],[-80.1908746203516,25.7582079404833],[-80.1908753356226,25.7582075617343],[-80.1908763039955,25.7582070480916],[-80.1908765240822,25.7582069310675],[-80.1908772733345,25.7582065389676],[-80.1908782426735,25.7582060298435],[-80.190878434741,25.7582059289114],[-80.1908792139754,25.7582055252436],[-80.1908801852834,25.758205019741],[-80.1908803493195,25.7582049367061],[-80.1908811605662,25.7582045160659],[-80.1908821348339,25.7582040150931],[-80.1908822648764,25.7582039472143],[-80.1908831090892,25.7582035159254],[-80.1908840853382,25.7582030167689],[-80.1908841863649,25.7582029649766],[-80.1908850645529,25.7582025212394],[-80.1908860427708,25.7582020257045],[-80.1908861127759,25.7582019917927],[-80.1908870229639,25.7582015328884],[-80.1908880031509,25.7582010409749],[-80.1908880431555,25.7582010213389],[-80.1908889843101,25.7582005526774],[-80.1908899714621,25.758200062608],[-80.1908909526029,25.7581995770184],[-80.1908919257147,25.758199099508],[-80.1908929228281,25.7581986103965],[-80.1908938579164,25.7581981543384],[-80.1908939079253,25.7581981293421],[-80.1908948979879,25.7581976510232],[-80.1908958010457,25.7581972146455],[-80.1908958880445,25.758197173607],[-80.190896877092,25.7581966979905],[-80.1908977531274,25.7581962777102],[-80.1908978671302,25.7581962232821],[-80.1908988581467,25.758195751287],[-80.1908997051539,25.7581953488985],[-80.1908998531503,25.7581952793142],[-80.1909008471265,25.7581948118488],[-80.1909016641088,25.7581944273465],[-80.1909018420994,25.758194344389],[-80.1909028390536,25.7581938787455],[-80.1909036240176,25.7581935121183],[-80.190903835005,25.7581934139991],[-80.1909048319224,25.7581929537714],[-80.1909055878643,25.7581926041331],[-80.1909058318424,25.7581924917549],[-80.1909068327347,25.7581920333545],[-80.1909075596484,25.758191701608],[-80.1909078326179,25.7581915767538],[-80.1909088354792,25.7581911219749],[-80.1909095313835,25.7581908063038],[-80.1909098363408,25.7581906680876],[-80.190910841165,25.7581902178329],[-80.1909115080595,25.7581899173456],[-80.1909118459952,25.7581897666755],[-80.1909128517917,25.7581893200368],[-80.1909134886736,25.7581890356304],[-80.1909138575942,25.7581888724954],[-80.190914864369,25.7581884285701],[-80.1909154722228,25.7581881620554],[-80.1909158731312,25.7581879855584],[-80.1909168838747,25.758187544363],[-80.1909174597223,25.7581872939182],[-80.1909178936153,25.7581871040648],[-80.1909189063155,25.7581866682962],[-80.1909194501692,25.758186432116],[-80.1909199180251,25.7581862316194],[-80.1909209327066,25.7581857976672],[-80.1909214455509,25.7581855775623],[-80.1909219453701,25.7581853673143],[-80.1909229600393,25.7581849351672],[-80.1909234418803,25.7581847302351],[-80.1909239766776,25.7581845066417],[-80.1909249943126,25.7581840781217],[-80.1909254451381,25.7581838901676],[-80.1909260119171,25.7581836541148],[-80.1909270295153,25.7581832310105],[-80.1909274503465,25.7581830564295],[-80.1909280480982,25.7581828097169],[-80.1909290696712,25.75818238844],[-80.1909294585024,25.7581822290263],[-80.1909300902169,25.7581819716706],[-80.190931113759,25.7581815540153],[-80.190931471593,25.7581814088717],[-80.1909321362737,25.7581811408674],[-80.1909331597852,25.7581807277251],[-80.1909334856314,25.7581805959435],[-80.1909341842812,25.7581803163936],[-80.1909352107584,25.7581799068784],[-80.1909355056075,25.7581797893669],[-80.1909362372112,25.7581795009736],[-80.1909372646668,25.7581790941717],[-80.1909375265252,25.7581789909194],[-80.1909382931009,25.7581786900832],[-80.1909393225255,25.7581782869029],[-80.1909395523839,25.7581781988178],[-80.1909403529163,25.7581778882412],[-80.1909413833071,25.7581774895795],[-80.190941581196,25.7581774121485],[-80.1909424156731,25.7581770936367],[-80.1909434470423,25.7581766976884],[-80.1909436129373,25.758176634522],[-80.1909444803744,25.7581763062642],[-80.1909455137126,25.7581759139374],[-80.1909456496255,25.7581758623389],[-80.1909465510133,25.7581755252432],[-80.1909475863145,25.7581751374406],[-80.1909476872493,25.7581750991875],[-80.1909486206005,25.7581747523402],[-80.1909496588735,25.758174367262],[-80.1909497308231,25.7581743405823],[-80.1909506991278,25.7581739840002],[-80.1909517363673,25.7581736043321],[-80.1909517753323,25.7581735910089],[-80.1909527775816,25.7581732264915],[-80.1909538207894,25.7581728486619],[-80.1909548599857,25.7581724744206],[-80.1909558722086,25.7581721090559],[-80.1909559011756,25.7581721001904],[-80.1909569443344,25.7581717295817],[-80.1909579295349,25.7581713803146],[-80.1909579904774,25.7581713598923],[-80.1909590336179,25.7581709919914],[-80.190959983822,25.7581706587776],[-80.1909600797364,25.7581706259124],[-80.1909611248459,25.7581702616332],[-80.1909620470369,25.7581699436087],[-80.1909621729273,25.7581699000783],[-80.1909632200119,25.758169538518],[-80.1909641072127,25.7581692356441],[-80.1909642700746,25.7581691787794],[-80.1909653181132,25.7581688235429],[-80.1909661763225,25.758168533145],[-80.1909663681452,25.7581684683174],[-80.1909674201586,25.7581681149083],[-80.190968242387,25.7581678387528],[-80.19096847016,25.7581677641959],[-80.190969521146,25.7581674152943],[-80.1909703153797,25.7581671516204],[-80.1909705751222,25.7581670664092],[-80.1909716300585,25.7581667229455],[-80.1909723913138,25.7581664717254],[-80.1909726840164,25.7581663767683],[-80.190973739931,25.7581660360179],[-80.1909744681957,25.7581657990569],[-80.1909747948489,25.7581656952619],[-80.1909758517542,25.7581653554197],[-80.1909765490156,25.7581651336315],[-80.190976909644,25.7581650173882],[-80.1909779665003,25.7581646847669],[-80.1909786327768,25.7581644754436],[-80.190979026353,25.7581643512595],[-80.1909800851845,25.7581640213571],[-80.1909807184948,25.7581638226825],[-80.1909811450066,25.7581636923628],[-80.1909822058194,25.7581633642768],[-80.1909828071296,25.7581631807693],[-80.1909832676105,25.758163038904],[-80.1909843323858,25.7581627144505],[-80.1909848967428,25.7581625415696],[-80.1909853931557,25.7581623926827],[-80.1909864559068,25.7581620727312],[-80.1909869912725,25.7581619123263],[-80.190987521636,25.7581617546015],[-80.1909885853533,25.7581614391686],[-80.1909890877589,25.7581612885097],[-80.190989652067,25.7581611228497],[-80.1909907177473,25.7581608119409],[-80.1909911881773,25.7581606728388],[-80.1909917854271,25.7581605001406],[-80.1909928520918,25.7581601910426],[-80.1909932885406,25.7581600652914],[-80.1909939217346,25.7581598837665],[-80.1909949903683,25.75815957829],[-80.1909953928419,25.7581594649872],[-80.1909960599866,25.7581592746243],[-80.1909971305772,25.7581589745747],[-80.1909975000968,25.7581588701152],[-80.190998200171,25.7581586745194],[-80.1909992717461,25.7581583762805],[-80.1909996092901,25.7581582833778],[-80.1910003432967,25.758158081652],[-80.1910014168407,25.7581577870346],[-80.191001720428,25.7581577038724],[-80.1910024913571,25.7581574960332],[-80.1910035648767,25.7581572050263],[-80.1910038345132,25.7581571307019],[-80.1910046403837,25.758156914933],[-80.1910057148634,25.7581566293473],[-80.1910059515276,25.7581565665741],[-80.1910067913243,25.7581563455779],[-80.191007868788,25.7581560609114],[-80.1910080685114,25.7581560069595],[-80.191008943231,25.7581557807413],[-80.1910100206642,25.7581555005879],[-80.1910101894148,25.7581554572957],[-80.191011101057,25.7581552249642],[-80.1910121784658,25.7581549484212],[-80.1910123152531,25.7581549148806],[-80.1910132588341,25.7581546764079],[-80.1910143392025,25.7581544043946],[-80.1910144400578,25.7581543778755],[-80.1910154195525,25.7581541350892],[-80.1910164998903,25.758153867589],[-80.1910165677917,25.7581538499133],[-80.1910175812248,25.7581536000943],[-80.1910186625349,25.7581533362101],[-80.1910186974762,25.7581533282804],[-80.1910197458201,25.7581530750448],[-80.1910208291053,25.7581528138795],[-80.1913405538824,25.7570931231076],[-80.1917190036254,25.75731037809],[-80.1928853214248,25.7580091719212],[-80.1928909762259,25.7580125593312],[-80.1934213035115,25.7583302983529],[-80.1934222456553,25.7583308623143],[-80.1934479812737,25.7583462822809],[-80.193674798173,25.7584821737672],[-80.1938919717524,25.7586122886969],[-80.1940697305167,25.758718789278],[-80.1940906364605,25.7587313119628],[-80.193918508037,25.7589102467081],[-80.1937993056691,25.7593555048268],[-80.1935184721935,25.7605430062554],[-80.1932485393948,25.7616074428794],[-80.193229212621,25.7617209281505],[-80.1930924510267,25.7625239885097],[-80.1927760906984,25.7635126912609],[-80.1927163363646,25.7637376146947],[-80.1926509763979,25.7639836380664],[-80.1925640434566,25.7643107162456],[-80.1924216998648,25.7648350032382],[-80.1924168380325,25.76485271426],[-80.1922467845238,25.7654721681195],[-80.1920247346319,25.7664303569906],[-80.1915390361267,25.766350677416],[-80.1913857308174,25.7663078155335]]]},"properties":{"FID":985,"M21_ZONE":"T6-48A-O","Map_Code":"T6-48","Transect":"T6","Transect_D":"Urban Core Zone","Bldg_Heigh":"48","Intensity":"O","FLR":"A","Enact":"13114","Shape_STAr":5050243.3935,"Shape_STLe":13775.7331003,"Shape__Area":580871.26953125,"Shape__Length":4676.497682758637}},{"type":"Feature","id":986,"geometry":{"type":"Polygon","coordinates":[[[-80.191036873223,25.7671787835284],[-80.1904925829052,25.7670532360371],[-80.1907224559995,25.7661748280751],[-80.1913857308174,25.7663078155335],[-80.1913675035426,25.7664075257785],[-80.1913528773876,25.7664656754208],[-80.1912754976667,25.766780710179],[-80.1911886124552,25.7671344229863],[-80.1911650399968,25.7672037888679],[-80.191036873223,25.7671787835284]]]},"properties":{"FID":986,"M21_ZONE":"T6-48B-O","Map_Code":"T6-48","Transect":"T6","Transect_D":"Urban Core Zone","Bldg_Heigh":"48","Intensity":"O","FLR":"B","Enact":"13440","Shape_STAr":75459.6847309,"Shape_STLe":1113.51929435,"Shape__Area":8679.771484375,"Shape__Length":377.8320437851329}},{"type":"Feature","id":987,"geometry":{"type":"Polygon","coordinates":[[[-80.1910173966728,25.7672512537983],[-80.191036873223,25.7671787835284],[-80.1911650399968,25.7672037888679],[-80.1911886124552,25.7671344229863],[-80.1912754976667,25.766780710179],[-80.1913528773876,25.7664656754208],[-80.1913675035426,25.7664075257785],[-80.1913857308174,25.7663078155335],[-80.1915390361267,25.766350677416],[-80.1920247346319,25.7664303569906],[-80.1922467845238,25.7654721681195],[-80.1924168380325,25.76485271426],[-80.1924216998648,25.7648350032382],[-80.1925248292711,25.7648351709961],[-80.1927888643058,25.7648326909021],[-80.1928316625492,25.7648322900665],[-80.1928237844101,25.7645633077884],[-80.1928247632872,25.7645073010039],[-80.1928937162236,25.7645075380306],[-80.1928937550911,25.7644103976335],[-80.1928940001345,25.7643126924161],[-80.1926558322934,25.7643111883732],[-80.1925640434566,25.7643107162456],[-80.1926509763979,25.7639836380664],[-80.1927163363646,25.7637376146947],[-80.1927760906984,25.7635126912609],[-80.1930924510267,25.7625239885097],[-80.193229212621,25.7617209281505],[-80.1932485393948,25.7616074428794],[-80.1935184721935,25.7605430062554],[-80.1937993056691,25.7593555048268],[-80.193918508037,25.7589102467081],[-80.1940906364605,25.7587313119628],[-80.1943646922114,25.7588847415549],[-80.1961421712791,25.7598798337539],[-80.1960583465919,25.7600991106987],[-80.1959545171545,25.7602696250473],[-80.1958046809343,25.7605626214754],[-80.1956130470473,25.7609632482679],[-80.1955167538781,25.761234223931],[-80.1954536429733,25.7614570350686],[-80.1953861178874,25.7615365537658],[-80.1953106383548,25.7616636478574],[-80.1952569024267,25.7618145251283],[-80.1952376295051,25.7620663757832],[-80.1952112634805,25.7624889274008],[-80.1952259083588,25.7629362280649],[-80.1952488522026,25.763442922124],[-80.1952602316496,25.7637541976499],[-80.1953378741826,25.7658781199038],[-80.1953562950224,25.7663503562229],[-80.1953929629384,25.7673079261829],[-80.1955432098054,25.7673030050003],[-80.1955533959711,25.7676952993461],[-80.1955357145523,25.7677111153577],[-80.1955539300957,25.7686531180208],[-80.1955613460715,25.7687579297168],[-80.1950906169956,25.7688407540185],[-80.1947622402968,25.7688996950035],[-80.1945982195785,25.7689341469708],[-80.1944785427441,25.7689773426458],[-80.1943815400502,25.7690398522835],[-80.194219537839,25.7691340749875],[-80.1939828710001,25.7693001619749],[-80.1937032041138,25.7694973512778],[-80.1935852054762,25.7695903565381],[-80.1935201258429,25.7696500962072],[-80.1934982843546,25.7696673141895],[-80.1933525276368,25.7697822126684],[-80.1931935111789,25.7698773353334],[-80.1930382426191,25.7699421143386],[-80.1928540783223,25.7699990504626],[-80.1926774498867,25.7700339511278],[-80.1925280178957,25.7700845497236],[-80.1923952229831,25.7701245251234],[-80.192200901305,25.7701641598095],[-80.1919522965036,25.7701820648337],[-80.1918411463377,25.7701707350044],[-80.1916710548056,25.7701269334515],[-80.191524627636,25.7700832640657],[-80.1913475239073,25.7700265676389],[-80.1911775053845,25.7699720541701],[-80.19094838315,25.7699086385815],[-80.1907310501551,25.7698517177692],[-80.190598156605,25.7698218339729],[-80.1906255125913,25.7697316786635],[-80.1906356789434,25.7696928616662],[-80.1908656121287,25.7688149452406],[-80.1909157992721,25.7686233216766],[-80.1909242147731,25.7685876126712],[-80.1908471736745,25.7685716705222],[-80.1908552911397,25.768528755811],[-80.1909324710091,25.7681810596793],[-80.1909417886666,25.7681146168261],[-80.1908280548713,25.768085024816],[-80.1909273278334,25.7676231226771],[-80.1909746063786,25.7674281295356],[-80.1910173966728,25.7672512537983]],[[-80.1951440483934,25.7624914632165],[-80.195116947866,25.7615419385185],[-80.1938233727763,25.7615678120059],[-80.1938314874038,25.7616686876488],[-80.1938324415014,25.7616961191005],[-80.1938441472961,25.7620435360095],[-80.1940031162124,25.7620394282387],[-80.1941514500867,25.7620356080384],[-80.1943071924014,25.762031482073],[-80.1944477386543,25.7620278748201],[-80.1945911348689,25.7620241116961],[-80.1945943272547,25.762141918186],[-80.1945979592747,25.7622790727376],[-80.1946013451139,25.7624023359207],[-80.1946022278599,25.7624344589566],[-80.1946059297308,25.7625117725978],[-80.1951440483934,25.7624914632165]]]},"properties":{"FID":987,"M21_ZONE":"T6-48B-O","Map_Code":"T6-48","Transect":"T6","Transect_D":"Urban Core Zone","Bldg_Heigh":"48","Intensity":"O","FLR":"B","Enact":"13114","Shape_STAr":3772978.79035,"Shape_STLe":12249.7147082,"Shape__Area":433979.19921875,"Shape__Length":4158.5947417409607}},{"type":"Feature","id":996,"geometry":{"type":"Polygon","coordinates":[[[-80.1948755093286,25.7968382700697],[-80.1958035054984,25.7968188409543],[-80.195824048351,25.7975297101139],[-80.195758911536,25.7975360719216],[-80.1953834287482,25.7975490537891],[-80.1953498028967,25.7975570321854],[-80.1950109646256,25.797563297951],[-80.1949014813016,25.797567682613],[-80.1948755093286,25.7968382700697]]]},"properties":{"FID":996,"M21_ZONE":"T6-8-O","Map_Code":"T6-8","Transect":"T6","Transect_D":"Urban Core Zone","Bldg_Heigh":"8","Intensity":"O","FLR":" ","Enact":"13472","Shape_STAr":80074.9092499,"Shape_STLe":1133.36694562,"Shape__Area":9215.341796875,"Shape__Length":384.4076430799438}},{"type":"Feature","id":997,"geometry":{"type":"Polygon","coordinates":[[[-80.1952379833399,25.7750625989724],[-80.1952397698501,25.7751225962781],[-80.1952603762616,25.7756067554992],[-80.1953180281688,25.7756040721078],[-80.1955375044208,25.7755969722244],[-80.1955641158179,25.7755542154743],[-80.1956027282037,25.7754844157664],[-80.1956083107894,25.7756759122759],[-80.1956123678004,25.7758151116278],[-80.1956159498488,25.7759379631623],[-80.1956109013037,25.7760859626589],[-80.1956248447626,25.7762203143622],[-80.1956290820422,25.7763548118935],[-80.1956333203298,25.7764893085253],[-80.1956375576319,25.7766238042466],[-80.1956417939238,25.7767583026679],[-80.195646031224,25.7768928001898],[-80.1956501392073,25.7769590990756],[-80.1959008208764,25.7769571005587],[-80.1961263059716,25.7769512191211],[-80.1961878959314,25.7788866252466],[-80.1937985119732,25.7789692597275],[-80.1938357538691,25.779915125014],[-80.1904586147633,25.7800031490582],[-80.1904726588575,25.7804451541869],[-80.1892266941606,25.7804932165131],[-80.1891860118229,25.7803895038343],[-80.1891308970973,25.7802491714892],[-80.1890613129959,25.7800976152778],[-80.1889928510348,25.7799484961214],[-80.1889379406871,25.7798288968789],[-80.1886747184159,25.7792261587331],[-80.1884313832028,25.7785244996268],[-80.1883429319301,25.7781547353011],[-80.1883270386937,25.7781035720614],[-80.1882965451957,25.7779839751869],[-80.1882880505554,25.7779506606735],[-80.1882243478098,25.7777008113222],[-80.1881372629231,25.777359260451],[-80.1881351402636,25.777350934308],[-80.1879857329214,25.7767649403538],[-80.187978734762,25.7767374977791],[-80.1878372338597,25.7761825077337],[-80.18782680297,25.7761101617667],[-80.187700854735,25.775236569974],[-80.1871215361912,25.7727509286133],[-80.1852712226479,25.7727790061734],[-80.1850115606154,25.7727813325036],[-80.1849909683095,25.7727184550855],[-80.1849770529302,25.7723204262434],[-80.1849591417794,25.7719320640381],[-80.1849583536966,25.7719085004811],[-80.1849570805475,25.7718724704275],[-80.1849565984409,25.771859570676],[-80.1849567570112,25.7718363581351],[-80.1849573447265,25.7718059249989],[-80.1849574169668,25.7717953499657],[-80.1849574368187,25.7717645706422],[-80.1849574632521,25.7717607011332],[-80.1849576724468,25.7717579510301],[-80.1849576912406,25.7717551998606],[-80.1849579004352,25.7717524497574],[-80.1849581086329,25.7717496996488],[-80.1849582104298,25.771748369714],[-80.1849583168307,25.77174694954],[-80.1849585292135,25.7717454839246],[-80.1849587164261,25.7717442005033],[-80.1849589246238,25.7717414503946],[-80.1849593232223,25.7717387013522],[-80.1849597218208,25.7717359523098],[-80.1849603108201,25.7717332043338],[-80.1849607098235,25.771730541948],[-80.1849612968289,25.7717277939608],[-80.1849618852424,25.7717251317331],[-80.1849624732447,25.7717223837515],[-80.1849632510497,25.7717197243898],[-80.1849638390642,25.771716974603],[-80.1849641830658,25.7717157967671],[-80.1849646168814,25.7717143134361],[-80.1849653966862,25.7717116531829],[-80.1849663639072,25.7717089930767],[-80.1849671417244,25.7717063319098],[-80.1849681083534,25.7717037584547],[-80.1849690765712,25.771701098354],[-80.1849700422095,25.7716985239907],[-80.1849710114179,25.7716958647982],[-80.1849721684536,25.7716932915067],[-80.1849733254832,25.7716907191179],[-80.1849744825189,25.7716881458263],[-80.1849756389626,25.7716856591858],[-80.1849767959982,25.7716830858943],[-80.1849781418333,25.7716806021197],[-80.1849794886899,25.7716781147402],[-80.184980836531,25.7716756291716],[-80.1849821813876,25.7716731426835],[-80.1849835272348,25.7716706571037],[-80.1849850628969,25.7716682583385],[-80.1849864091552,25.7716658585126],[-80.1849879448172,25.7716634597474],[-80.184989669883,25.7716610620429],[-80.1849912049468,25.7716587508313],[-80.1849927400352,25.7716564360091],[-80.1849944655058,25.7716541249612],[-80.1849961919916,25.7716518112109],[-80.1849979154621,25.7716495010543],[-80.1849996393499,25.7716472757491],[-80.1850015526475,25.771645050602],[-80.1850032785289,25.7716428253078],[-80.1850051922375,25.7716406859146],[-80.1850071065256,25.7716384616755],[-80.1850090196423,25.7716364089333],[-80.1850111227483,25.7716342715032],[-80.1850130348679,25.7716322187553],[-80.1850151399737,25.7716300804338],[-80.1850170524982,25.7716281143424],[-80.1850191550182,25.7716260626607],[-80.1850212579493,25.7716240967329],[-80.1850235502842,25.7716221318657],[-80.1850256516264,25.7716202525833],[-80.1850279439734,25.7716182859108],[-80.1850300457143,25.7716164941875],[-80.1850323374631,25.7716146150686],[-80.1850346286323,25.7716128207954],[-80.1850371091806,25.7716110311933],[-80.1850394003435,25.7716092378227],[-80.1850416909145,25.7716075311031],[-80.185044171886,25.7716058254496],[-80.1850466532624,25.7716042064527],[-80.1850489418395,25.7716024997218],[-80.1850514216394,25.771600965565],[-80.1850539010281,25.7715993456541],[-80.1850565702377,25.7715978116553],[-80.1850590500251,25.7715962793035],[-80.1850617186367,25.7715948328582],[-80.1850641988413,25.7715933853578],[-80.185066865459,25.7715919389011],[-80.1850681999702,25.7715912585554],[-80.1850695354783,25.7715905782152],[-80.1850722015102,25.7715892175069],[-80.1850748689501,25.7715879425581],[-80.1850775363899,25.7715866676093],[-80.1850802038297,25.7715853926604],[-80.1850828706714,25.771584205265],[-80.1850857279321,25.771583016228],[-80.1850897271227,25.7715813190752],[-80.1850939161219,25.7715797096395],[-80.1850966754847,25.7715786960706],[-80.1850982935464,25.7715780985508],[-80.1851024833554,25.771576662428],[-80.1851068600011,25.7715753112977],[-80.1853330850157,25.7715028124678],[-80.1866431721109,25.7710371845168],[-80.1874037803166,25.770766842928],[-80.1877689206428,25.7706370582997],[-80.1888213682482,25.7702748014661],[-80.1889753360745,25.7702190318225],[-80.189079133534,25.7701745300739],[-80.1893434272287,25.7701659343163],[-80.1894289612175,25.770163153066],[-80.1898578665649,25.7701492023872],[-80.1900804987406,25.7701449353621],[-80.1900768021915,25.7698598822543],[-80.1900735252538,25.7697819219835],[-80.1901754678019,25.7697714868645],[-80.1902796060823,25.7697699234016],[-80.1904025852805,25.7697813211208],[-80.1905137058238,25.7697969403668],[-80.190598156605,25.7698218339729],[-80.1907310501551,25.7698517177692],[-80.19094838315,25.7699086385815],[-80.1911775053845,25.7699720541701],[-80.1913475239073,25.7700265676389],[-80.191524627636,25.7700832640657],[-80.1916710548056,25.7701269334515],[-80.1918411463377,25.7701707350044],[-80.1919522965036,25.7701820648337],[-80.191955264369,25.7703009883455],[-80.1919670702196,25.7707052643186],[-80.1919670068397,25.7711911226946],[-80.1921955892328,25.7711340263052],[-80.1923822587949,25.7710874005937],[-80.1924283152779,25.7709919797527],[-80.19242506191,25.7709114868118],[-80.1924149365672,25.7706678567466],[-80.1923987544293,25.7702584872105],[-80.1923952229831,25.7701245251234],[-80.1925280178957,25.7700845497236],[-80.1926774498867,25.7700339511278],[-80.1928540783223,25.7699990504626],[-80.1930382426191,25.7699421143386],[-80.1931935111789,25.7698773353334],[-80.1933525276368,25.7697822126684],[-80.1934982843546,25.7696673141895],[-80.1935201258429,25.7696500962072],[-80.1935196938205,25.7697047240351],[-80.1935190077553,25.7697914812065],[-80.1935291720765,25.7700237750908],[-80.193529427356,25.7700296635926],[-80.1935516688678,25.7705379466144],[-80.1935119806623,25.7712539825554],[-80.1935133012392,25.7714357295121],[-80.1935507457177,25.7714909021059],[-80.1933798981643,25.7714638849124],[-80.1927484396165,25.7713206912446],[-80.1926782926755,25.7713083393018],[-80.1926025950401,25.7712940690887],[-80.192334794979,25.7713070634186],[-80.1921153056535,25.7712536457733],[-80.1921053943879,25.7712146459075],[-80.1920240836804,25.7712481720612],[-80.1919062815745,25.7713970799059],[-80.1913752939408,25.7714338886264],[-80.1912454560604,25.7714411980155],[-80.1910797449204,25.7715475849598],[-80.1907693275683,25.7716027812034],[-80.1901268136324,25.7716980156032],[-80.1901923725305,25.7720025400469],[-80.1902408993481,25.7720287558406],[-80.1902526492089,25.7719891921811],[-80.190308093933,25.7719602656507],[-80.1904228179103,25.7718866158188],[-80.1905423727535,25.7718285391036],[-80.1906668833928,25.7717899627165],[-80.1908085972404,25.7717470137604],[-80.1913498644653,25.7717250595963],[-80.1919558611855,25.7716935643746],[-80.1921806340484,25.7716720040753],[-80.1924193996005,25.771681482883],[-80.1927940804783,25.7717384562801],[-80.1934403500734,25.77188256592],[-80.1940111024731,25.771969754894],[-80.1947906733412,25.7720789763997],[-80.194983701953,25.7721756322885],[-80.1950044446552,25.7721205093297],[-80.1951965555121,25.7721626090791],[-80.1955956478931,25.7723053050565],[-80.195764014927,25.7724186878273],[-80.1955719109867,25.7724409695063],[-80.1955586799977,25.7724947909269],[-80.1954449325079,25.7724741205573],[-80.1954263553955,25.7724353473981],[-80.1935903982569,25.7725107060403],[-80.1936206662462,25.772780795987],[-80.193709147981,25.7726999746118],[-80.1937868760501,25.7726900960784],[-80.1942546236206,25.7726739747143],[-80.1946405609099,25.772675685912],[-80.1947486152581,25.7726650169779],[-80.1949782171857,25.7726590290646],[-80.1952089467448,25.7726883415621],[-80.1953748016738,25.7727152568263],[-80.1954676090452,25.7727239849613],[-80.1954766581301,25.7727260361649],[-80.195595297579,25.7727529356663],[-80.1955954028293,25.772792180786],[-80.1955955490998,25.7728461898845],[-80.1956037025514,25.7731669385602],[-80.1956313430927,25.7741031777713],[-80.1955108698751,25.7741083709024],[-80.1946896053153,25.7741299167151],[-80.1947197203161,25.7750766005698],[-80.1951284484564,25.7750667582491],[-80.1952092595317,25.7750636704275],[-80.1952379833399,25.7750625989724]],[[-80.1900287340108,25.7785824729555],[-80.1900421738514,25.779078281722],[-80.1904202658231,25.7790683437277],[-80.1904285812004,25.7790680930237],[-80.1909726505485,25.7790525689083],[-80.1909562028139,25.7785557586397],[-80.1915715159521,25.7785275137719],[-80.1915757717074,25.778619779148],[-80.1915787640308,25.7786847278494],[-80.1915806504275,25.7787255976523],[-80.1915868735721,25.7788604645594],[-80.1915953287129,25.7790334600343],[-80.192115698873,25.7790173721062],[-80.1920806252788,25.77819953591],[-80.1920758807417,25.7780414619721],[-80.1927003594751,25.7780196367745],[-80.1930243358733,25.7780180155988],[-80.1937940491592,25.7779912646998],[-80.1937646355715,25.7771535465945],[-80.1937609118814,25.7770364459683],[-80.1936209799433,25.7770412399065],[-80.1903555108118,25.7771377385568],[-80.1903861573558,25.7781022480728],[-80.1900130995828,25.778111965832],[-80.1900143971697,25.7781484409826],[-80.1900160029949,25.7781935516877],[-80.1900241795426,25.7784437898717],[-80.1900287340108,25.7785824729555]],[[-80.1945809248447,25.773694149343],[-80.1944804415419,25.7736972299399],[-80.1944963221677,25.7740161989093],[-80.1945023208712,25.7741307423236],[-80.1946019042647,25.7741318044156],[-80.1945809248447,25.773694149343]]]},"properties":{"FID":997,"M21_ZONE":"T6-80-O","Map_Code":"T6-80","Transect":"T6","Transect_D":"Urban Core Zone","Bldg_Heigh":"80","Intensity":"O","FLR":" ","Enact":"13114","Shape_STAr":8182491.25529,"Shape_STLe":23769.137973,"Shape__Area":941319.677734375,"Shape__Length":8059.3042848096993}},{"type":"Feature","id":998,"geometry":{"type":"Polygon","coordinates":[[[-80.1959371966018,25.7750417225815],[-80.1959348361829,25.7751159263504],[-80.1959588303074,25.7759329854033],[-80.1959631674071,25.7760806838448],[-80.1959867614678,25.7768842071504],[-80.1959888337998,25.7769548067416],[-80.1959008208764,25.7769571005587],[-80.1956501392073,25.7769590990756],[-80.195646031224,25.7768928001898],[-80.1956417939238,25.7767583026679],[-80.1956375576319,25.7766238042466],[-80.1956333203298,25.7764893085253],[-80.1956290820422,25.7763548118935],[-80.1956248447626,25.7762203143622],[-80.1956109013037,25.7760859626589],[-80.1956159498488,25.7759379631623],[-80.1956123678004,25.7758151116278],[-80.1956083107894,25.7756759122759],[-80.1956043995058,25.7755417144093],[-80.1956004383351,25.77540589691],[-80.195594407682,25.7752432980698],[-80.195592519077,25.7751342501867],[-80.1956014142556,25.7750612785628],[-80.1959371966018,25.7750417225815]]]},"properties":{"FID":998,"M21_ZONE":"T6-80-O","Map_Code":"T6-80","Transect":"T6","Transect_D":"Urban Core Zone","Bldg_Heigh":"80","Intensity":"O","FLR":" ","Enact":"13353","Shape_STAr":78197.0369066,"Shape_STLe":1608.2669485,"Shape__Area":8996.048828125,"Shape__Length":546.568011227852}},{"type":"Feature","id":1046,"geometry":{"type":"Polygon","coordinates":[[[-80.2042825813863,25.7999614193628],[-80.204552817489,25.7999539237133],[-80.2045485844403,25.7998673140024],[-80.2045324109068,25.7994805742364],[-80.2046679999524,25.799475871098],[-80.2046913486347,25.7998610731725],[-80.2046939149991,25.7999500089175],[-80.205135247093,25.7999377647617],[-80.2051744986774,25.799935646867],[-80.2051893466431,25.8001985269271],[-80.2051843464671,25.8009048030843],[-80.2052360477823,25.8019502080832],[-80.2052500438076,25.802213630421],[-80.2052716869938,25.8026442081358],[-80.2052903926016,25.8031661349171],[-80.2051780373188,25.8031633679739],[-80.2050334514733,25.8031670483648],[-80.20488126619,25.8031710309643],[-80.2047089423967,25.8031754195718],[-80.2045613181307,25.8031792543769],[-80.204391463232,25.8031836543085],[-80.2042406092369,25.8031874729205],[-80.2040760751566,25.8031917310023],[-80.2039115400728,25.8031959888921],[-80.2037603050141,25.8031999755193],[-80.2037572594703,25.8031157011662],[-80.2037525616119,25.8029942756043],[-80.203745607611,25.8028126536292],[-80.2036948292688,25.8028142602807],[-80.203689202768,25.8026684184143],[-80.2036823546008,25.8024709762975],[-80.2036758014592,25.8022860889179],[-80.2036606018554,25.8022865219908],[-80.2036543698904,25.8021105779975],[-80.2036473612104,25.8019086650733],[-80.2036521612017,25.8017589185686],[-80.2036341688304,25.8010118479748],[-80.203729024687,25.8010085519394],[-80.2037222574986,25.8008489718053],[-80.2037189398372,25.8006348698406],[-80.2037163036862,25.8004608383547],[-80.2040447679386,25.8004506900943],[-80.20410552748,25.800448814784],[-80.2043046911795,25.8004426745156],[-80.2042857730137,25.8000217797779],[-80.2042825813863,25.7999614193628]]]},"properties":{"FID":1046,"M21_ZONE":"D1","Map_Code":"D1","Transect":"D1","Transect_D":"Work Place District Zone","Bldg_Heigh":" ","Intensity":" ","FLR":" ","Enact":"13561","Shape_STAr":566527.876483,"Shape_STLe":3732.56426685,"Shape__Area":65203.380859375,"Shape__Length":1267.8066334583059}},{"type":"Feature","id":1047,"geometry":{"type":"Polygon","coordinates":[[[-80.2050576753868,25.798063656934],[-80.2035896695375,25.7981213665385],[-80.2035859155142,25.7980365954025],[-80.2035717540923,25.7976925717232],[-80.2050431929331,25.7976541146083],[-80.2050563179861,25.7980420292704],[-80.2050576753868,25.798063656934]]]},"properties":{"FID":1047,"M21_ZONE":"D2","Map_Code":"D2","Transect":"D2","Transect_D":"Industrial District Zone","Bldg_Heigh":" ","Intensity":" ","FLR":" ","Enact":"13114","Shape_STAr":73762.5977977,"Shape_STLe":1272.74442339,"Shape__Area":8489.0234375,"Shape__Length":431.1601845356704}},{"type":"Feature","id":1048,"geometry":{"type":"Polygon","coordinates":[[[-80.2035896695375,25.7981213665385],[-80.2030247846423,25.798143569481],[-80.2028882844554,25.7981492057768],[-80.2028727152821,25.7977903989011],[-80.202867281952,25.7976304459783],[-80.2028679710817,25.7976304280921],[-80.2028680568551,25.7976304249517],[-80.2028686612328,25.7976304066009],[-80.2028688297822,25.7976304012063],[-80.202869351414,25.7976303805967],[-80.2028696037486,25.797630371148],[-80.2028700385979,25.7976303554786],[-80.20287037673,25.7976303392791],[-80.2028707268151,25.7976303249503],[-80.2028711507145,25.797630306513],[-80.2028714160414,25.7976302926223],[-80.2028719237442,25.7976302674231],[-80.202872105292,25.7976302566838],[-80.2028726968101,25.7976302229175],[-80.2028727955577,25.7976302180429],[-80.2028734768617,25.7976301775476],[-80.2028741701488,25.79763013441],[-80.202874240978,25.7976301293824],[-80.2028748584747,25.7976300876346],[-80.2028750151014,25.7976300758561],[-80.2028755448185,25.7976300390431],[-80.2028757862516,25.7976300196055],[-80.2028762321896,25.7976299859439],[-80.20287655742,25.7976299606472],[-80.2028769195727,25.7976299310396],[-80.2028773276154,25.7976298980729],[-80.2028776069679,25.7976298743299],[-80.2028780998352,25.7976298309964],[-80.2028782933841,25.797629814907],[-80.2028788690818,25.7976297611957],[-80.2028789788335,25.7976297509655],[-80.2028796513147,25.7976296878556],[-80.2028803507655,25.7976296176723],[-80.2028804086386,25.797629611671],[-80.2028810362631,25.7976295465099],[-80.2028811779698,25.7976295292336],[-80.2028817207878,25.7976294717316],[-80.2028819473009,25.7976294467963],[-80.2028824063277,25.7976293942508],[-80.202882713677,25.7976293589269],[-80.2028830898795,25.7976293158565],[-80.2028834830625,25.797629268366],[-80.2028837724583,25.7976292338463],[-80.202884251463,25.7976291759944],[-80.2028844580525,25.7976291482421],[-80.2028850179176,25.797629076391],[-80.2028851396705,25.7976290608107],[-80.2028857843903,25.7976289740797],[-80.2028858223157,25.7976289688717],[-80.2028865039699,25.7976288760246],[-80.2028865488809,25.7976288699522],[-80.2028871866393,25.7976287804752],[-80.2028873143988,25.7976287613172],[-80.2028878663416,25.7976286812988],[-80.2028880789317,25.7976286508714],[-80.202888547059,25.7976285794202],[-80.2028888425098,25.7976285341019],[-80.2028892267915,25.7976284757307],[-80.2028896060938,25.7976284164297],[-80.2028899065421,25.7976283693335],[-80.2028903677019,25.7976282960387],[-80.2028905853318,25.7976282575151],[-80.2028911283551,25.797628169324],[-80.2028912641215,25.7976281456967],[-80.2028918910266,25.7976280390098],[-80.2028919429293,25.7976280311704],[-80.20289261877,25.7976279130173],[-80.20289265171,25.7976279077819],[-80.2028932946289,25.7976277921563],[-80.2028934104294,25.7976277720301],[-80.2028939724939,25.797627669501],[-80.202894170158,25.7976276344785],[-80.202894648395,25.7976275423217],[-80.2028949279467,25.7976274887924],[-80.2028953213109,25.7976274142234],[-80.2028956857294,25.797627344009],[-80.2028959982272,25.7976272843418],[-80.2028964425452,25.797627194707],[-80.2028966711913,25.7976271490225],[-80.202897197391,25.7976270417836],[-80.2028973421613,25.7976270136923],[-80.2028979522549,25.7976268861524],[-80.2028980161648,25.7976268720603],[-80.202898698151,25.7976267295693],[-80.2028993582256,25.7976265833476],[-80.2028994590699,25.7976265631394],[-80.202900029268,25.797626437186],[-80.202900212012,25.7976263966659],[-80.2029006963523,25.7976262864895],[-80.2029009629781,25.7976262274735],[-80.202901367449,25.7976261322044],[-80.2029017129773,25.7976260537626],[-80.2029020345575,25.7976259778975],[-80.2029024629886,25.7976258782465],[-80.2029027016961,25.7976258190774],[-80.202903212045,25.7976256964066],[-80.2029033678557,25.797625657544],[-80.2029039581163,25.7976255136476],[-80.2029040340154,25.7976254960107],[-80.2029047012083,25.7976253290671],[-80.2029053624369,25.7976251593828],[-80.2029054503372,25.7976251363957],[-80.2029060256777,25.7976249870017],[-80.2029061954778,25.7976249437026],[-80.2029066869424,25.7976248119017],[-80.2029069366662,25.7976247455718],[-80.2029073492164,25.797624635002],[-80.2029076798608,25.7976245456468],[-80.2029080085111,25.7976244562807],[-80.2029084210915,25.7976243411977],[-80.2029086688392,25.7976242721491],[-80.202909159337,25.7976241358297],[-80.202909327167,25.7976240889092],[-80.2029098986158,25.7976239250514],[-80.202909984534,25.7976239002482],[-80.2029106389158,25.7976237106681],[-80.2029112973161,25.7976235165968],[-80.2029113732514,25.7976234935442],[-80.2029119537403,25.7976233198068],[-80.2029121085962,25.7976232746204],[-80.2029126081764,25.7976231221031],[-80.2029128409919,25.797623049362],[-80.2029132606364,25.7976229216808],[-80.2029135743908,25.7976228232065],[-80.2029139131206,25.7976227176479],[-80.2029143058197,25.7976225934295],[-80.2029145636287,25.7976225108963],[-80.2029150362816,25.797622359134],[-80.202915215146,25.7976223023449],[-80.2029157647675,25.7976221221197],[-80.202915861702,25.7976220901557],[-80.2029165012603,25.7976218806361],[-80.2029171568384,25.7976216612751],[-80.2029172178053,25.7976216399457],[-80.2029178044518,25.7976214400652],[-80.2029179443635,25.7976213929917],[-80.2029184480709,25.7976212197361],[-80.2029186669574,25.7976211424054],[-80.2029190907231,25.7976209948884],[-80.2029193885664,25.7976208900084],[-80.2029197343904,25.7976207673383],[-80.2029201102055,25.7976206330983],[-80.2029203740815,25.7976205379612],[-80.2029208278804,25.7976203725558],[-80.2029210137847,25.7976203067788],[-80.2029215465645,25.7976201102136],[-80.2029216535302,25.7976200692781],[-80.2029222642756,25.7976198442555],[-80.2029222922664,25.7976198335771],[-80.2029229300358,25.7976195933576],[-80.2029229760284,25.7976195746541],[-80.202923563835,25.7976193504084],[-80.2029236907845,25.7976193032639],[-80.2029241996524,25.7976191038597],[-80.2029244035827,25.797619026447],[-80.2029248314755,25.7976188581917],[-80.2029251134017,25.7976187478085],[-80.2029254653169,25.7976186089242],[-80.2029258232448,25.7976184655596],[-80.2029260952002,25.7976183551218],[-80.2029265291237,25.7976181796783],[-80.2029267240984,25.7976180995086],[-80.2029272350148,25.7976178919918],[-80.2029273520116,25.7976178420847],[-80.2029279369536,25.7976175988678],[-80.2029279809461,25.7976175810559],[-80.2029286058922,25.7976173200052],[-80.2029286408867,25.7976173057546],[-80.2029292308745,25.7976170535388],[-80.2029293418768,25.7976170054041],[-80.2029298528777,25.7976167852507],[-80.2029300418698,25.7976167050482],[-80.2029304728927,25.7976165160491],[-80.2029307379107,25.7976163992548],[-80.2029310959231,25.7976162432535],[-80.2029314329605,25.7976160925532],[-80.2029317149773,25.7976159686307],[-80.2029321280345,25.7976157822411],[-80.2029323320674,25.797615689484],[-80.2029328201474,25.7976154673996],[-80.2029329481786,25.7976154076239],[-80.2029335112693,25.79761515165],[-80.2029335632806,25.7976151275636],[-80.2029341874349,25.7976148358185],[-80.2029347885838,25.797614554779],[-80.2029348886121,25.7976145074869],[-80.202935400767,25.7976142638709],[-80.2029355728268,25.7976141808676],[-80.20293600898,25.7976139702331],[-80.2029362560626,25.7976138515351],[-80.202936617205,25.7976136747901],[-80.2029369373222,25.7976135194838],[-80.2029372224509,25.7976133775254],[-80.202937617609,25.7976131838165],[-80.2029378277149,25.7976130775529],[-80.2029382949286,25.7976128445224],[-80.2029384319939,25.7976127757697],[-80.2029389712632,25.7976125034176],[-80.2029390332997,25.7976124712622],[-80.2029396396272,25.7976121613664],[-80.2029402339776,25.7976118532102],[-80.2029403180224,25.7976118103437],[-80.2029408303402,25.7976115423571],[-80.2029409884409,25.7976114592773],[-80.2029414267331,25.7976112269909],[-80.2029416558862,25.7976111054866],[-80.2029420211378,25.7976109107112],[-80.2029423233436,25.7976107498908],[-80.2029426135725,25.7976105908101],[-80.202942986855,25.7976103879548],[-80.2029432050221,25.7976102690982],[-80.2029436503663,25.7976100260187],[-80.2029437944957,25.7976099446676],[-80.2029443099135,25.7976096604503],[-80.2029443809841,25.797609619318],[-80.2029449684877,25.797609291266],[-80.2029451386439,25.7976091947126],[-80.202945307797,25.7976090990563],[-80.202945887342,25.7976087682527],[-80.2029459634161,25.7976087244399],[-80.2029464658899,25.7976084374437],[-80.202946616038,25.7976083507097],[-80.2029470404737,25.7976081030023],[-80.202947266708,25.7976079706503],[-80.2029476160786,25.797607764956],[-80.2029479153899,25.7976075896774],[-80.2029481896955,25.7976074259961],[-80.2029485621137,25.7976072032777],[-80.2029487603452,25.7976070834093],[-80.2029492058524,25.7976068159592],[-80.2029493290068,25.797606739909],[-80.2029498486121,25.7976064259272],[-80.2029498966774,25.7976063955006],[-80.2029504748927,25.7976060398669],[-80.2029510290936,25.7976056967387],[-80.2029511262152,25.7976056367935],[-80.2029515908299,25.7976053450766],[-80.2029517620617,25.7976052367946],[-80.2029521515993,25.7976049888959],[-80.2029523959382,25.7976048331742],[-80.2029527113777,25.7976046318072],[-80.2029530268234,25.7976044295375],[-80.202953269174,25.7976042729023],[-80.2029536557506,25.7976040204741],[-80.2029538240032,25.7976039103705],[-80.2029542826898,25.7976036104972],[-80.2029543778473,25.7976035460281],[-80.2029549196782,25.7976031888409],[-80.2029554815835,25.7976028119056],[-80.2029555286517,25.7976027814735],[-80.2029560294754,25.7976024430173],[-80.2029561486837,25.7976023606269],[-80.2029565773974,25.7976020696159],[-80.2029567677186,25.7976019397749],[-80.2029571213431,25.7976016943874],[-80.2029573817983,25.7976015143825],[-80.2029576652949,25.7976013182562],[-80.2029579948869,25.797601088082],[-80.2029582062796,25.7976009384983],[-80.2029586060236,25.7976006554522],[-80.2029587462793,25.7976005569296],[-80.2029592141629,25.7976002237087],[-80.2029592832997,25.7976001735393],[-80.2029598203383,25.7975997874411],[-80.20295998566,25.7975996682949],[-80.2029601529819,25.7975995482571],[-80.2029606249384,25.7975992024214],[-80.2029607211232,25.7975991334446],[-80.202961097904,25.797598854786],[-80.2029612863035,25.7975987141027],[-80.2029615678905,25.7975985053289],[-80.2029618494835,25.7975982956525],[-80.2029620358949,25.7975981540557],[-80.2029624086934,25.7975978744726],[-80.2029625049024,25.7975978018853],[-80.2029629699276,25.7975974487905],[-80.2029631112528,25.7975973394419],[-80.2029632565785,25.79759722831],[-80.2029633177024,25.7975971835126],[-80.2029634680497,25.7975970669923],[-80.2029636203972,25.7975969495803],[-80.2029640203162,25.7975966403584],[-80.2029644172439,25.7975963311201],[-80.2029648131866,25.7975960200711],[-80.2029650688011,25.7975958183761],[-80.2029655569826,25.7975954320101],[-80.2029660431819,25.797595043828],[-80.2029665274173,25.7975946511219],[-80.2029670086554,25.797594259302],[-80.2029674889205,25.7975938638662],[-80.2029677937242,25.7975936127952],[-80.2029681697433,25.797593298929],[-80.2029685437622,25.7975929859545],[-80.2029686971792,25.7975928577166],[-80.2029688496113,25.797592727668],[-80.2029688867267,25.7975926944734],[-80.2029690441501,25.7975925635495],[-80.2029691985884,25.7975924317066],[-80.2029695776531,25.7975921097333],[-80.20296970401,25.797592002108],[-80.2029699547357,25.7975917859439],[-80.2029702054614,25.7975915697797],[-80.2029703308333,25.7975914603437],[-80.2029707049427,25.79759113383],[-80.2029709727215,25.7975909024143],[-80.2029711241986,25.7975907660419],[-80.202971278661,25.7975906305885],[-80.2029713077454,25.7975906054738],[-80.2029714652232,25.7975904664263],[-80.2029716216979,25.7975903282761],[-80.2029720841302,25.7975899155922],[-80.2029721352893,25.7975898698375],[-80.2029725455775,25.7975895010976],[-80.2029726469107,25.7975894077775],[-80.2029730060518,25.7975890829871],[-80.2029731575411,25.7975889448094],[-80.2029734615287,25.7975886666544],[-80.2029736641951,25.7975884800143],[-80.2029739160266,25.7975882476085],[-80.2029741698642,25.7975880134084],[-80.2029743705425,25.7975878258547],[-80.2029746725662,25.7975875431757],[-80.2029748210823,25.7975874022739],[-80.2029751712859,25.7975870720185],[-80.202975270637,25.7975869768823],[-80.2029756680234,25.7975865990452],[-80.2029757172004,25.7975865514743],[-80.202976163782,25.7975861233585],[-80.2029767388656,25.7975855650629],[-80.2029772085913,25.7975851054813],[-80.2029772667964,25.7975850498361],[-80.2029776753319,25.7975846449806],[-80.202977789766,25.7975845309714],[-80.2029781391053,25.7975841808531],[-80.2029783087533,25.7975840111822],[-80.2029786008845,25.7975837167146],[-80.2029788257585,25.797583489577],[-80.2029790606757,25.7975832516626],[-80.2029793398086,25.7975829625396],[-80.2029795185089,25.7975827811839],[-80.2029798508615,25.7975824363884],[-80.2029799703716,25.7975823088673],[-80.2029803609414,25.7975819066213],[-80.2029804252075,25.7975818392749],[-80.2029808700605,25.797581371433],[-80.2029813229927,25.7975808882904],[-80.2029813671964,25.797580838887],[-80.2029817689092,25.7975804105253],[-80.2029818693298,25.7975803045631],[-80.2029822108433,25.7975799318357],[-80.2029823635228,25.7975797647798],[-80.2029826517985,25.7975794504328],[-80.2029828587189,25.7975792240994],[-80.2029830917626,25.7975789681218],[-80.2029833489416,25.7975786815864],[-80.2029835287596,25.7975784821839],[-80.2029838362033,25.7975781345439],[-80.2029839607712,25.7975779962187],[-80.2029843204797,25.7975775865824],[-80.2029843908067,25.7975775075347],[-80.2029848128083,25.7975770273819],[-80.2029852499109,25.7975765256482],[-80.2029852810861,25.7975764861026],[-80.2029856710089,25.7975760314994],[-80.2029857584192,25.7975759326871],[-80.2029860941131,25.7975755355562],[-80.2029862287968,25.7975753756229],[-80.202986513229,25.7975750395912],[-80.2029866991804,25.7975748176561],[-80.2029869293717,25.797574540902],[-80.2029871675941,25.797574256068],[-80.2029873435324,25.7975740403965],[-80.202987628031,25.7975736944361],[-80.2029877547078,25.7975735389721],[-80.2029880884982,25.7975731282911],[-80.2029881649043,25.7975730348344],[-80.2029885449709,25.7975725630269],[-80.2029885721155,25.7975725297776],[-80.2029889763416,25.7975720238019],[-80.2029890004708,25.7975719941467],[-80.2029893785915,25.7975715151074],[-80.2029894509972,25.797571423434],[-80.2029897788594,25.7975710045967],[-80.2029898985566,25.7975708490944],[-80.202990175151,25.7975704922589],[-80.2029903431307,25.7975702738359],[-80.2029905684513,25.7975699799047],[-80.2029907827195,25.79756969855],[-80.2029909607727,25.7975694648372],[-80.2029912213353,25.7975691196482],[-80.2029913501149,25.7975689479481],[-80.2029916559748,25.7975685389193],[-80.2029917364718,25.7975684301399],[-80.2029920876412,25.7975679554661],[-80.2029921198497,25.7975679105102],[-80.2029925082853,25.7975673800764],[-80.2029928806529,25.7975668667048],[-80.2029929420364,25.7975667830949],[-80.2029932580723,25.7975663434318],[-80.2029933637621,25.797566195074],[-80.2029936315336,25.7975658156239],[-80.2029937825147,25.7975656043289],[-80.2029940049828,25.7975652896211],[-80.2029941982881,25.7975650117622],[-80.2029943714645,25.797564761775],[-80.2029946100731,25.7975644191736],[-80.2029947389674,25.7975642303238],[-80.2029950189091,25.7975638202503],[-80.2029951014788,25.7975636997479],[-80.2029954237388,25.7975632240129],[-80.2029954630113,25.7975631664586],[-80.202995823583,25.7975626277483],[-80.2029961781298,25.7975620953234],[-80.2029962254756,25.797562023371],[-80.2029965297156,25.7975615583691],[-80.2029966213858,25.7975614189609],[-80.2029968813195,25.7975610187069],[-80.2029970133076,25.7975608145291],[-80.2029972269348,25.7975604799146],[-80.2029974032594,25.7975602064757],[-80.2029975735714,25.7975599375172],[-80.2029977882319,25.7975595974925],[-80.2029979152286,25.7975593941899],[-80.2029981712101,25.7975589884983],[-80.2029982558947,25.7975588499546],[-80.2029985492271,25.7975583758664],[-80.2029985925725,25.7975583056973],[-80.2029989252801,25.7975577587104],[-80.2029992590029,25.7975572090211],[-80.2029992963175,25.7975571460402],[-80.2029995867371,25.7975566602017],[-80.2029996653909,25.797556528846],[-80.2029999125013,25.7975561077607],[-80.203000029491,25.7975559098192],[-80.2030002372684,25.7975555553144],[-80.2030003936031,25.7975552889872],[-80.2030005580533,25.7975550019436],[-80.2030007487475,25.7975546672034],[-80.203000876862,25.797554445854],[-80.2030011069013,25.7975540427282],[-80.2030011916764,25.7975538906452],[-80.2030014560873,25.7975534173011],[-80.2030015045087,25.7975533336202],[-80.203001809322,25.7975527828698],[-80.2030021222268,25.7975522150134],[-80.2030021505073,25.7975521610095],[-80.2030024251184,25.7975516534207],[-80.2030024897467,25.7975515319173],[-80.203002727025,25.7975510900173],[-80.2030028300072,25.7975508992202],[-80.2030030269315,25.7975505275055],[-80.2030031632822,25.7975502673874],[-80.2030033208735,25.7975499622532],[-80.203003492593,25.7975496319223],[-80.2030036158126,25.7975493970063],[-80.2030038199095,25.7975489964462],[-80.2030039057844,25.7975488290242],[-80.2030041432438,25.7975483600457],[-80.203004193768,25.7975482601286],[-80.203004463605,25.7975477209209],[-80.2030044787725,25.7975476894114],[-80.2030047607857,25.7975471186777],[-80.203004780993,25.7975470790719],[-80.2030050398077,25.7975465479277],[-80.2030050943927,25.7975464372011],[-80.2030053158566,25.7975459744534],[-80.2030054048071,25.7975457944112],[-80.2030055899112,25.7975454009683],[-80.2030057102482,25.7975451497888],[-80.2030058609867,25.7975448256614],[-80.203006010722,25.7975445024312],[-80.2030061280799,25.7975442494301],[-80.2030063111958,25.7975438550736],[-80.2030063931789,25.7975436731879],[-80.2030066056932,25.7975432067806],[-80.2030066553048,25.7975430942215],[-80.2030068962142,25.7975425566606],[-80.2030069144394,25.7975425152386],[-80.203007172589,25.797541934445],[-80.2030071857443,25.7975419056324],[-80.2030074267624,25.7975413518244],[-80.2030074713101,25.7975412509719],[-80.2030076769414,25.7975407700845],[-80.2030077508813,25.7975405980838],[-80.2030079261293,25.7975401874365],[-80.2030080284705,25.7975399433797],[-80.2030081703439,25.797539602956],[-80.2030083020894,25.7975392859457],[-80.2030084135734,25.7975390166648],[-80.20300857172,25.79753862849],[-80.2030086528207,25.7975384294491],[-80.2030088373804,25.7975379683045],[-80.2030088890707,25.7975378431196],[-80.2030091010406,25.7975373090107],[-80.2030091223475,25.7975372540659],[-80.2030093566818,25.7975366559915],[-80.2030095819277,25.7975360750176],[-80.2030096144319,25.7975359858336],[-80.2030098052397,25.7975354850067],[-80.2030098671604,25.797535321064],[-80.2030100275848,25.7975348904772],[-80.2030101148974,25.7975346571697],[-80.2030102459235,25.7975342986337],[-80.2030103596552,25.7975339914538],[-80.2030104642683,25.7975337058875],[-80.2030106004368,25.7975333239108],[-80.2030106776577,25.797533108601],[-80.203010837236,25.7975326554433],[-80.2030108880379,25.7975325140059],[-80.2030110710441,25.7975319869594],[-80.2030110944478,25.7975319166811],[-80.2030112988635,25.7975313193454],[-80.203011500288,25.7975307219933],[-80.2030115277223,25.7975306454185],[-80.2030117007154,25.7975301246357],[-80.2030117485985,25.7975299723505],[-80.2030118941814,25.797529524532],[-80.2030119674683,25.7975293010768],[-80.2030120866562,25.7975289235203],[-80.20301218238,25.7975286252682],[-80.2030122761338,25.7975283233947],[-80.2030123942884,25.7975279512484],[-80.2030124646325,25.7975277205559],[-80.2030126012295,25.7975272744935],[-80.2030126491427,25.7975271176952],[-80.2030128041883,25.797526596814],[-80.2030128286616,25.7975265157098],[-80.2030130051771,25.7975259155132],[-80.2030131827561,25.7975253053933],[-80.2030132011321,25.797525241406],[-80.2030133523342,25.7975246988402],[-80.2030133941442,25.7975245600614],[-80.2030135219003,25.7975240940923],[-80.2030135821649,25.7975238795922],[-80.2030136884933,25.7975234866202],[-80.2030137661972,25.7975231991011],[-80.203013852095,25.7975228791316],[-80.2030139472624,25.7975225149832],[-80.2030140127055,25.7975222716267],[-80.2030141263213,25.7975218326595],[-80.2030141703367,25.7975216623001],[-80.2030142994038,25.7975211494005],[-80.2030143219916,25.7975210520382],[-80.2030144715738,25.7975204534993],[-80.2030146233131,25.7975198306007],[-80.2030146356282,25.7975197783146],[-80.2030147669912,25.797519220295],[-80.2030147967577,25.7975190931848],[-80.2030149086813,25.7975186090759],[-80.2030149559052,25.7975184062387],[-80.2030150473981,25.7975179951324],[-80.2030151100673,25.7975177192654],[-80.2030151841027,25.7975173838859],[-80.2030152602591,25.7975170295623],[-80.2030153168431,25.797516769007],[-80.2030154094478,25.7975163407564],[-80.2030154475773,25.7975161559224],[-80.203015551663,25.7975156510097],[-80.2030155743353,25.7975155410108],[-80.203015691884,25.797514961252],[-80.203015699093,25.7975149269909],[-80.2030158208715,25.7975143111493],[-80.2030158261285,25.7975142705589],[-80.2030159376707,25.7975136943778],[-80.203015958385,25.7975135789523],[-80.2030160514786,25.7975130775899],[-80.203016086653,25.7975128873238],[-80.2030161623013,25.7975124598829],[-80.2030162119359,25.7975121947763],[-80.2030162731179,25.7975118430786],[-80.2030163322333,25.7975115022015],[-80.2030163779581,25.7975112253389],[-80.2030164475574,25.7975108077941],[-80.2030164818012,25.7975106075937],[-80.2030165588993,25.7975101124622],[-80.203016580671,25.797509988016],[-80.2030166692319,25.7975094189301],[-80.2030166775405,25.79750936933],[-80.203016773005,25.7975087370965],[-80.2030168603238,25.7975081300926],[-80.2030168759743,25.7975080263738],[-80.2030169472347,25.7975075095467],[-80.2030169723538,25.7975073318626],[-80.2030170331544,25.7975068880927],[-80.2030170677543,25.7975066346381],[-80.2030171150738,25.7975062684221],[-80.2030171551722,25.7975059382724],[-80.2030171930168,25.7975056469244],[-80.2030172435992,25.7975052401071],[-80.2030172689658,25.7975050254157],[-80.2030173240435,25.7975045428006],[-80.2030173399293,25.7975044038798],[-80.2030174044938,25.7975038445915],[-80.2030174108928,25.7975037823438],[-80.2030174759282,25.7975031526515],[-80.2030175388848,25.7975025355849],[-80.203017547453,25.7975024471723],[-80.2030175998775,25.7975019139943],[-80.2030176139503,25.7975017479841],[-80.2030176558908,25.7975012914738],[-80.2030176784593,25.7975010478824],[-80.203017708925,25.7975006671316],[-80.2030177349857,25.7975003486395],[-80.2030177589618,25.7975000436757],[-80.2030177915121,25.7974996493967],[-80.2030178079955,25.7974994211169],[-80.203017842062,25.7974989492184],[-80.203017853053,25.797498796731],[-80.2030178896267,25.7974982481211],[-80.2030178951252,25.7974981714261],[-80.2030179332031,25.797497547002],[-80.2030164461039,25.7973319533871],[-80.2030165658699,25.7973313402424],[-80.2030165833153,25.7973312663209],[-80.2030166886212,25.7973307280168],[-80.2030167215238,25.7973305792601],[-80.2030168143697,25.7973301149049],[-80.2030168627174,25.7973298931183],[-80.2030169450855,25.7973295045281],[-80.2030170088844,25.7973292088091],[-80.2030170777955,25.7973288941624],[-80.2030171590458,25.797328523619],[-80.2030172125117,25.7973282820023],[-80.2030173151957,25.7973278375592],[-80.2030173522013,25.7973276716747],[-80.2030174723125,25.7973271560179],[-80.2030174938669,25.7973270640659],[-80.2030176364813,25.7973264636835],[-80.2030177851989,25.7973258452816],[-80.2030177975321,25.7973257902876],[-80.2030179368233,25.7973252395327],[-80.2030179685959,25.7973251106281],[-80.2030180894628,25.7973246310814],[-80.203018142645,25.7973244318875],[-80.2030182470696,25.7973240253653],[-80.2030183187063,25.7973237504501],[-80.2030184076737,25.797323418763],[-80.2030184987319,25.797323072645],[-80.2030185682657,25.7973228139659],[-80.2030186847398,25.7973223948726],[-80.2030187348342,25.7973222101042],[-80.203018872736,25.7973217180138],[-80.2030189044,25.7973216053562],[-80.2030190647144,25.7973210420794],[-80.2030190769389,25.7973210033325],[-80.2030192514779,25.7973204004172],[-80.2030192606811,25.797320366167],[-80.203019426996,25.7973198002151],[-80.2030194606301,25.7973196911789],[-80.2030196095118,25.7973191973434],[-80.2030196625551,25.7973190189097],[-80.2030197930065,25.7973185971851],[-80.2030198704687,25.7973183457706],[-80.2030199794803,25.7973179988483],[-80.2030200813615,25.7973176744532],[-80.2030201689515,25.7973173996254],[-80.2030202962365,25.7973170040602],[-80.2030203614018,25.7973168022241],[-80.2030205130936,25.7973163354834],[-80.2030205568434,25.7973162048391],[-80.2030207369303,25.7973156669448],[-80.2030207552641,25.7973156092758],[-80.2030209597217,25.7973150056217],[-80.2030211620764,25.7973144182038],[-80.2030211915652,25.7973143326138],[-80.2030213694527,25.7973138253975],[-80.2030214253485,25.7973136677404],[-80.2030215798263,25.797313231705],[-80.2030216631262,25.7973130019861],[-80.2030217931731,25.7973126407367],[-80.2030219038771,25.7973123389561],[-80.2030220095171,25.7973120488822],[-80.203022146616,25.7973116768397],[-80.2030222288464,25.7973114579468],[-80.2030223943283,25.7973110165558],[-80.2030224501517,25.79731086973],[-80.20302264702,25.7973103572019],[-80.2030226754513,25.7973102806326],[-80.2030229017179,25.7973096960536],[-80.2030231349942,25.7973091069999],[-80.2030231603618,25.7973090412455],[-80.2030233682524,25.797308520654],[-80.2030234240093,25.7973083837569],[-80.2030236064839,25.7973079361406],[-80.2030236896328,25.7973077289871],[-80.2030238457125,25.7973073516327],[-80.2030239612388,25.79730707425],[-80.2030240899144,25.7973067689573],[-80.2030242348209,25.7973064222318],[-80.2030243341103,25.7973061871846],[-80.2030245113821,25.7973057720351],[-80.2030245812853,25.7973056072335],[-80.2030247919437,25.7973051200551],[-80.2030248324427,25.7973050282069],[-80.203025083026,25.7973044604602],[-80.203025343725,25.7973038711054],[-80.2030253649776,25.7973038242841],[-80.203025603838,25.7973032948358],[-80.203025657474,25.7973031768827],[-80.2030258659451,25.7973027185771],[-80.2030259539286,25.7973025340163],[-80.2030261340226,25.7973021441564],[-80.2030262513802,25.7973018911553],[-80.203026401097,25.7973015706329],[-80.2030265548082,25.7973012492297],[-80.2030266731508,25.7973009980393],[-80.2030268602305,25.7973006073151],[-80.2030269471866,25.7973004272619],[-80.2030271696229,25.7972999681301],[-80.2030272242138,25.7972998565008],[-80.2030274839887,25.7972993307777],[-80.203027504214,25.7972992884641],[-80.2030277862084,25.7972987204382],[-80.2030278003426,25.7972986943388],[-80.2030280741732,25.7972981542504],[-80.2030281206787,25.7972980588245],[-80.2030283611348,25.7972975889596],[-80.2030284449791,25.7972974269424],[-80.2030286530638,25.7972970264041],[-80.2030287712857,25.797296793266],[-80.203028946002,25.7972964620488],[-80.2030291035566,25.7972961623302],[-80.2030292439013,25.7972959013313],[-80.2030294388007,25.7972955341188],[-80.2030295408097,25.7972953397057],[-80.2030297750419,25.7972949059127],[-80.2030298446855,25.7972947799236],[-80.2030301162503,25.7972942804418],[-80.2030301495524,25.7972942210496],[-80.2030304594107,25.7972936613002],[-80.2030307672325,25.7972931078583],[-80.203030810608,25.7972930331761],[-80.2030310810309,25.7972925553517],[-80.2030311637513,25.7972924122839],[-80.2030313978265,25.7972920019589],[-80.2030315178916,25.7972917913971],[-80.2030317176013,25.7972914503878],[-80.2030318769932,25.7972911741481],[-80.2030320383671,25.7972908997247],[-80.203032240071,25.7972905587263],[-80.2030323631092,25.7972903508887],[-80.2030326041398,25.7972899442124],[-80.2030326898394,25.7972898029662],[-80.2030329731881,25.7972893306285],[-80.2030330205518,25.7972892559683],[-80.2030333492339,25.7972887143751],[-80.2030336859289,25.7972881674099],[-80.2030337222101,25.7972881098392],[-80.2030340235908,25.7972876249632],[-80.203034102184,25.7972875026337],[-80.2030343662259,25.7972870843491],[-80.2030344841459,25.7972868963418],[-80.2030347088672,25.7972865428324],[-80.2030348710752,25.797286292785],[-80.2030350574546,25.7972860067642],[-80.2030352609897,25.7972856901473],[-80.2030354040661,25.7972854679772],[-80.2030356538893,25.7972850884285],[-80.2030357556327,25.7972849337305],[-80.203036047768,25.7972844894231],[-80.2030361091875,25.7972844003975],[-80.2030364486081,25.7972838931637],[-80.2030364667306,25.7972838670862],[-80.2030368262557,25.7972833355912],[-80.2030368534365,25.7972832969262],[-80.2030371877509,25.7972828077175],[-80.2030372582407,25.7972827042992],[-80.2030375532405,25.7972822789631],[-80.2030376670273,25.7972821125967],[-80.203037918724,25.7972817511113],[-80.2030380807811,25.7972815236293],[-80.2030382881717,25.7972812268918],[-80.203038495532,25.7972809346673],[-80.2030386616016,25.7972807035967],[-80.2030389152442,25.7972803493432],[-80.2030390380108,25.7972801821233],[-80.2030393389326,25.7972797658461],[-80.203039415411,25.797279661558],[-80.2030397636121,25.7972791832571],[-80.2030397957963,25.7972791419117],[-80.2030401852037,25.7972786150936],[-80.2030405635044,25.7972781089756],[-80.2030406268879,25.797278024474],[-80.2030409518242,25.7972775956913],[-80.2030410604928,25.7972774491551],[-80.2030413421441,25.7972770815153],[-80.203041499071,25.7972768756688],[-80.2030417344341,25.7972765709607],[-80.2030419406223,25.7972763049066],[-80.2030421307064,25.7972760613306],[-80.203042387153,25.7972757350745],[-80.2030425289547,25.7972755544192],[-80.2030428356839,25.7972751643506],[-80.2030429301942,25.7972750475243],[-80.2030432861667,25.7972745999561],[-80.2030433324188,25.79727454244],[-80.2030437386316,25.7972740373776],[-80.2030441457993,25.7972735386389],[-80.2030441980821,25.7972734739347],[-80.2030445549733,25.797273038106],[-80.2030446604997,25.7972729141188],[-80.2030449701116,25.7972725403137],[-80.2030451239023,25.7972723561135],[-80.2030453852378,25.7972720443266],[-80.203045590278,25.7972718008324],[-80.2030458043403,25.7972715501666],[-80.2030460616271,25.7972712473839],[-80.2030462244398,25.797271056012],[-80.2030465339551,25.7972706966488],[-80.2030466465094,25.7972705654789],[-80.2030470112625,25.7972701468435],[-80.2030470745493,25.7972700767837],[-80.2030474945644,25.7972695952658],[-80.2030479306052,25.7972691030039],[-80.2030479728025,25.7972690553948],[-80.2030483636003,25.7972686188492],[-80.2030484570351,25.7972685137513],[-80.2030487985655,25.7972681383158],[-80.203048946241,25.7972679739404],[-80.2030492365401,25.797267655091],[-80.203049438414,25.7972674377564],[-80.2030496754695,25.79726717819],[-80.2030499325933,25.797266899778],[-80.2030501183872,25.7972667013108],[-80.2030504307246,25.7972663672371],[-80.2030505622959,25.7972662253397],[-80.203050929841,25.797265836507],[-80.2030510091778,25.7972657520928],[-80.2030514339367,25.7972653067068],[-80.2030514590388,25.7972652806676],[-80.2030519098848,25.797264811053],[-80.2030519400085,25.7972647796254],[-80.2030523647131,25.797264342363],[-80.2030524500505,25.7972642552737],[-80.2030528215115,25.7972638772942],[-80.2030529620625,25.7972637345434],[-80.2030532802979,25.7972634131391],[-80.2030534760626,25.7972632147266],[-80.2030537420696,25.797262949903],[-80.203053994045,25.7972626958342],[-80.2030542038171,25.7972624902773],[-80.2030545139914,25.7972621814659],[-80.2030546695409,25.7972620324787],[-80.2030550398901,25.7972616716435],[-80.2030551382499,25.7972615755991],[-80.2030555657948,25.7972611609184],[-80.2030556079498,25.7972611196276],[-80.2030560876448,25.7972606601002],[-80.2030565542751,25.7972602158463],[-80.2030566265236,25.7972601476409],[-80.2030570328885,25.7972597689501],[-80.2030571623448,25.797259645094],[-80.2030575105168,25.7972593202432],[-80.203057700142,25.7972591452659],[-80.2030579931004,25.7972588760767],[-80.2030582409184,25.7972586472594],[-80.2030584746808,25.7972584328074],[-80.2030587836709,25.7972581519717],[-80.2030589612286,25.7972579922732],[-80.2030593304056,25.7972576576084],[-80.2030594487673,25.7972575526471],[-80.2030598781073,25.7972571677637],[-80.2030599382822,25.7972571157398],[-80.2030604307762,25.7972566806541],[-80.2030606915503,25.7972564528104],[-80.2030611609424,25.7972560428723],[-80.2030616333077,25.7972556356584],[-80.2030620775736,25.7972552553699],[-80.2030625218456,25.7972548741789],[-80.2030627594876,25.7972546759958],[-80.2030632618739,25.7972542526987],[-80.2030633230399,25.7972542015829],[-80.2030637662242,25.7972538339257],[-80.2030638885561,25.7972537316941],[-80.2030642725626,25.7972534160661],[-80.2030644570516,25.7972532636269],[-80.2030647808892,25.7972529991202],[-80.2030650305143,25.7972527982948],[-80.2030652911797,25.7972525866982],[-80.2030656029557,25.7972523365677],[-80.2030658044554,25.7972521751952],[-80.2030661803766,25.7972518757706],[-80.2030663197072,25.797251766411],[-80.2030667597675,25.7972514185949],[-80.20306683595,25.7972513585349],[-80.2030673491533,25.7972509578633],[-80.2030678753669,25.7972505500418],[-80.2030679264776,25.797250511508],[-80.203068398547,25.7972501485222],[-80.2030685147938,25.7972500616023],[-80.2030689227061,25.7972497497159],[-80.2030691011039,25.797249613491],[-80.2030694488533,25.7972493518232],[-80.2030696933723,25.7972491690229],[-80.2030699779676,25.7972489575573],[-80.2030702886078,25.7972487281816],[-80.2030705080669,25.7972485651022],[-80.2030708848283,25.797248289151],[-80.2030710421304,25.7972481762793],[-80.2030714850129,25.7972478537528],[-80.2030715752029,25.7972477865484],[-80.2030720851855,25.7972474201597],[-80.2030721122334,25.7972474013523],[-80.2030726502551,25.7972470170644],[-80.2030726913285,25.7972469884047],[-80.2030731922409,25.7972466364088],[-80.2030732964443,25.7972465611573],[-80.2030737312294,25.7972462566394],[-80.2030739065273,25.7972461366451],[-80.2030742771854,25.7972458787135],[-80.2030745156011,25.7972457139326],[-80.2030748231172,25.797245504398],[-80.2030751296302,25.7972452957605],[-80.2030753700401,25.7972451309906],[-80.2030757446504,25.7972448784965],[-80.2030759199301,25.7972447612101],[-80.2030763626436,25.7972444639568],[-80.2030764718143,25.7972443914405],[-80.2030769846011,25.7972440530493],[-80.2030770246593,25.797244027092],[-80.2030775794985,25.7972436627545],[-80.2030776065404,25.7972436448497],[-80.2030781353166,25.7972433011303],[-80.2030782304557,25.7972432393689],[-80.203078695111,25.7972429413331],[-80.2030788583353,25.7972428375204],[-80.2030792548813,25.7972425851465],[-80.2030794881969,25.797242437488],[-80.2030798166336,25.7972422307759],[-80.2030801200286,25.797242041077],[-80.2030803813651,25.797241878227],[-80.2030807518481,25.7972416464713],[-80.2030809460785,25.797241528386],[-80.20308138962,25.7972412564113],[-80.2030815137771,25.7972411794639],[-80.2030820273859,25.7972408672541],[-80.2030820824486,25.7972408341578],[-80.2030826591088,25.7972404870902],[-80.2030832257319,25.7972401498967],[-80.2030833108217,25.7972400998146],[-80.2030837993465,25.7972398109361],[-80.2030839545036,25.7972397206189],[-80.2030843759283,25.7972394756025],[-80.2030846011526,25.79723934505],[-80.203084953489,25.7972391429821],[-80.2030852497837,25.7972389712972],[-80.2030855330439,25.7972388103727],[-80.2030859013819,25.7972386011714],[-80.2030861145688,25.7972384813847],[-80.2030865539651,25.7972382328562],[-80.2030866970787,25.7972381542073],[-80.2030872095094,25.7972378690705],[-80.2030872805676,25.7972378297433],[-80.2030878660326,25.7972375079981],[-80.2030884524825,25.7972371880635],[-80.2030885245379,25.7972371487418],[-80.2030890429027,25.7972368708586],[-80.2030891850132,25.7972367931069],[-80.2030896303135,25.7972365563452],[-80.2030898484677,25.7972364392937],[-80.2030902247038,25.79723624187],[-80.2030905138741,25.7972360918096],[-80.2030908180609,25.7972359328051],[-80.2030911792684,25.7972357461308],[-80.2030914114119,25.7972356246427],[-80.203091848645,25.7972354013765],[-80.2030920087271,25.7972353201127],[-80.2030925179914,25.7972350611353],[-80.2030926080305,25.7972350164962],[-80.2030931983058,25.7972347209541],[-80.2030938065768,25.7972344182894],[-80.2030938656036,25.7972343888255],[-80.203094408817,25.7972341228129],[-80.2030945428664,25.7972340576541],[-80.2030950140364,25.7972338291579],[-80.2030952200989,25.7972337309958],[-80.2030956192317,25.7972335391135],[-80.2030959013076,25.7972334061645],[-80.2030962254119,25.7972332508797],[-80.2030965815073,25.7972330831331],[-80.2030968325651,25.7972329662618],[-80.2030972646679,25.7972327646311],[-80.2030974437006,25.7972326825685],[-80.2030979497986,25.7972324497504],[-80.2030980548119,25.7972324024855],[-80.2030986359083,25.7972321375831],[-80.2030986669143,25.7972321233107],[-80.2030992799957,25.7972318468491],[-80.2030993249971,25.7972318272374],[-80.2030998960441,25.7972315740144],[-80.2031000150468,25.7972315223129],[-80.2031005120805,25.7972313029849],[-80.2031007070906,25.7972312173993],[-80.2031011300869,25.7972310355769],[-80.2031014020834,25.7972309188204],[-80.2031017490904,25.7972307681742],[-80.2031020960732,25.7972306211386],[-80.2031023700518,25.7972305061982],[-80.203102794021,25.7972303279917],[-80.2031029900101,25.7972302451194],[-80.2031034919568,25.7972300366501],[-80.2031036139446,25.7972299858676],[-80.2031041938507,25.7972297498435],[-80.20310423884,25.797229732037],[-80.2031048637354,25.7972294782064],[-80.2031048947234,25.7972294666417],[-80.2031054915979,25.7972292280026],[-80.2031055985752,25.7972291852617],[-80.2031061194423,25.7972289805067],[-80.203106302403,25.7972289074921],[-80.2031067492688,25.7972287348269],[-80.203107011204,25.797228631555],[-80.2031073780801,25.7972284918495],[-80.2031077179626,25.7972283628279],[-80.2031080108677,25.7972282506992],[-80.2031084277124,25.7972280941172],[-80.203108642634,25.7972280131539],[-80.2031091384352,25.7972278290225],[-80.2031092763824,25.7972277774247],[-80.203109851128,25.7972275675491],[-80.2031099131039,25.7972275444198],[-80.2031105558019,25.7972273123503],[-80.2031111864866,25.7972270874361],[-80.2031112794324,25.7972270554501],[-80.203111825148,25.7972268625657],[-80.2031119970502,25.7972268030302],[-80.2031124647823,25.7972266413111],[-80.2031127146439,25.7972265542207],[-80.2031131074078,25.797226420073],[-80.2031134362017,25.7972263090436],[-80.203113748009,25.797226203337],[-80.2031141537471,25.797226067455],[-80.2031143905863,25.7972259893198],[-80.2031148772569,25.7972258286071],[-80.2031150341425,25.7972257780158],[-80.2031156017396,25.7972255933751],[-80.2031156796808,25.7972255685281],[-80.2031163252011,25.7972253617481],[-80.2031169726973,25.797225157687],[-80.2031170526388,25.7972251319482],[-80.2031176211726,25.7972249563391],[-80.2031177780461,25.7972249075531],[-80.2031182706268,25.7972247577046],[-80.2031185074237,25.7972246858876],[-80.2031189200628,25.7972245617779],[-80.2031192367832,25.79722446693],[-80.203119571475,25.79722436857],[-80.2031199691037,25.7972242525018],[-80.2031202228691,25.7972241780699],[-80.203120700415,25.7972240398735],[-80.2031208752421,25.7972239902831],[-80.2031214337024,25.7972238299638],[-80.2031215295972,25.7972238043125],[-80.2031221769486,25.7972236219141],[-80.2031228392501,25.7972234405003],[-80.2031229051721,25.7972234237112],[-80.2031234965361,25.7972232635722],[-80.2031236413904,25.7972232228441],[-80.2031241558102,25.7972230875576],[-80.2031243785635,25.7972230283008],[-80.2031248120569,25.7972229169424],[-80.2031251177127,25.7972228364762],[-80.2031254722858,25.7972227472516],[-80.2031258578348,25.7972226482676],[-80.2031261324966,25.7972225802687],[-80.2031265989238,25.7972224645775],[-80.2031267926894,25.7972224159936],[-80.2031273410039,25.7972222817955],[-80.2031274558612,25.7972222535401],[-80.2031280840569,25.7972221026294],[-80.2031281170148,25.7972220946862],[-80.2031287801324,25.7972219403562],[-80.2031288270797,25.7972219279764],[-80.203129444241,25.7972217869344],[-80.2031295730756,25.7972217560476],[-80.2031301103377,25.7972216344261],[-80.2031303200385,25.7972215886374],[-80.2031307724099,25.7972214873116],[-80.2031310659922,25.7972214230269],[-80.2031314404405,25.7972213438403],[-80.203131814913,25.7972212610433],[-80.2031321054798,25.7972212003527],[-80.2031325638036,25.7972211035727],[-80.2031327734922,25.7972210595893],[-80.2031333106759,25.7972209497017],[-80.2031334414745,25.7972209233389],[-80.2031340635186,25.7972207976687],[-80.2031341124359,25.7972207889102],[-80.203134780394,25.7972206562704],[-80.2031348153341,25.7972206501433],[-80.2031354523103,25.7972205281654],[-80.2031355671254,25.7972205062283],[-80.2031361222263,25.7972204009522],[-80.2031363188986,25.7972203650212],[-80.2031367931093,25.7972202782575],[-80.2031370716447,25.79722022743],[-80.2031374659683,25.7972201582815],[-80.2031378263669,25.7972200925576],[-80.2031381368271,25.7972200391972],[-80.203138581059,25.7972199621983],[-80.2031388136443,25.7972199237562],[-80.2031393387181,25.7972198354658],[-80.2031394844669,25.7972198100876],[-80.2031400933679,25.7972197114248],[-80.2031401602447,25.7972197009594],[-80.2031408430021,25.7972195918695],[-80.203141510755,25.7972194899185],[-80.2031416095685,25.7972194751149],[-80.2031421864785,25.7972193889138],[-80.2031423681402,25.7972193610245],[-80.203142863193,25.7972192888173],[-80.2031431276728,25.7972192523552],[-80.2031435398774,25.7972191932338],[-80.2031438882024,25.7972191436914],[-80.2031442155586,25.7972190985474],[-80.2031446486959,25.7972190404433],[-80.203144895198,25.797219008396],[-80.2031454091591,25.7972189417082],[-80.2031455738223,25.7972189209469],[-80.2031461695983,25.7972188465836],[-80.2031462524284,25.7972188362057],[-80.2031469310224,25.7972187532697],[-80.2031805038758,25.7972178693916],[-80.2031953934481,25.7972174779854],[-80.203258801306,25.7972158079678],[-80.2032593458205,25.7972157947033],[-80.2035534818564,25.7972078116143],[-80.2044197435615,25.7971843002973],[-80.2043594724252,25.795291069781],[-80.2032604867892,25.7952909196467],[-80.2032427360581,25.7943667843123],[-80.2032300531903,25.7935575630956],[-80.2032177821439,25.7927747420237],[-80.2031962999657,25.7916437944053],[-80.2034981853639,25.7916453711606],[-80.203496872655,25.7915408498145],[-80.2032748901065,25.7909066674203],[-80.2030781946005,25.7909137796126],[-80.2028949158335,25.7909204054226],[-80.2028931696847,25.7908691533524],[-80.201768849186,25.790906321906],[-80.2016715647254,25.7909083975429],[-80.2016613071312,25.7905023576125],[-80.2016382538858,25.7895895777365],[-80.2016345239274,25.7894590016734],[-80.2017401270807,25.7894549190673],[-80.2024965691339,25.7895987804614],[-80.2025006355516,25.7897263001855],[-80.2027008408687,25.789770155318],[-80.2029274765094,25.7898493177229],[-80.2031887036346,25.7899930254777],[-80.2034218698514,25.7901636450463],[-80.2036207970684,25.7903940632675],[-80.2037396405767,25.7906069367303],[-80.2042532231146,25.791651014027],[-80.2043048914067,25.7916992472365],[-80.2043239133954,25.7917930760967],[-80.2049151076305,25.7928609298865],[-80.2050454906342,25.7934307359269],[-80.2050471965544,25.7937354390419],[-80.2051031247853,25.7965064515315],[-80.2050334369595,25.7971674270344],[-80.2050385528999,25.7973378769123],[-80.2050431929331,25.7976541146083],[-80.2035717540923,25.7976925717232],[-80.2035859155142,25.7980365954025],[-80.2035896695375,25.7981213665385]]]},"properties":{"FID":1048,"M21_ZONE":"T5-O","Map_Code":"T5","Transect":"T5","Transect_D":"Urban Center Zone","Bldg_Heigh":" ","Intensity":"O","FLR":" ","Enact":"13114","Shape_STAr":1367127.20192,"Shape_STLe":9038.83062665,"Shape__Area":157325.447265625,"Shape__Length":3069.0797131184468}},{"type":"Feature","id":1049,"geometry":{"type":"Polygon","coordinates":[[[-80.1995102310597,25.7977214339676],[-80.1989697909699,25.7977313389053],[-80.1989744584329,25.7980063833961],[-80.1985516737728,25.7980146258053],[-80.1985483677774,25.7980147050715],[-80.198515751853,25.796655711565],[-80.1984846633016,25.7954468384344],[-80.2003960788321,25.7954267981824],[-80.2004388622843,25.7963618540015],[-80.2003598826148,25.7963647721942],[-80.2002227409315,25.7963682289191],[-80.2000802553446,25.796371743678],[-80.1999256101332,25.796375536214],[-80.1997639352465,25.7963796329109],[-80.1996174613432,25.7963831270752],[-80.199461295426,25.7963870822507],[-80.1994726313078,25.7967355244274],[-80.1994743483591,25.7968115251202],[-80.1997820070948,25.796805655042],[-80.1997829691765,25.7968726494694],[-80.199801789914,25.7972790746886],[-80.1996618827402,25.7972836340287],[-80.1994918912893,25.79729001256],[-80.1995065145944,25.7976580765014],[-80.1995102310597,25.7977214339676]]]},"properties":{"FID":1049,"M21_ZONE":"T5-O","Map_Code":"T5","Transect":"T5","Transect_D":"Urban Center Zone","Bldg_Heigh":" ","Intensity":"O","FLR":" ","Enact":"13114","Shape_STAr":402597.334932,"Shape_STLe":3329.37068593,"Shape__Area":46332.083984375,"Shape__Length":1129.8100130028156}},{"type":"Feature","id":1054,"geometry":{"type":"Polygon","coordinates":[[[-80.195824048351,25.7975297101139],[-80.1958035054984,25.7968188409543],[-80.1957877462733,25.7959143369115],[-80.1958801035131,25.795911321858],[-80.1962366162652,25.7958931518616],[-80.196286163418,25.7958896002649],[-80.1966735485217,25.7958758530806],[-80.1967492411408,25.7958709103393],[-80.1967513269277,25.7959778991746],[-80.1968625877755,25.7959733387669],[-80.1972304202782,25.7959684147278],[-80.1972738114499,25.7959627698741],[-80.1976504935812,25.7959466863398],[-80.1977190720181,25.7959512015072],[-80.1977228835572,25.7961053108683],[-80.197805914983,25.7961104437042],[-80.19811236428,25.79611630127],[-80.1981347310686,25.796114717688],[-80.1981317367078,25.7958352169616],[-80.1981508194024,25.7958346081816],[-80.198430620345,25.795829799576],[-80.198494350496,25.7958235407263],[-80.198515751853,25.796655711565],[-80.1985772233809,25.7992168958237],[-80.1985387268347,25.7992176720584],[-80.198582294952,25.8002920872837],[-80.1983020086651,25.8003015229912],[-80.1983382540351,25.8007631751983],[-80.1984838013441,25.8007594823442],[-80.1984868703453,25.800818662391],[-80.198495900355,25.8011141306446],[-80.1983478962511,25.8011184734044],[-80.1982204062053,25.8011224128123],[-80.1982203742856,25.8011224144416],[-80.1981128691596,25.8011256028223],[-80.1979656228437,25.8011299493713],[-80.1978018467565,25.8011348923985],[-80.1976473811734,25.8011393712032],[-80.1975008934814,25.8011438929698],[-80.1973515601835,25.8011482273783],[-80.1971864519182,25.8011531632605],[-80.1970302876891,25.8011560839903],[-80.1968906335284,25.8011613306934],[-80.1967319797358,25.801167161027],[-80.1965851061429,25.8011727114635],[-80.1964160011159,25.8011789991185],[-80.1962725477563,25.8011843966369],[-80.1961241535324,25.8011899391046],[-80.1959670192931,25.8011957760998],[-80.1958176757993,25.8012013130053],[-80.195659304152,25.8012072863449],[-80.1956587256809,25.8012073048086],[-80.1956551443813,25.8009081080275],[-80.1956634952082,25.8007772685784],[-80.1956492883335,25.8003923924061],[-80.1956344066484,25.7999891697868],[-80.1956361895188,25.7998758703392],[-80.1956228116351,25.7994714563924],[-80.1956174863425,25.7993103820175],[-80.1956092311717,25.7992350311951],[-80.1958813155236,25.7992270879774],[-80.1958405704702,25.7981014490652],[-80.195824048351,25.7975297101139]]]},"properties":{"FID":1054,"M21_ZONE":"T5-O","Map_Code":"T5","Transect":"T5","Transect_D":"Urban Center Zone","Bldg_Heigh":" ","Intensity":"O","FLR":" ","Enact":"13561","Shape_STAr":1721363.44087,"Shape_STLe":6107.3341872,"Shape__Area":198106.09375,"Shape__Length":2073.7080116440357}},{"type":"Feature","id":1055,"geometry":{"type":"Polygon","coordinates":[[[-80.198494350496,25.7958235407263],[-80.198430620345,25.795829799576],[-80.1981508194024,25.7958346081816],[-80.1981317367078,25.7958352169616],[-80.1981347310686,25.796114717688],[-80.19811236428,25.79611630127],[-80.197805914983,25.7961104437042],[-80.1977228835572,25.7961053108683],[-80.1977190720181,25.7959512015072],[-80.1976504935812,25.7959466863398],[-80.1972738114499,25.7959627698741],[-80.1972304202782,25.7959684147278],[-80.1968625877755,25.7959733387669],[-80.1967513269277,25.7959778991746],[-80.1967492411408,25.7958709103393],[-80.1966735485217,25.7958758530806],[-80.196286163418,25.7958896002649],[-80.1962366162652,25.7958931518616],[-80.1958801035131,25.795911321858],[-80.1957877462733,25.7959143369115],[-80.1958035054984,25.7968188409543],[-80.1948755093286,25.7968382700697],[-80.1949014813016,25.797567682613],[-80.1950109646256,25.797563297951],[-80.1953498028967,25.7975570321854],[-80.1953834287482,25.7975490537891],[-80.195758911536,25.7975360719216],[-80.195824048351,25.7975297101139],[-80.1958405704702,25.7981014490652],[-80.1958813155236,25.7992270879774],[-80.1956092311717,25.7992350311951],[-80.1956174863425,25.7993103820175],[-80.1956228116351,25.7994714563924],[-80.1956361895188,25.7998758703392],[-80.1956344066484,25.7999891697868],[-80.1956492883335,25.8003923924061],[-80.1956634952082,25.8007772685784],[-80.1956551443813,25.8009081080275],[-80.1956587256809,25.8012073048086],[-80.1956620120667,25.8014817963017],[-80.1956661717154,25.8016165836141],[-80.1956787537741,25.8019012388661],[-80.1956912818833,25.8021845858732],[-80.1956922273405,25.8023349404965],[-80.1957027372106,25.8026401546799],[-80.1955448396884,25.802645330736],[-80.1955479839164,25.8027135367866],[-80.1955534471491,25.8028329023472],[-80.195559249807,25.8029581189354],[-80.1955644041813,25.803095023017],[-80.1955692041915,25.8032281430453],[-80.1955735068316,25.8033505982553],[-80.1955781477506,25.8034790741838],[-80.1952263007285,25.8034848664908],[-80.1950057200003,25.8034903503071],[-80.1949283898665,25.8034926734275],[-80.1948506786529,25.8034951677045],[-80.1947796176512,25.8034973521521],[-80.19470019952,25.8034996635877],[-80.1946285691471,25.8035018457105],[-80.1945831591401,25.8035033155273],[-80.1945744999393,25.8032948572742],[-80.1945732904954,25.8032566352215],[-80.1946194285251,25.8032554330114],[-80.1946178012888,25.8032120427974],[-80.1946126377133,25.8030204572169],[-80.1945824266081,25.8030214931032],[-80.1945719019904,25.8026395240618],[-80.1945561881758,25.8024912124883],[-80.1945470695061,25.8021259303163],[-80.1945468381134,25.802125938061],[-80.1945045088059,25.8021274140961],[-80.1944019063987,25.8021308019861],[-80.1943549772087,25.8021324248984],[-80.1943408253693,25.8018066877613],[-80.1943375536526,25.8017313374358],[-80.194328588655,25.8016575415152],[-80.1943149473621,25.8015910690341],[-80.1942998287615,25.8012144045931],[-80.1943602409235,25.8012135360871],[-80.1943433623804,25.8008160549639],[-80.1945109307916,25.8008119140134],[-80.1945011598616,25.8005882769344],[-80.1945170090181,25.8005874575676],[-80.1945006905884,25.7998980192281],[-80.1944693477553,25.7998963661697],[-80.1944437888941,25.7993357384893],[-80.1942558252737,25.7993420807826],[-80.1943867223086,25.7988044067498],[-80.193915611125,25.7988096734855],[-80.194632412668,25.7956778388103],[-80.1948359294398,25.79554468782],[-80.1948229660902,25.7951371807379],[-80.1949197020668,25.7951345976198],[-80.1951308751456,25.7951253489913],[-80.1952960993191,25.7951181096648],[-80.1953430019225,25.7951206050313],[-80.1954406523581,25.7951177061856],[-80.1955763019179,25.7951138151309],[-80.1956910524407,25.7951104934817],[-80.1958556032221,25.7951021178739],[-80.1961437443655,25.7950921045375],[-80.1962355876442,25.7950889139996],[-80.1962719178793,25.7950813772798],[-80.1964238848602,25.7950801535706],[-80.1965703385219,25.79507883606],[-80.1966487979534,25.7950781285254],[-80.1967321930637,25.7950722363196],[-80.1967423902123,25.7954739430052],[-80.1977092431512,25.7954471916563],[-80.197702263191,25.7952041548672],[-80.1977033512046,25.7952041283739],[-80.1977861264404,25.7952021956728],[-80.1981116600567,25.7951795715978],[-80.1981027398834,25.7950373174148],[-80.1983936150091,25.7950275728452],[-80.1984747411753,25.7950264917867],[-80.1984846633016,25.7954468384344],[-80.198494350496,25.7958235407263]]]},"properties":{"FID":1055,"M21_ZONE":"T6-8-O","Map_Code":"T6-8","Transect":"T6","Transect_D":"Urban Core Zone","Bldg_Heigh":"8","Intensity":"O","FLR":" ","Enact":"13561","Shape_STAr":1470363.21657,"Shape_STLe":10204.9871228,"Shape__Area":169219.626953125,"Shape__Length":3464.618278790625}},{"type":"Feature","id":1056,"geometry":{"type":"Polygon","coordinates":[[[-80.1994985259932,25.798438692176],[-80.1989906143519,25.798457727745],[-80.1990138479833,25.7989164883925],[-80.1990202399747,25.7991315379235],[-80.1990400076504,25.7994981849947],[-80.1994458140235,25.7994856892958],[-80.1994418758825,25.7994286130512],[-80.1994400182458,25.7994011505957],[-80.1994331801505,25.799300184284],[-80.1994243505798,25.7991717908835],[-80.1995218275473,25.7991689308265],[-80.2001739512115,25.7991497876772],[-80.2001867416042,25.7993769173148],[-80.2001914843865,25.7994627265476],[-80.200697215227,25.799447150068],[-80.2020171029032,25.7994062553077],[-80.202018312441,25.7994710269528],[-80.2020272142171,25.7997302197728],[-80.2018720564503,25.7997342606179],[-80.2018754898801,25.7999721218264],[-80.2018756869057,25.7999858792649],[-80.2018762126716,25.8000328830373],[-80.2018807615917,25.800032739209],[-80.2031075880059,25.7999940083387],[-80.2031175708848,25.8002574034535],[-80.2032666597275,25.8002545538357],[-80.2037129842548,25.800247150685],[-80.2037163036862,25.8004608383547],[-80.2037189398372,25.8006348698406],[-80.2037222574986,25.8008489718053],[-80.203729024687,25.8010085519394],[-80.2036341688304,25.8010118479748],[-80.2036521612017,25.8017589185686],[-80.2036473612104,25.8019086650733],[-80.2036543698904,25.8021105779975],[-80.2036606018554,25.8022865219908],[-80.2036758014592,25.8022860889179],[-80.2036823546008,25.8024709762975],[-80.203689202768,25.8026684184143],[-80.2036948292688,25.8028142602807],[-80.203745607611,25.8028126536292],[-80.2037525616119,25.8029942756043],[-80.2037572594703,25.8031157011662],[-80.2037603050141,25.8031999755193],[-80.2037603778227,25.80319997321],[-80.2037628605524,25.8032650614056],[-80.2033840567991,25.803278145623],[-80.203083023325,25.8032891078402],[-80.2027827334649,25.8033008497872],[-80.2026610900303,25.8033056086029],[-80.2026586910757,25.8032385223968],[-80.2025176697994,25.8032437209325],[-80.2023516043462,25.8032498597079],[-80.2023506836542,25.8032168394122],[-80.2021982030858,25.8032224649123],[-80.2021992171335,25.8032553864292],[-80.2020388504114,25.8032613846115],[-80.2018906443056,25.8032667615486],[-80.2017317971895,25.8032727677327],[-80.2015847317822,25.8032781506199],[-80.2014287357526,25.8032838282189],[-80.2012793897363,25.8032893697743],[-80.2011152032829,25.803298269629],[-80.2009861885193,25.8033030632666],[-80.2008351312358,25.8033087673667],[-80.2006709632004,25.8033149146475],[-80.2005187660159,25.8033207845575],[-80.2003656187274,25.8033264748719],[-80.2002081006782,25.8033324866972],[-80.200092386058,25.8033368381884],[-80.1999354385032,25.8033426813532],[-80.1997866615887,25.8033483969094],[-80.1996318011536,25.8033542295686],[-80.1994824593372,25.803359868589],[-80.1992850148799,25.8033673258778],[-80.1992698321616,25.803367895784],[-80.1990822828373,25.8033790232942],[-80.1989383653665,25.8033827644814],[-80.1987846031233,25.8033867617889],[-80.1986108970462,25.8033912736458],[-80.1986108631438,25.8033912734589],[-80.1984759992022,25.8033948275928],[-80.1983152650463,25.8033989276863],[-80.1982046880066,25.8034017570561],[-80.1980494629829,25.8034058881371],[-80.1979033570423,25.8034097245458],[-80.1977532625669,25.8034135397037],[-80.1975961369946,25.8034176598139],[-80.1974333116581,25.8034219197965],[-80.1972543372995,25.8034266058522],[-80.1971017450984,25.8034345334491],[-80.1969554463498,25.8034387117477],[-80.1968057291003,25.8034432158263],[-80.1966520183407,25.8034476967838],[-80.1964969803869,25.803452171147],[-80.1963453615942,25.8034566633401],[-80.1961905130816,25.803461138423],[-80.1960369947409,25.803465619793],[-80.1958861347382,25.8034701166047],[-80.1957271060717,25.8034747395788],[-80.1955781477506,25.8034790741838],[-80.1955735068316,25.8033505982553],[-80.1955692041915,25.8032281430453],[-80.1955644041813,25.803095023017],[-80.195559249807,25.8029581189354],[-80.1955534471491,25.8028329023472],[-80.1955479839164,25.8027135367866],[-80.1955448396884,25.802645330736],[-80.1957027372106,25.8026401546799],[-80.1958647977975,25.8026348417066],[-80.1960139043739,25.8026299542851],[-80.1961668398816,25.8026249425514],[-80.1963171692327,25.8026200146405],[-80.1964684630321,25.8026150567003],[-80.1966278565906,25.8026098283304],[-80.1967755498313,25.8026049873792],[-80.1969335260702,25.8025998086138],[-80.1970785662582,25.8025950547006],[-80.1972319964698,25.8025906087309],[-80.1973942943347,25.8025848440364],[-80.1975450722231,25.8025794885722],[-80.1976962590447,25.8025741171548],[-80.1978504549943,25.8025686412254],[-80.1980125104635,25.8025628826261],[-80.1981646597307,25.8025574790206],[-80.1982747596451,25.8025535674698],[-80.1984213514043,25.8025483586144],[-80.1985666465237,25.8025431975257],[-80.1985666410631,25.802543119868],[-80.1985508720808,25.802232826455],[-80.1985512108056,25.8020976722215],[-80.1985373583589,25.8018131825038],[-80.1985237011907,25.801527834531],[-80.198521171055,25.8014571757845],[-80.1985066678982,25.8014575589026],[-80.1985056432489,25.8014279960635],[-80.1985046245111,25.8013985921229],[-80.198495900355,25.8011141306446],[-80.1984868703453,25.800818662391],[-80.1984838013441,25.8007594823442],[-80.1983382540351,25.8007631751983],[-80.1983020086651,25.8003015229912],[-80.198582294952,25.8002920872837],[-80.1985387268347,25.7992176720584],[-80.1985772233809,25.7992168958237],[-80.1985483677774,25.7980147050715],[-80.1985516737728,25.7980146258053],[-80.1989744584329,25.7980063833961],[-80.1989697919731,25.7977313380082],[-80.1995099447324,25.7977165580921],[-80.1998240026777,25.7977079637972],[-80.1998244438721,25.7977129434264],[-80.1998310534475,25.7977875439429],[-80.1998629010913,25.7981697243519],[-80.1996629452801,25.7981757332877],[-80.1996735094021,25.7983881131945],[-80.1996741467787,25.7984054529596],[-80.1996759645561,25.7984324728996],[-80.1994985259932,25.798438692176]]]},"properties":{"FID":1056,"M21_ZONE":"T5-O","Map_Code":"T5","Transect":"T5","Transect_D":"Urban Center Zone","Bldg_Heigh":" ","Intensity":"O","FLR":" ","Enact":"13561","Shape_STAr":2727902.016,"Shape_STLe":10630.6818499,"Shape__Area":313960.890625,"Shape__Length":3604.772897201668}},{"type":"Feature","id":1061,"geometry":{"type":"Polygon","coordinates":[[[-80.1758277079626,25.7830518631479],[-80.1757855059488,25.7829996803676],[-80.1757378877774,25.7829514683215],[-80.1756853068857,25.7829076881178],[-80.1756282638838,25.7828687550975],[-80.1755673015569,25.7828350406109],[-80.1755030009276,25.7828068647749],[-80.1754359732807,25.7827844964276],[-80.1753668572037,25.7827681485987],[-80.1752963106305,25.7827579757568],[-80.1752250048409,25.782754076483],[-80.1753170659671,25.7825588820349],[-80.1754044369782,25.7823736324715],[-80.1754586210386,25.7822587465227],[-80.1754593586666,25.7822571810008],[-80.1754602065596,25.7822553850263],[-80.1754605101062,25.7822547413544],[-80.1754612568378,25.7822531569285],[-80.1754624295377,25.7822506704648],[-80.1754637651427,25.7822478383082],[-80.1754642417074,25.7822468282396],[-80.1754651735888,25.7822448531144],[-80.175466131784,25.7822428212716],[-80.1754663938441,25.7822422658239],[-80.175467285261,25.7822403753181],[-80.1754687463283,25.7822372775917],[-80.1754699736619,25.7822346758989],[-80.1754714752061,25.7822314917478],[-80.1754724516083,25.7822294220969],[-80.1754736040755,25.7822269779429],[-80.1754742687621,25.7822255798998],[-80.1754749801008,25.782224067485],[-80.1758105483652,25.7823684254762],[-80.1767159177448,25.782757899519],[-80.1771208851802,25.7829321060204],[-80.1774500330067,25.7830736961762],[-80.1776283082983,25.7831503647758],[-80.1777834352625,25.7832866530399],[-80.1778014961432,25.7833140854518],[-80.1778233216327,25.7833393574396],[-80.1778371656996,25.7833565995057],[-80.1778508606003,25.7833745095887],[-80.1778595873151,25.7833865126562],[-80.1778680818037,25.7833986498078],[-80.1778843641767,25.7834233199892],[-80.1778878499077,25.7834289270705],[-80.1778921491508,25.7834358412681],[-80.1778935142281,25.7834382725887],[-80.1778942656036,25.7834394818681],[-80.1778950169854,25.7834406902449],[-80.1778957683795,25.7834418968165],[-80.1778965209436,25.783442933697],[-80.1778972723316,25.7834441411712],[-80.1778980237196,25.7834453486454],[-80.1778992385923,25.7834477303741],[-80.1779016512411,25.783451936802],[-80.1779024876348,25.7834533956923],[-80.1779030068096,25.7834543012728],[-80.1779036176065,25.783455366237],[-80.1779042067255,25.7834563940701],[-80.1779046283712,25.7834571294019],[-80.1779051514904,25.7834580413233],[-80.1779055691981,25.7834587694117],[-80.1779060085714,25.7834595364364],[-80.1779063957405,25.783460211096],[-80.1779069048027,25.7834611373803],[-80.1779071982253,25.7834616716],[-80.1779078766488,25.7834629057412],[-80.177908234071,25.783463556764],[-80.1779087726811,25.7834645355687],[-80.1779094895007,25.7834658403333],[-80.1779101423144,25.7834670291975],[-80.1779107340883,25.7834681057885],[-80.1779116153405,25.7834697102584],[-80.177913111995,25.7834724347798],[-80.1779133315728,25.7834728340878],[-80.177913523578,25.7834731835945],[-80.1779136762026,25.7834734606668],[-80.1779140818536,25.7834742022268],[-80.1779142806259,25.7834745824616],[-80.1779145236951,25.7834750450876],[-80.1779148533519,25.78347567429],[-80.1779151308542,25.7834762039064],[-80.17791541918,25.7834767543449],[-80.1779162536686,25.7834783450108],[-80.1779167614415,25.7834793137122],[-80.1779171442309,25.7834800452139],[-80.1779177169507,25.7834811379448],[-80.177917975766,25.7834816304472],[-80.1779182394852,25.7834821347116],[-80.177918620318,25.7834828607863],[-80.1779190001601,25.7834835859528],[-80.1779194577478,25.78348445869],[-80.1779197942962,25.7834851005683],[-80.1779205923702,25.7834866224273],[-80.1779209662306,25.7834873475599],[-80.1779212907657,25.7834879965915],[-80.177922155233,25.7834897219211],[-80.1779222339071,25.7834898794262],[-80.1779225781076,25.7834905682854],[-80.1779229321595,25.7834912743505],[-80.1779231888378,25.7834917876017],[-80.1779236028766,25.7834926140578],[-80.1779238359514,25.7834930802379],[-80.1779242450739,25.7834938967372],[-80.177924376862,25.7834941592494],[-80.1779248784106,25.7834951631188],[-80.1779253593343,25.7834961217393],[-80.1779257841841,25.7834969708227],[-80.1779261814925,25.7834977655916],[-80.1779265748752,25.7834985513119],[-80.1779270449754,25.7834994891104],[-80.1779273990149,25.7835001969807],[-80.1779276378413,25.7835006965913],[-80.1779278805871,25.7835012061531],[-80.1779282235916,25.7835019238902],[-80.1779290747128,25.7835037051084],[-80.1779299346636,25.7835055071375],[-80.1779303228812,25.7835063190053],[-80.1779306973279,25.783507103716],[-80.1779312231287,25.7835082052082],[-80.1779316536057,25.7835091057742],[-80.1779320408263,25.7835099176365],[-80.1779323956201,25.7835106607143],[-80.177932893898,25.7835117051843],[-80.1779334708127,25.783512912575],[-80.1779339188243,25.7835138728148],[-80.1779341309569,25.7835143397792],[-80.1779347104082,25.7835156130775],[-80.1779354067306,25.7835171433878],[-80.177935901719,25.7835182311663],[-80.1779365430392,25.7835196411138],[-80.1779369506111,25.7835205379398],[-80.1779373356014,25.78352138409],[-80.177937769693,25.7835223388352],[-80.177938066301,25.7835229895143],[-80.1779382853065,25.7835234718625],[-80.1779384768265,25.7835238917728],[-80.1779391014598,25.7835252637149],[-80.1779394088477,25.7835259415343],[-80.177939670094,25.7835265152885],[-80.1779399321693,25.7835271134189],[-80.1779401902755,25.783527708819],[-80.177940782034,25.7835290769647],[-80.1779410401402,25.7835296723647],[-80.1779412383713,25.7835301311267],[-80.177941471933,25.7835306713266],[-80.1779416878419,25.7835311690024],[-80.1779420372031,25.78353197704],[-80.1779422943309,25.7835325697266],[-80.1779425278864,25.7835331108291],[-80.1779428036578,25.783533746948],[-80.1779430764695,25.783534378537],[-80.1779434945289,25.7835353449261],[-80.1779438193643,25.7835360950558],[-80.177944184428,25.783536939288],[-80.177944376777,25.7835373835745],[-80.1779452914145,25.7835394964229],[-80.1779459387866,25.783541040899],[-80.1779464819929,25.7835423654433],[-80.1779468134213,25.7835431715743],[-80.177947345854,25.7835444680757],[-80.1779476831522,25.7835452904875],[-80.1779481420449,25.7835464078493],[-80.1779484048372,25.7835470466028],[-80.1779491314075,25.7835488171881],[-80.177949565787,25.7835498748367],[-80.177949885451,25.7835506520165],[-80.1779504129798,25.7835519367558],[-80.177950718898,25.783552683168],[-80.1779511502679,25.7835537435074],[-80.177951500976,25.7835546454279],[-80.1779522474684,25.7835565632572],[-80.1779528342687,25.7835580721877],[-80.1779532564793,25.7835591595549],[-80.1779539804337,25.78356102039],[-80.1779543771963,25.7835620390122],[-80.1779551099553,25.7835639242685],[-80.1779556438657,25.7835652956979],[-80.177955967138,25.7835661279596],[-80.1779561767915,25.7835666653164],[-80.1779565126324,25.7835675545158],[-80.1779568130618,25.7835683740114],[-80.177957010758,25.783568910398],[-80.1779573180479,25.7835697470826],[-80.1779579649239,25.783571508191],[-80.1779583309426,25.7835725031707],[-80.177958892676,25.7835740327204],[-80.1779591862698,25.7835748314165],[-80.1779593888451,25.7835753831756],[-80.1779596980916,25.7835762252872],[-80.1779599955924,25.7835770357397],[-80.1779605377662,25.7835785101175],[-80.1779607961291,25.7835792129339],[-80.1779612443369,25.7835804340396],[-80.1779616599188,25.7835816152445],[-80.177962192672,25.7835831545596],[-80.1779626090953,25.7835843583355],[-80.1779631995057,25.7835860667713],[-80.1779635964005,25.7835872108621],[-80.1779641790032,25.7835888948824],[-80.1779645201602,25.783589880695],[-80.1779653549636,25.7835922936736],[-80.1779658652223,25.7835937696764],[-80.1779665366009,25.7835957367267],[-80.1779680471456,25.7836002070449],[-80.1779699241089,25.783605758999],[-80.1779712158022,25.7836095799802],[-80.1779734963035,25.7836163248055],[-80.1779753459062,25.7836217962694],[-80.1779762194187,25.7836243791643],[-80.1779772531661,25.7836274368541],[-80.1779790392609,25.7836327202086],[-80.1779793724487,25.7836337050735],[-80.1779807344926,25.7836377340609],[-80.177980962149,25.7836384078191],[-80.1779824033292,25.7836426719417],[-80.177982658353,25.7836434252874],[-80.1779833344867,25.7836454257625],[-80.1779845705051,25.7836490794393],[-80.1779848470079,25.7836498987996],[-80.1779860097351,25.7836533372323],[-80.177986273545,25.7836541177071],[-80.1779869770275,25.7836562004775],[-80.1779873131503,25.7836571934829],[-80.1779876600094,25.7836582199468],[-80.1779894422043,25.7836634906421],[-80.1779898672213,25.7836647495278],[-80.1779907505049,25.7836673613625],[-80.1779919806415,25.7836710005637],[-80.1779923480325,25.7836720858156],[-80.1779932654943,25.7836748016478],[-80.1779934521185,25.7836753533168],[-80.1779938693341,25.7836765868843],[-80.1779955684677,25.7836816133956],[-80.1779961078209,25.7836832078093],[-80.1779964478446,25.7836842134738],[-80.1779974610738,25.7836872105701],[-80.177997802082,25.7836882180454],[-80.177998027782,25.7836888863766],[-80.1779994513727,25.7836930989488],[-80.1779997132447,25.7836938712888],[-80.1780004802422,25.7836961412659],[-80.1780008300427,25.7836971749676],[-80.1780019536826,25.7837004985432],[-80.1780023239837,25.783701595546],[-80.1780029844902,25.783703548995],[-80.1780034466516,25.7837049155056],[-80.1780044374052,25.7837078465816],[-80.1780046396635,25.783708444374],[-80.1780056216374,25.7837113474184],[-80.1780059323435,25.7837122671657],[-80.178006123853,25.7837128333046],[-80.1780065234658,25.7837140171271],[-80.1780087199495,25.7837205123467],[-80.1780094234328,25.783722595117],[-80.178010477695,25.7837257143024],[-80.1780115466379,25.7837288732872],[-80.1780118905564,25.7837298925133],[-80.1780124670417,25.783731596357],[-80.1780133219806,25.7837341258905],[-80.178013610217,25.783734978715],[-80.1780141661831,25.7837366219654],[-80.1780145482053,25.7837377542376],[-80.1780157011575,25.7837411646329],[-80.1780166528483,25.7837439772415],[-80.1780175664166,25.7837466795118],[-80.1780177022318,25.7837470810543],[-80.1780188962166,25.7837506135387],[-80.1780191365789,25.7837513243771],[-80.1780194209147,25.7837521645424],[-80.1780205230455,25.7837554266165],[-80.1780207409318,25.7837560714346],[-80.1780209050865,25.7837565561808],[-80.178022189941,25.7837603572647],[-80.1780234904422,25.7837642026666],[-80.1780244723983,25.7837671084188],[-80.1780248749525,25.783768299479],[-80.1780252980385,25.7837695493273],[-80.178026698183,25.783773692263],[-80.1780275160094,25.7837761096585],[-80.1780279713295,25.7837774562721],[-80.1780282400127,25.7837782530219],[-80.1780285204416,25.7837790814308],[-80.1780287823016,25.783779855576],[-80.1780298404842,25.7837829847125],[-80.1780308243848,25.7837858976968],[-80.1780319910216,25.7837893478856],[-80.178034119108,25.7837956414281],[-80.1780350688306,25.7837984504149],[-80.1780359745858,25.7838011291721],[-80.1780363937464,25.7838023699717],[-80.1780374147977,25.7838053896781],[-80.1780388706313,25.7838096981126],[-80.1780409019915,25.7838157049695],[-80.1780421086892,25.7838192736314],[-80.1780434697589,25.7838232999047],[-80.1780448425559,25.7838273605448],[-80.1780490137069,25.7838396989211],[-80.1780529767426,25.7838514214191],[-80.178054552771,25.7838560834674],[-80.1780558786664,25.7838600057375],[-80.1780570785356,25.7838635526971],[-80.1780582392916,25.7838669884102],[-80.178059412778,25.7838704575932],[-80.178060476807,25.7838736066207],[-80.1780621134221,25.7838784468327],[-80.1780628032359,25.7838804880038],[-80.1780651179378,25.7838873350199],[-80.1780678557145,25.7838954336894],[-80.1780692138634,25.7838994500169],[-80.1780703394574,25.7839027799215],[-80.17807138298,25.7839058665505],[-80.1780728564191,25.7839102247298],[-80.1780738168985,25.783913064467],[-80.1780752336649,25.7839172553364],[-80.1780717094739,25.7839182373635],[-80.1780637812382,25.7839211415174],[-80.1776283946837,25.7840805815183],[-80.177434738068,25.7838734259891],[-80.1772646151104,25.784025537512],[-80.1766895815866,25.7834865275235],[-80.1764630865547,25.7833262849894],[-80.1758277079626,25.7830518631479]]]},"properties":{"FID":1061,"M21_ZONE":"T6-12-O","Map_Code":"T6-12","Transect":"T6","Transect_D":"Urban Core Zone","Bldg_Heigh":"12","Intensity":"O","FLR":" ","Enact":"14333","Shape_STAr":234226.032774,"Shape_STLe":2485.21320798,"Shape__Area":26949.169921875,"Shape__Length":842.4810700533335}},{"type":"Feature","id":1062,"geometry":{"type":"Polygon","coordinates":[[[-80.176024891838,25.7846068011098],[-80.1758623642265,25.7841240442252],[-80.1758023032675,25.7837695533542],[-80.1757398578821,25.7833885129376],[-80.17573188135,25.7833435908697],[-80.175719686696,25.78329951054],[-80.1757033673117,25.7832566082612],[-80.1756874239333,25.7832233510834],[-80.1756689942563,25.783191218956],[-80.1756426056552,25.7831528739449],[-80.1756250615602,25.7831309485408],[-80.1756062870326,25.7831099097821],[-80.1755794382437,25.7830833344677],[-80.1755506278517,25.7830585659623],[-80.1755278167074,25.7830412493986],[-80.1755040456209,25.7830250638231],[-80.1754709653029,25.7830053177998],[-80.1754452007646,25.7829919407846],[-80.1754097157547,25.7829760823566],[-80.1753637770234,25.7829595400349],[-80.1753164014925,25.7829467671298],[-80.1752777107961,25.7829393257296],[-80.1752190172892,25.7829321933586],[-80.1751290874884,25.7829223961687],[-80.1750456093687,25.7829133016605],[-80.1749785931676,25.7829060001422],[-80.17488867138,25.7828962037525],[-80.174789511461,25.7828854008102],[-80.1747214880932,25.7828779896569],[-80.1746663196647,25.782870908653],[-80.174604871839,25.7828569634829],[-80.1745454147695,25.7828380135764],[-80.1744882563554,25.7828142285753],[-80.17441545072,25.7827748120916],[-80.1743657186423,25.7827408476181],[-80.174316074764,25.7826997644568],[-80.174238788964,25.7826155430766],[-80.1742058448753,25.7825738677505],[-80.1741674471915,25.782525294127],[-80.174135782054,25.7824852363664],[-80.1741032106299,25.7824440334119],[-80.1740619156936,25.7823930251244],[-80.1740141746673,25.7823359135423],[-80.1739710120775,25.7822852466584],[-80.173919263603,25.7822256372365],[-80.1738812155577,25.7821827530994],[-80.173834898744,25.7821313479537],[-80.1737743106368,25.7820656215982],[-80.1737390494399,25.7820278929198],[-80.1736953146584,25.7819819959006],[-80.173652368603,25.7819376703424],[-80.1736238068809,25.7819081910625],[-80.1735266038086,25.7818113861225],[-80.1734273722575,25.7817161311729],[-80.1733260332327,25.7816224600614],[-80.17328213465,25.7815834094656],[-80.173162748879,25.7815876125381],[-80.1730578956601,25.7815913041731],[-80.1730515968802,25.7815863940814],[-80.1730446097744,25.7815806803324],[-80.173037622477,25.7815751380847],[-80.1730306333849,25.7815694234211],[-80.1730236452779,25.781563710568],[-80.1730166581748,25.7815579968177],[-80.1730096708926,25.7815524527635],[-80.1730026827938,25.7815467390069],[-80.1729955030906,25.7815411956636],[-80.1729885169934,25.781535481015],[-80.1729815267104,25.7815299387477],[-80.1729743491892,25.7815242248156],[-80.1729673589076,25.7815186825477],[-80.1729603716362,25.7815131375887],[-80.1729531931201,25.78150742365],[-80.1729462058313,25.7815018813981],[-80.1729390261209,25.7814963398573],[-80.1729318484176,25.7814907965223],[-80.17292485814,25.7814852542524],[-80.1729176806429,25.7814795376098],[-80.1729105019447,25.7814739942681],[-80.1729035136629,25.7814684520086],[-80.1728963337766,25.7814630801623],[-80.1728891550804,25.7814575368195],[-80.1728819763723,25.7814519952817],[-80.1728747976774,25.7814464519383],[-80.1728676189957,25.7814409067894],[-80.1728604391002,25.7814355367466],[-80.1728532584134,25.7814299933908],[-80.1728460817151,25.7814244500574],[-80.1728388998339,25.7814190790996],[-80.1728317231369,25.7814135357655],[-80.1728245432635,25.7814081630131],[-80.1728173645739,25.781402619667],[-80.172810184683,25.7813972496218],[-80.1728028143959,25.7813918757858],[-80.1727956357083,25.7813863324386],[-80.1727884558256,25.7813809614897],[-80.1727810865375,25.7813755876583],[-80.1727739066561,25.7813702167088],[-80.172766536366,25.7813648437736],[-80.1727593576818,25.7813593004247],[-80.1727519883775,25.7813539292997],[-80.1727448085113,25.7813485565435],[-80.172737437028,25.7813433560056],[-80.1727302571443,25.7813379859565],[-80.1727228878614,25.7813326121223],[-80.1727155175698,25.7813272400872],[-80.1727083377006,25.7813218682319],[-80.1727009662206,25.7813166676922],[-80.1726935979248,25.7813112956674],[-80.1726862266451,25.7813059227226],[-80.172678856164,25.7813007221874],[-80.1726714858763,25.7812953501502],[-80.1726641163934,25.78129014962],[-80.1726567451164,25.7812847766737],[-80.1726493746379,25.7812795761371],[-80.1726420031631,25.7812743755945],[-80.1726346338694,25.7812690044637],[-80.1726272624023,25.7812638030178],[-80.1726198919264,25.7812586024797],[-80.1726123310357,25.7812534008584],[-80.1726049595642,25.781248200314],[-80.1725975900872,25.7812429997805],[-80.1725902196139,25.7812377992409],[-80.172582658726,25.7812325976182],[-80.1725752862601,25.7812273970666],[-80.1725677253734,25.781222195443],[-80.1725603539058,25.7812169948964],[-80.1725527930204,25.7812117932721],[-80.1725454213486,25.7812067660316],[-80.1725378604771,25.7812015626014],[-80.1725304909934,25.7811963638699],[-80.1725229289208,25.7811913337401],[-80.172515368045,25.7811861312113],[-80.1725079943825,25.7811811039577],[-80.1725004335143,25.7811759005255],[-80.172492871438,25.7811708712969],[-80.172485309356,25.7811658429705],[-80.1724777484898,25.7811606395372],[-80.1724703758337,25.7811556113848],[-80.17246281376,25.7811505821546],[-80.1724552516994,25.7811455511188],[-80.1724476896269,25.7811405218878],[-80.1724401287452,25.7811353211605],[-80.172432566674,25.7811302919288],[-80.1724248142008,25.7811252598084],[-80.1724172499377,25.7811204029689],[-80.172409688878,25.7811153719365],[-80.1724021268031,25.7811103436059],[-80.1723945647477,25.781105312567],[-80.1723868132622,25.7811002822555],[-80.1723792480053,25.7810954254085],[-80.1723716879457,25.7810903943798],[-80.1723639354652,25.7810853640615],[-80.1723563722103,25.7810805063219],[-80.1723488101525,25.7810754761834],[-80.1723410574808,25.7810706173656],[-80.1723334942153,25.7810657614301],[-80.1723257407536,25.781060729299],[-80.1723181804927,25.7810558715745],[-80.1723104258296,25.7810510127438],[-80.172302674158,25.7810461539296],[-80.1722951100982,25.7810411255822],[-80.1722873574309,25.7810362667617],[-80.1722796037799,25.7810314061298],[-80.1722718511013,25.7810265491136],[-80.172264287854,25.7810216913694],[-80.1722565341923,25.7810168325415],[-80.1722487803442,25.7810121443124],[-80.1722410266837,25.7810072854837],[-80.1722332740209,25.7810024266603],[-80.1722255203617,25.7809975678308],[-80.1722177664973,25.7809928823079],[-80.172210012852,25.7809880216724],[-80.1722022591947,25.7809831628417],[-80.1721945063291,25.7809784773232],[-80.1721867516824,25.7809736175834],[-80.1721788074062,25.780968930975],[-80.1721710535643,25.7809642427418],[-80.1721632999102,25.7809593839091],[-80.1721555460508,25.780954698383],[-80.1721476027928,25.7809500090707],[-80.1721398469407,25.7809453235324],[-80.172132091108,25.7809406352858],[-80.172124150033,25.7809357753846],[-80.1721163951923,25.7809310880455],[-80.172108450928,25.7809264005308],[-80.1721006968918,25.7809218846983],[-80.1720927516318,25.780917197177],[-80.1720849987874,25.7809125098476],[-80.1720770525255,25.7809078232225],[-80.1720692986916,25.780903134984],[-80.1720613542374,25.7808986189685],[-80.1720534089743,25.7808939323478],[-80.1720456561392,25.7808892441137],[-80.1720377086961,25.7808847280799],[-80.1720297644318,25.7808800414636],[-80.17202181899,25.7808755245377],[-80.172013875549,25.78087100672],[-80.1720061197074,25.7808663211748],[-80.1719981742612,25.7808618051502],[-80.1719902288156,25.7808572891252],[-80.171982475176,25.7808524302832],[-80.1736791425155,25.7815543655914],[-80.1736790317198,25.7815703562458],[-80.1739324580546,25.7815604789079],[-80.1754749771162,25.7822240665654],[-80.1752250048409,25.782754076483],[-80.1752963106305,25.7827579757568],[-80.1753668572037,25.7827681485987],[-80.1754359732807,25.7827844964276],[-80.1755030009276,25.7828068647749],[-80.1755673015569,25.7828350406109],[-80.1756282638838,25.7828687550975],[-80.1756853068857,25.7829076881178],[-80.1757378877774,25.7829514683215],[-80.1757855059488,25.7829996803676],[-80.1758277079626,25.7830518631479],[-80.1764630865547,25.7833262849894],[-80.1766895815866,25.7834865275235],[-80.1772646151104,25.784025537512],[-80.177434738068,25.7838734259891],[-80.1776283946837,25.7840805815183],[-80.1780307349459,25.7839332434404],[-80.1780691736774,25.7839191663026],[-80.1780717094739,25.7839182373635],[-80.1780737742402,25.7839176623085],[-80.1780752336649,25.7839172553364],[-80.1780753821921,25.7839176930566],[-80.1781743499911,25.7842104325967],[-80.1782916543673,25.7845574046542],[-80.1779219682048,25.7847970204591],[-80.1768219001076,25.7855094833457],[-80.17655036701,25.7856853391597],[-80.1763712248379,25.785349067733],[-80.1761054644383,25.7848461238517],[-80.176024891838,25.7846068011098]]]},"properties":{"FID":1062,"M21_ZONE":"CS","Map_Code":"CS","Transect":"CS","Transect_D":"Civic Space Zone","Bldg_Heigh":" ","Intensity":" ","FLR":" ","Enact":"13114","Shape_STAr":629491.307704,"Shape_STLe":6098.88275621,"Shape__Area":72427.48828125,"Shape__Length":2068.0663770979863}},{"type":"Feature","id":1068,"geometry":{"type":"Polygon","coordinates":[[[-80.2095331622781,25.7850925738872],[-80.2089767165769,25.784570584581],[-80.209484821278,25.7845566790155],[-80.2095624130137,25.7846300357273],[-80.2100080288366,25.7846178387182],[-80.2100879225037,25.7845832126735],[-80.2105616079432,25.7850247738451],[-80.2104792670822,25.7850666802846],[-80.2100370839539,25.7850787818085],[-80.2095331622781,25.7850925738872]]]},"properties":{"FID":1068,"M21_ZONE":"T6-8-O","Map_Code":"T6-8","Transect":"T6","Transect_D":"Urban Core Zone","Bldg_Heigh":"8","Intensity":"O","FLR":" ","Enact":"13602","Shape_STAr":63511.8568436,"Shape_STLe":1210.02494541,"Shape__Area":7307.73046875,"Shape__Length":409.85761144302342}},{"type":"Feature","id":1069,"geometry":{"type":"Polygon","coordinates":[[[-80.2057940485103,25.7665664892068],[-80.2058251155901,25.766565604425],[-80.2058725921301,25.766564250426],[-80.2059191260873,25.7665631286667],[-80.2060403051865,25.7665601800265],[-80.2061937414965,25.7665565135878],[-80.2063468363409,25.7665527774263],[-80.2064608538622,25.7665499960923],[-80.2066219667341,25.7665483162708],[-80.2066291705338,25.7669084192276],[-80.206629252134,25.7669880625321],[-80.2062137397718,25.7669990407437],[-80.2058088517824,25.767009743564],[-80.2057940485103,25.7665664892068]]]},"properties":{"FID":1069,"M21_ZONE":"T6-8-O","Map_Code":"T6-8","Transect":"T6","Transect_D":"Urban Core Zone","Bldg_Heigh":"8","Intensity":"O","FLR":" ","Enact":"13732","Shape_STAr":43689.5801386,"Shape_STLe":863.739603451,"Shape__Area":5025.447265625,"Shape__Length":292.73820352597443}},{"type":"Feature","id":1070,"geometry":{"type":"Polygon","coordinates":[[[-80.2057926072088,25.7665201797715],[-80.2057769516187,25.7660483265005],[-80.2060154369854,25.7660413791863],[-80.2060403051865,25.7665601800265],[-80.2059191260873,25.7665631286667],[-80.2058725921301,25.766564250426],[-80.2058251155901,25.766565604425],[-80.2057940485103,25.7665664892068],[-80.2057926072088,25.7665201797715]]]},"properties":{"FID":1070,"M21_ZONE":"T6-8-O","Map_Code":"T6-8","Transect":"T6","Transect_D":"Urban Core Zone","Bldg_Heigh":"8","Intensity":"O","FLR":" ","Enact":"13609","Shape_STAr":15043.6334281,"Shape_STLe":536.782196944,"Shape__Area":1730.396484375,"Shape__Length":182.25273344195443}},{"type":"Feature","id":1071,"geometry":{"type":"Polygon","coordinates":[[[-80.1987765243108,25.7902671203262],[-80.1989950764711,25.7902623692598],[-80.198993199905,25.7901816594064],[-80.1989851533323,25.7899119315803],[-80.1991408773718,25.7899082243595],[-80.1991489459838,25.7901787312909],[-80.1991512575127,25.7902589750643],[-80.1994491122764,25.7902524998802],[-80.1994465623555,25.7901731312679],[-80.1994384481904,25.7899011410375],[-80.1995864727044,25.7898976193325],[-80.19958655049,25.7898976170525],[-80.1995865520841,25.7898976766361],[-80.1995945987299,25.7901702694626],[-80.1995898985332,25.7903327411749],[-80.1995982961884,25.7906096352342],[-80.1996071510298,25.7909033824488],[-80.1996209175863,25.7910595938945],[-80.1996301142992,25.7913306467701],[-80.1996393099028,25.7916018684253],[-80.1996411050546,25.791669225834],[-80.1988105648028,25.7916922183621],[-80.198794640241,25.7909947343025],[-80.1987765243108,25.7902671203262]]]},"properties":{"FID":1071,"M21_ZONE":"T5-L","Map_Code":"T5","Transect":"T5","Transect_D":"Urban Center Zone","Bldg_Heigh":" ","Intensity":"L","FLR":" ","Enact":"13114","Shape_STAr":152340.439341,"Shape_STLe":2088.57235673,"Shape__Area":17530.12890625,"Shape__Length":709.417093528951}},{"type":"Feature","id":1072,"geometry":{"type":"Polygon","coordinates":[[[-80.1987587939215,25.7895549960547],[-80.198759707424,25.7895549658833],[-80.1994200922805,25.7895351719912],[-80.1994206407522,25.7894705715152],[-80.1994139851626,25.789183758763],[-80.1995681057329,25.7891796441733],[-80.199568198899,25.7891796528098],[-80.1995748222417,25.7894663489427],[-80.1995780102069,25.7896139035716],[-80.19958655049,25.7898976170525],[-80.1995864727044,25.7898976193325],[-80.1994384481904,25.7899011410375],[-80.1994465623555,25.7901731312679],[-80.1994491122764,25.7902524998802],[-80.1991512575127,25.7902589750643],[-80.1991489459838,25.7901787312909],[-80.1991408773718,25.7899082243595],[-80.1989851533323,25.7899119315803],[-80.198993199905,25.7901816594064],[-80.1989950764711,25.7902623692598],[-80.1987765243108,25.7902671203262],[-80.1987587939215,25.7895549960547]]]},"properties":{"FID":1072,"M21_ZONE":"CI","Map_Code":"CI","Transect":"CI","Transect_D":"Civic Institution Zone","Bldg_Heigh":" ","Intensity":" ","FLR":" ","Enact":"13614","Shape_STAr":63824.4380941,"Shape_STLe":1568.8849641,"Shape__Area":7344.275390625,"Shape__Length":532.65300905396714}},{"type":"Feature","id":1073,"geometry":{"type":"Polygon","coordinates":[[[-80.1999885078529,25.7895189528832],[-80.1995762082173,25.7895304915908],[-80.1995748222417,25.7894663489427],[-80.1995681993248,25.7891796636439],[-80.1995681963549,25.7891795119825],[-80.1995557004973,25.7886130967807],[-80.1999619057092,25.7888051577027],[-80.1999659166874,25.7888796167293],[-80.1999711860048,25.7889773935911],[-80.1999885078529,25.7895189528832]]]},"properties":{"FID":1073,"M21_ZONE":"T5-O","Map_Code":"T5","Transect":"T5","Transect_D":"Urban Center Zone","Bldg_Heigh":" ","Intensity":"O","FLR":" ","Enact":"13114","Shape_STAr":39797.5466906,"Shape_STLe":879.654236011,"Shape__Area":4579.453125,"Shape__Length":298.738042768761}},{"type":"Feature","id":1074,"geometry":{"type":"Polygon","coordinates":[[[-80.1995762082173,25.7895304915908],[-80.1999885078529,25.7895189528832],[-80.1999915629803,25.7896144663519],[-80.2000002418008,25.7898868938643],[-80.1999995272586,25.7898872880027],[-80.19958655049,25.7898976170525],[-80.1995780102069,25.7896139035716],[-80.1995762082173,25.7895304915908]]]},"properties":{"FID":1074,"M21_ZONE":"CI","Map_Code":"CI","Transect":"CI","Transect_D":"Civic Institution Zone","Bldg_Heigh":" ","Intensity":" ","FLR":" ","Enact":"13614","Shape_STAr":18190.9056033,"Shape_STLe":539.233860554,"Shape__Area":2093.22265625,"Shape__Length":182.91516570609059}},{"type":"Feature","id":1077,"geometry":{"type":"Polygon","coordinates":[[[-80.2042825813863,25.7999614193628],[-80.2042857730137,25.8000217797779],[-80.2043046911795,25.8004426745156],[-80.20410552748,25.800448814784],[-80.2040447679386,25.8004506900943],[-80.2037163036862,25.8004608383547],[-80.2037129827311,25.8002470802701],[-80.2037098143026,25.8000389979649],[-80.2037076238673,25.799977328769],[-80.2042825813863,25.7999614193628]]]},"properties":{"FID":1077,"M21_ZONE":"T6-8A-O","Map_Code":"T6-8","Transect":"T6","Transect_D":"Urban Core Zone","Bldg_Heigh":"8","Intensity":"O","FLR":"A","Enact":"13631","Shape_STAr":33569.2256091,"Shape_STLe":733.821096188,"Shape__Area":3863.48828125,"Shape__Length":248.9197288359363}},{"type":"Feature","id":1078,"geometry":{"type":"Polygon","coordinates":[[[-80.2037129827311,25.8002470802701],[-80.2037129842548,25.800247150685],[-80.2032666597275,25.8002545538357],[-80.2031175708848,25.8002574034535],[-80.2031075880059,25.7999940083387],[-80.2036660972693,25.7999784779039],[-80.2037076238673,25.799977328769],[-80.2037098143026,25.8000389979649],[-80.2037129827311,25.8002470802701]]]},"properties":{"FID":1078,"M21_ZONE":"T5-O","Map_Code":"T5","Transect":"T5","Transect_D":"Urban Center Zone","Bldg_Heigh":" ","Intensity":"O","FLR":" ","Enact":"13631","Shape_STAr":19076.3516596,"Shape_STLe":587.352986434,"Shape__Area":2195.5,"Shape__Length":199.07550733529618}},{"type":"Feature","id":1079,"geometry":{"type":"Polygon","coordinates":[[[-80.2031075880059,25.7999940083387],[-80.2030713071803,25.799373584516],[-80.2030580929972,25.7990709335364],[-80.2030437690076,25.7987878215084],[-80.2030231942756,25.7983813752396],[-80.2030247846363,25.7981435703836],[-80.2035896695375,25.7981213665385],[-80.2050576753868,25.798063656934],[-80.2050923178845,25.798615500983],[-80.2050084309425,25.7986160217872],[-80.2048907536464,25.7986191803767],[-80.2049259251471,25.7989379977281],[-80.2049372469527,25.7990048971505],[-80.2051072290371,25.7989989220441],[-80.2051163814174,25.7989988168169],[-80.2051682611387,25.7998252360037],[-80.2051744986774,25.799935646867],[-80.205135247093,25.7999377647617],[-80.2046939149991,25.7999500089175],[-80.2046913486347,25.7998610731725],[-80.2046679999524,25.799475871098],[-80.2045324109068,25.7994805742364],[-80.2045485844403,25.7998673140024],[-80.204552817489,25.7999539237133],[-80.2042825813863,25.7999614193628],[-80.2037076238673,25.799977328769],[-80.2036660972693,25.7999784779039],[-80.2031075880059,25.7999940083387]]]},"properties":{"FID":1079,"M21_ZONE":"T6-12-O","Map_Code":"T6-12","Transect":"T6","Transect_D":"Urban Core Zone","Bldg_Heigh":"12","Intensity":"O","FLR":" ","Enact":"13631","Shape_STAr":442157.090533,"Shape_STLe":3174.46311214,"Shape__Area":50886.962890625,"Shape__Length":1077.1329231393415}},{"type":"Feature","id":1080,"geometry":{"type":"Polygon","coordinates":[[[-80.2050923178845,25.798615500983],[-80.205095508717,25.7986663231047],[-80.2051163814174,25.7989988168169],[-80.2051072290371,25.7989989220441],[-80.2049372469527,25.7990048971505],[-80.2049259251471,25.7989379977281],[-80.2048907536464,25.7986191803767],[-80.2050084309425,25.7986160217872],[-80.2050923178845,25.798615500983]]]},"properties":{"FID":1080,"M21_ZONE":"D1","Map_Code":"D1","Transect":"D1","Transect_D":"Work Place District Zone","Bldg_Heigh":" ","Intensity":" ","FLR":" ","Enact":"13561","Shape_STAr":8859.1768366,"Shape_STLe":405.930953145,"Shape__Area":1019.58203125,"Shape__Length":137.85051626143266}},{"type":"Feature","id":1081,"geometry":{"type":"Polygon","coordinates":[[[-80.2030713071803,25.799373584516],[-80.2031075880059,25.7999940083387],[-80.2018807615917,25.800032739209],[-80.2018762126716,25.8000328830373],[-80.2018756869057,25.7999858792649],[-80.2018754898801,25.7999721218264],[-80.2018720564503,25.7997342606179],[-80.2020272142171,25.7997302197728],[-80.202018312441,25.7994710269528],[-80.2020171029032,25.7994062553077],[-80.2020880717658,25.799404055937],[-80.2030713071803,25.799373584516]]]},"properties":{"FID":1081,"M21_ZONE":"T6-8A-O","Map_Code":"T6-8","Transect":"T6","Transect_D":"Urban Core Zone","Bldg_Heigh":"8","Intensity":"O","FLR":"A","Enact":"13631","Shape_STAr":84671.0927187,"Shape_STLe":1255.72481636,"Shape__Area":9744.720703125,"Shape__Length":425.67931778443648}},{"type":"Feature","id":1082,"geometry":{"type":"Polygon","coordinates":[[[-80.2030247846363,25.7981435703836],[-80.2030231942756,25.7983813752396],[-80.2030437690076,25.7987878215084],[-80.2030580929972,25.7990709335364],[-80.2030713071803,25.799373584516],[-80.2020880717658,25.799404055937],[-80.2020600846828,25.7988716125109],[-80.2020576906496,25.7987891018358],[-80.2020058728838,25.7977252847342],[-80.2020014357844,25.7976539430388],[-80.2020003851735,25.7976425729303],[-80.2029409884409,25.7976114592773],[-80.2030030941163,25.7976095141514],[-80.2030247846363,25.7981435703836]]]},"properties":{"FID":1082,"M21_ZONE":"T6-8B-O","Map_Code":"T6-8","Transect":"T6","Transect_D":"Urban Core Zone","Bldg_Heigh":"8","Intensity":"O","FLR":"B","Enact":"13631","Shape_STAr":209002.153279,"Shape_STLe":1936.44208461,"Shape__Area":24053.396484375,"Shape__Length":657.50815033090191}},{"type":"Feature","id":1083,"geometry":{"type":"Polygon","coordinates":[[[-80.2003631544186,25.7980741721529],[-80.20036163396,25.7981548406765],[-80.2010181758919,25.7981350084477],[-80.2010014736602,25.797758649571],[-80.2010007934952,25.7976831167408],[-80.2010007482289,25.7976810936574],[-80.2010007247449,25.7976755241885],[-80.2020003851735,25.7976425729303],[-80.2020014357844,25.7976539430388],[-80.2020058728838,25.7977252847342],[-80.2020576906496,25.7987891018358],[-80.2020600846828,25.7988716125109],[-80.2020880717658,25.799404055937],[-80.2020171029032,25.7994062553077],[-80.200697215227,25.799447150068],[-80.2001914843865,25.7994627265476],[-80.2001867416042,25.7993769173148],[-80.2001739512115,25.7991497876772],[-80.1995218275473,25.7991689308265],[-80.1995109025734,25.798946031295],[-80.1995091336221,25.7988565276276],[-80.1995056559865,25.7987213938244],[-80.1995007282475,25.7985215818239],[-80.1994985259932,25.798438692176],[-80.1996759645561,25.7984324728996],[-80.1996741467787,25.7984054529596],[-80.1996735094021,25.7983881131945],[-80.1996629452801,25.7981757332877],[-80.1998629010913,25.7981697243519],[-80.1998310534475,25.7977875439429],[-80.1998244438721,25.7977129434264],[-80.1998240026777,25.7977079637972],[-80.200345660318,25.7976936873898],[-80.2003458978846,25.797698850941],[-80.2003631544186,25.7980741721529]]]},"properties":{"FID":1083,"M21_ZONE":"T6-8A-O","Map_Code":"T6-8","Transect":"T6","Transect_D":"Urban Core Zone","Bldg_Heigh":"8","Intensity":"O","FLR":"A","Enact":"13631","Shape_STAr":450243.376102,"Shape_STLe":3297.31420688,"Shape__Area":51817.138671875,"Shape__Length":1118.5383292798219}},{"type":"Feature","id":1084,"geometry":{"type":"Polygon","coordinates":[[[-80.2010014736602,25.797758649571],[-80.2010181758919,25.7981350084477],[-80.20036163396,25.7981548406765],[-80.2003631544186,25.7980741721529],[-80.2003458978846,25.797698850941],[-80.200345660318,25.7976936873898],[-80.2010007247449,25.7976755241885],[-80.2010007934952,25.7976831167408],[-80.2010014736602,25.797758649571]]]},"properties":{"FID":1084,"M21_ZONE":"T5-O","Map_Code":"T5","Transect":"T5","Transect_D":"Urban Center Zone","Bldg_Heigh":" ","Intensity":"O","FLR":" ","Enact":"13561","Shape_STAr":35956.3425705,"Shape_STLe":766.650732756,"Shape__Area":4138.060546875,"Shape__Length":259.9920360420337}},{"type":"Feature","id":1085,"geometry":{"type":"Polygon","coordinates":[[[-80.1994985259932,25.798438692176],[-80.1995007282475,25.7985215818239],[-80.1995056559865,25.7987213938244],[-80.1995091336221,25.7988565276276],[-80.1995109025734,25.798946031295],[-80.1995218275473,25.7991689308265],[-80.1994243505798,25.7991717908835],[-80.1994331801505,25.799300184284],[-80.1994400182458,25.7994011505957],[-80.1994418758825,25.7994286130512],[-80.1994458140235,25.7994856892958],[-80.1990400076504,25.7994981849947],[-80.1990202399747,25.7991315379235],[-80.1990138479833,25.7989164883925],[-80.1989906143519,25.798457727745],[-80.1994985259932,25.798438692176]]]},"properties":{"FID":1085,"M21_ZONE":"T5-O","Map_Code":"T5","Transect":"T5","Transect_D":"Urban Center Zone","Bldg_Heigh":" ","Intensity":"O","FLR":" ","Enact":"13631","Shape_STAr":58822.2119359,"Shape_STLe":1091.35642996,"Shape__Area":6769.70703125,"Shape__Length":370.63067860113767}},{"type":"Feature","id":1090,"geometry":{"type":"Polygon","coordinates":[[[-80.1963407564636,25.7531576150481],[-80.1951285158753,25.7538764849401],[-80.1949625845673,25.7533297217123],[-80.1959406923841,25.7526706780731],[-80.1963407564636,25.7531576150481]]]},"properties":{"FID":1090,"M21_ZONE":"T6-24A-R","Map_Code":"T6-24","Transect":"T6","Transect_D":"Urban Core Zone","Bldg_Heigh":"24","Intensity":"R","FLR":"A","Enact":"13114","Shape_STAr":91048.1820993,"Shape_STLe":1304.95654894,"Shape__Area":10470.5078125,"Shape__Length":442.47425137527978}},{"type":"Feature","id":1093,"geometry":{"type":"Polygon","coordinates":[[[-80.1933608246183,25.7883002291262],[-80.1930610065979,25.7883127332908],[-80.1929994688699,25.7883149969465],[-80.1927888505733,25.788322713088],[-80.1925944131748,25.7883298489737],[-80.192536890838,25.7883319180856],[-80.1923743905138,25.7883378941339],[-80.1923794069138,25.7875921955184],[-80.1933325277498,25.7875706158655],[-80.1933608246183,25.7883002291262]]]},"properties":{"FID":1093,"M21_ZONE":"T6-24B-O","Map_Code":"T6-24","Transect":"T6","Transect_D":"Urban Core Zone","Bldg_Heigh":"24","Intensity":"O","FLR":"B","Enact":"13689","Shape_STAr":85665.6685819,"Shape_STLe":1175.03231546,"Shape__Area":9857.2265625,"Shape__Length":398.4952426717299}},{"type":"Feature","id":1095,"geometry":{"type":"Polygon","coordinates":[[[-80.1938779740151,25.7899015615931],[-80.1934992793536,25.7899084148295],[-80.1935006717756,25.7899720050871],[-80.1930944165768,25.7899792595776],[-80.1930854981205,25.7894260889846],[-80.1938622657514,25.7894146330052],[-80.1938779740151,25.7899015615931]]]},"properties":{"FID":1095,"M21_ZONE":"T6-24B-O","Map_Code":"T6-24","Transect":"T6","Transect_D":"Urban Core Zone","Bldg_Heigh":"24","Intensity":"O","FLR":"B","Enact":"13706","Shape_STAr":48699.0661699,"Shape_STLe":915.246927506,"Shape__Area":5603.78125,"Shape__Length":310.36602726257274}},{"type":"Feature","id":1096,"geometry":{"type":"Polygon","coordinates":[[[-80.1941241414042,25.7946523668292],[-80.1939930054593,25.7951669725048],[-80.1929997557635,25.7951971948817],[-80.192997133335,25.7951425692559],[-80.1929808176031,25.7947550109673],[-80.1929787071769,25.794687797149],[-80.1940289445254,25.7946561007062],[-80.1941241414042,25.7946523668292]]]},"properties":{"FID":1096,"M21_ZONE":"T6-8-O","Map_Code":"T6-8","Transect":"T6","Transect_D":"Urban Core Zone","Bldg_Heigh":"8","Intensity":"O","FLR":" ","Enact":"13114","Shape_STAr":65238.9355899,"Shape_STLe":1081.37189484,"Shape__Area":7507.669921875,"Shape__Length":366.52025454175021}},{"type":"Feature","id":1101,"geometry":{"type":"Polygon","coordinates":[[[-80.1971062915328,25.791307572466],[-80.1971135918397,25.7915497942565],[-80.1966453737963,25.7915639458328],[-80.1966384777398,25.7913265346777],[-80.1971062915328,25.791307572466]]]},"properties":{"FID":1101,"M21_ZONE":"CI","Map_Code":"CI","Transect":"CI","Transect_D":"Civic Institution Zone","Bldg_Heigh":" ","Intensity":" ","FLR":" ","Enact":"13664","Shape_STAr":13438.0236547,"Shape_STLe":482.642220315,"Shape__Area":1546.353515625,"Shape__Length":163.60145641909045}},{"type":"Feature","id":1102,"geometry":{"type":"Polygon","coordinates":[[[-80.194656821223,25.7893890781156],[-80.19426105728,25.789402926455],[-80.1942609243651,25.7893039828227],[-80.1942585570602,25.7891613720291],[-80.1942557546592,25.7889925585506],[-80.193954115436,25.7890026885956],[-80.1938756971952,25.7890054187156],[-80.1938466823545,25.7882915681446],[-80.1942493760927,25.788276385419],[-80.1942506070489,25.7883804504559],[-80.1942520774569,25.7884952610424],[-80.1942507858857,25.7885994745801],[-80.1943725349524,25.7885972478171],[-80.1945423706239,25.7885942536954],[-80.1946381330632,25.7885921274305],[-80.194656821223,25.7893890781156]]]},"properties":{"FID":1102,"M21_ZONE":"T6-24B-O","Map_Code":"T6-24","Transect":"T6","Transect_D":"Urban Core Zone","Bldg_Heigh":"24","Intensity":"O","FLR":"B","Enact":"13739","Shape_STAr":70930.0630349,"Shape_STLe":1331.58431758,"Shape__Area":8161.771484375,"Shape__Length":451.97503797681628}},{"type":"Feature","id":1103,"geometry":{"type":"Polygon","coordinates":[[[-80.1939167729184,25.7908019993758],[-80.1939265742166,25.7911940548082],[-80.1939380213839,25.7916519214802],[-80.1931605269774,25.7916790336009],[-80.1927449366548,25.7916914010755],[-80.192507206472,25.7916984670557],[-80.1923523537808,25.7917031594603],[-80.1923475412373,25.7915007645142],[-80.1923469691053,25.7913073636232],[-80.1924563029235,25.7913055136798],[-80.1926776290777,25.7912967572266],[-80.1927265602307,25.7912948209336],[-80.1927297166022,25.7912948709473],[-80.1927531085077,25.7912952029667],[-80.1927752332881,25.7912955135077],[-80.1930555819483,25.7912839238603],[-80.1931508237043,25.7912806764436],[-80.1931334006135,25.7905658342208],[-80.1939102371719,25.7905405652806],[-80.1939167729184,25.7908019993758]]]},"properties":{"FID":1103,"M21_ZONE":"T6-24B-O","Map_Code":"T6-24","Transect":"T6","Transect_D":"Urban Core Zone","Bldg_Heigh":"24","Intensity":"O","FLR":"B","Enact":"13742","Shape_STAr":141730.889246,"Shape_STLe":1850.43894362,"Shape__Area":16309.3203125,"Shape__Length":627.499261464502}},{"type":"Feature","id":1113,"geometry":{"type":"Polygon","coordinates":[[[-80.2081249712745,25.7743573139428],[-80.2081209737355,25.7742263282033],[-80.2082779063362,25.7742232339042],[-80.2084288546094,25.7742202567237],[-80.2085790441089,25.7742172960207],[-80.2087292814861,25.7742143309096],[-80.2088826884804,25.7742113061495],[-80.20903782538,25.774208244595],[-80.2090420239002,25.7743457575956],[-80.2090499124186,25.7746041088397],[-80.2090566100418,25.7746762454887],[-80.2082996691907,25.7746985417653],[-80.2082902480827,25.774627506853],[-80.2082819164132,25.7743546096565],[-80.2081249712745,25.7743573139428]]]},"properties":{"FID":1113,"M21_ZONE":"T6-8-O","Map_Code":"T6-8","Transect":"T6","Transect_D":"Urban Core Zone","Bldg_Heigh":"8","Intensity":"O","FLR":" ","Enact":"14273","Shape_STAr":45367.8592072,"Shape_STLe":945.823561944,"Shape__Area":5219.158203125,"Shape__Length":320.56202891015624}},{"type":"Feature","id":1114,"geometry":{"type":"Polygon","coordinates":[[[-80.2090209664389,25.74978737871],[-80.2088016773104,25.7498285228223],[-80.2087812117247,25.7498333220674],[-80.2085611018973,25.7498507377729],[-80.2082786552076,25.7498730884464],[-80.208007120303,25.7498945726967],[-80.2077169288477,25.7499175318706],[-80.2076626723344,25.7499217291725],[-80.207430384222,25.7499402025077],[-80.2070224316863,25.7499720350798],[-80.2068744365571,25.7499697487233],[-80.2067068526111,25.7499692989177],[-80.2068932780027,25.7498338573598],[-80.20726151133,25.749570389848],[-80.207325474108,25.7496407741402],[-80.2074112248884,25.749744557886],[-80.207638615687,25.7496813223438],[-80.2076865317094,25.7496679972034],[-80.2077210080699,25.7496584099348],[-80.2079766804379,25.7496344063747],[-80.2082536755015,25.7496098070072],[-80.2085310943257,25.7495851687942],[-80.2086849139033,25.7495715054052],[-80.20877827766,25.7495071064046],[-80.2090209664389,25.74978737871]]]},"properties":{"FID":1114,"M21_ZONE":"T3-O","Map_Code":"T3","Transect":"T3","Transect_D":"Sub-Urban Zone","Bldg_Heigh":" ","Intensity":"O","FLR":" ","Enact":"13741","Shape_STAr":65379.2848984,"Shape_STLe":1672.69675395,"Shape__Area":7518.193359375,"Shape__Length":566.15054420237152}},{"type":"Feature","id":1117,"geometry":{"type":"Polygon","coordinates":[[[-80.1952379833399,25.7750625989724],[-80.1954613589041,25.7750542696768],[-80.1956014142556,25.7750612785628],[-80.1955925201591,25.7751342375556],[-80.1956027282037,25.7754844157664],[-80.1955641158179,25.7755542154743],[-80.1955375044208,25.7755969722244],[-80.1953180281688,25.7756040721078],[-80.1952603762616,25.7756067554992],[-80.1952397698501,25.7751225962781],[-80.1952379833399,25.7750625989724]]]},"properties":{"FID":1117,"M21_ZONE":"T6-80-O","Map_Code":"T6-80","Transect":"T6","Transect_D":"Urban Core Zone","Bldg_Heigh":"80","Intensity":"O","FLR":" ","Enact":"13710","Shape_STAr":22287.4306649,"Shape_STLe":609.15424247399994,"Shape__Area":2563.9921875,"Shape__Length":206.76678015253449}},{"type":"Feature","id":1118,"geometry":{"type":"Polygon","coordinates":[[[-80.1938466823545,25.7882915681446],[-80.1938756971952,25.7890054187156],[-80.1938799233,25.7891744594249],[-80.1937985851277,25.7891762255383],[-80.1934901835651,25.7891878110144],[-80.1934853705157,25.7890227847373],[-80.1931696660354,25.7890334760461],[-80.193079953517,25.7890361620447],[-80.1930610065979,25.7883127332908],[-80.1933608246183,25.7883002291262],[-80.1938466823545,25.7882915681446]]]},"properties":{"FID":1118,"M21_ZONE":"T6-24B-O","Map_Code":"T6-24","Transect":"T6","Transect_D":"Urban Core Zone","Bldg_Heigh":"24","Intensity":"O","FLR":"B","Enact":"13619","Shape_STAr":76138.700703,"Shape_STLe":1164.63660278,"Shape__Area":8761.09765625,"Shape__Length":395.17948122071493}}]}